CustomerID,Churn,Tenure,PreferredLoginDevice,CityTier,WarehouseToHome,PreferredPaymentMode,Gender,HourSpendOnApp,NumberOfDeviceRegistered,PreferedOrderCat,SatisfactionScore,MaritalStatus,NumberOfAddress,Complain,OrderAmountHikeFromlastYear,CouponUsed,OrderCount,DaySinceLastOrder,CashbackAmount,R_score,F_score,M_score,rfm_total,rfm_segment
50001,1,4.0,Mobile,3,6.0,Debit Card,Female,3.0,3,Laptop & Accessory,2,Single,9,1,11.0,1.0,1.0,5.0,159.93,2,2,3,7,Hibernating
50002,1,,Mobile,1,8.0,UPI,Male,3.0,4,Mobile,3,Single,7,1,15.0,0.0,1.0,0.0,120.9,5,1,1,7,Recent Customers
50003,1,,Mobile,1,30.0,Debit Card,Male,2.0,4,Mobile,3,Single,6,1,14.0,0.0,1.0,3.0,120.28,3,1,1,5,Hibernating
50004,1,0.0,Mobile,3,15.0,Debit Card,Male,2.0,4,Laptop & Accessory,5,Single,8,0,23.0,0.0,1.0,3.0,134.07,3,1,1,5,Hibernating
50005,1,0.0,Mobile,1,12.0,Credit Card,Male,,3,Mobile,5,Single,3,0,11.0,1.0,1.0,3.0,129.6,3,1,1,5,Hibernating
50006,1,0.0,Computer,1,22.0,Debit Card,Female,3.0,5,Mobile Phone,5,Single,2,1,22.0,4.0,6.0,7.0,139.19,2,5,1,8,At Risk
50007,1,,Mobile,3,11.0,Cash on Delivery,Male,2.0,3,Laptop & Accessory,2,Divorced,4,0,14.0,0.0,1.0,0.0,120.86,5,1,1,7,Recent Customers
50008,1,,Mobile,1,6.0,Credit Card,Male,3.0,3,Mobile,2,Divorced,3,1,16.0,2.0,2.0,0.0,122.93,5,2,1,8,Recent Customers
50009,1,13.0,Mobile,3,9.0,E wallet,Male,,4,Mobile,3,Divorced,2,1,14.0,0.0,1.0,2.0,126.83,4,1,1,6,Recent Customers
50010,1,,Mobile,1,31.0,Debit Card,Male,2.0,5,Mobile,3,Single,2,0,12.0,1.0,1.0,1.0,122.93,4,1,1,6,Recent Customers
50011,1,4.0,Mobile,1,18.0,Cash on Delivery,Female,2.0,3,Others,3,Divorced,2,0,,9.0,15.0,8.0,295.45,2,5,5,12,Champions
50012,1,11.0,Mobile,1,6.0,Debit Card,Male,3.0,4,Fashion,3,Single,10,1,13.0,0.0,1.0,0.0,153.81,5,2,3,10,Recent Customers
50013,1,0.0,Mobile,1,11.0,Cash on Delivery,Male,2.0,3,Mobile,3,Single,2,1,13.0,2.0,2.0,2.0,134.41,4,2,1,7,Recent Customers
50014,1,0.0,Mobile,1,15.0,Credit Card,Male,3.0,4,Mobile,3,Divorced,1,1,17.0,0.0,1.0,0.0,133.88,5,1,1,7,Recent Customers
50015,1,9.0,Mobile,3,15.0,Credit Card,Male,3.0,4,Fashion,2,Single,2,0,16.0,0.0,4.0,7.0,196.19,2,4,4,10,Champions
50016,1,,Mobile,2,12.0,UPI,Male,3.0,3,Mobile,5,Married,5,1,22.0,1.0,1.0,2.0,120.73,4,1,1,6,Recent Customers
50017,1,0.0,Computer,1,12.0,Debit Card,Female,,4,Mobile,2,Single,2,1,18.0,1.0,1.0,0.0,129.26,5,1,1,7,Recent Customers
50018,1,0.0,Mobile,3,11.0,E wallet,Male,2.0,4,Laptop & Accessory,3,Single,2,1,11.0,1.0,1.0,3.0,157.44,3,2,3,8,Hibernating
50019,1,0.0,Computer,1,13.0,Debit Card,Male,3.0,5,Laptop & Accessory,3,Single,2,1,24.0,1.0,1.0,6.0,160.74,2,2,3,7,Hibernating
50020,1,19.0,Mobile,1,20.0,Debit Card,Female,3.0,3,Mobile Phone,4,Divorced,10,1,18.0,1.0,4.0,3.0,149.63,3,4,2,9,Hibernating
50021,1,0.0,Mobile,3,12.0,Debit Card,Male,3.0,5,Laptop & Accessory,3,Divorced,5,1,18.0,6.0,7.0,7.0,161.72,2,5,3,10,Loyal
50022,1,20.0,Mobile,1,29.0,Credit Card,Female,3.0,3,Fashion,2,Divorced,2,0,12.0,11.0,15.0,6.0,203.12,2,5,4,11,Champions
50023,1,,Mobile,3,28.0,E wallet,Male,2.0,3,Mobile Phone,3,Single,2,1,19.0,0.0,1.0,0.0,116.75,5,1,1,7,Recent Customers
50024,1,0.0,Mobile,3,26.0,Debit Card,Female,3.0,5,Laptop & Accessory,3,Divorced,4,1,11.0,1.0,2.0,2.0,145.59,4,2,2,8,Recent Customers
50025,1,14.0,Computer,1,14.0,Debit Card,Male,2.0,5,Fashion,2,Single,3,0,15.0,0.0,1.0,3.0,206.5,3,2,4,9,Hibernating
50026,1,0.0,Mobile,1,15.0,Credit Card,Female,2.0,3,Mobile Phone,5,Single,8,0,22.0,1.0,1.0,4.0,142.0,2,1,2,5,Hibernating
50027,0,8.0,Mobile,3,6.0,E wallet,Male,3.0,3,Fashion,4,Divorced,2,0,13.0,1.0,1.0,6.0,172.95,2,2,3,7,Hibernating
50028,0,,Mobile,3,12.0,E wallet,Male,2.0,3,Laptop & Accessory,3,Divorced,3,1,20.0,0.0,4.0,5.0,123.06,2,4,1,7,At Risk
50029,0,18.0,Mobile,1,,Debit Card,Male,2.0,3,Laptop & Accessory,4,Married,9,0,18.0,1.0,1.0,15.0,123.48,1,1,1,3,Hibernating
50030,0,5.0,Computer,3,14.0,E wallet,Female,2.0,3,Fashion,2,Single,2,0,14.0,2.0,3.0,7.0,189.98,2,4,4,10,Champions
50031,0,2.0,Computer,1,6.0,Cash on Delivery,Male,2.0,3,Laptop & Accessory,3,Divorced,2,0,13.0,0.0,1.0,9.0,143.19,1,1,2,4,Hibernating
50032,0,0.0,Mobile,1,13.0,Credit Card,Male,2.0,4,Laptop & Accessory,3,Divorced,3,0,17.0,1.0,1.0,0.0,161.32,5,2,3,10,Recent Customers
50033,0,30.0,Mobile,1,15.0,Credit Card,Female,3.0,4,Mobile,4,Divorced,5,1,20.0,1.0,1.0,0.0,133.46,5,1,1,7,Recent Customers
50034,0,13.0,Mobile,3,10.0,E wallet,Male,3.0,4,Fashion,2,Divorced,8,0,11.0,2.0,2.0,11.0,208.55,1,4,4,9,Champions
50035,0,,Computer,3,8.0,E wallet,Female,3.0,3,Mobile,3,Divorced,7,0,18.0,1.0,1.0,2.0,122.31,4,1,1,6,Recent Customers
50036,0,0.0,Mobile,1,,Credit Card,Male,3.0,3,Mobile,2,Divorced,2,0,24.0,0.0,2.0,2.0,123.23,4,2,1,7,Recent Customers
50037,0,,Computer,1,15.0,Credit Card,Male,2.0,3,Mobile,4,Married,7,0,18.0,0.0,2.0,2.0,120.24,4,2,1,7,Recent Customers
50038,0,1.0,Mobile,1,27.0,Credit Card,Male,,3,Mobile,2,Divorced,2,0,11.0,0.0,1.0,2.0,127.13,4,1,1,6,Recent Customers
50039,0,30.0,Mobile,1,30.0,Debit Card,Male,2.0,2,Fashion,2,Married,4,1,16.0,1.0,1.0,4.0,194.39,2,2,4,8,Hibernating
50040,0,0.0,Computer,1,,Credit Card,Male,3.0,4,Mobile,3,Married,2,1,15.0,0.0,1.0,1.0,125.66,4,1,1,6,Recent Customers
50041,0,23.0,Mobile,1,17.0,Debit Card,Female,2.0,3,Others,4,Single,4,0,,2.0,4.0,4.0,299.26,3,4,5,12,Champions
50042,0,14.0,Mobile,1,,Debit Card,Male,2.0,3,Mobile,3,Married,5,0,12.0,1.0,1.0,8.0,124.51,1,1,1,3,Hibernating
50043,0,3.0,Mobile,3,11.0,Debit Card,Female,2.0,3,Fashion,2,Divorced,3,0,12.0,2.0,7.0,4.0,194.19,3,5,4,12,Champions
50044,0,11.0,Mobile,3,6.0,Debit Card,Female,2.0,4,Laptop & Accessory,2,Single,5,0,22.0,1.0,1.0,1.0,186.86,4,2,4,10,Recent Customers
50045,0,5.0,Mobile,1,12.0,Debit Card,Male,,3,Mobile,3,Single,4,0,20.0,0.0,1.0,4.0,130.38,2,1,1,4,Hibernating
50046,0,0.0,Mobile,1,23.0,Cash on Delivery,Male,,3,Mobile,4,Divorced,1,1,16.0,1.0,1.0,1.0,130.58,4,1,1,6,Recent Customers
50047,1,0.0,Computer,3,,Cash on Delivery,Female,3.0,5,Mobile,5,Single,1,0,21.0,1.0,1.0,0.0,123.25,5,1,1,7,Recent Customers
50048,0,,Computer,1,9.0,Credit Card,Male,1.0,3,Mobile,4,Single,5,0,12.0,4.0,7.0,2.0,120.88,4,5,1,10,Hibernating
50049,0,3.0,Computer,1,15.0,Credit Card,Male,,3,Laptop & Accessory,5,Married,2,0,11.0,0.0,6.0,10.0,130.72,1,5,1,7,At Risk
50050,0,18.0,Mobile,3,10.0,Debit Card,Female,1.0,3,Laptop & Accessory,5,Married,5,1,11.0,0.0,1.0,3.0,150.06,3,1,2,6,Hibernating
50051,0,29.0,Mobile,1,14.0,Debit Card,Female,3.0,3,Mobile Phone,5,Married,5,1,18.0,1.0,2.0,2.0,142.57,4,2,2,8,Recent Customers
50052,0,6.0,Mobile,1,,Debit Card,Male,2.0,3,Mobile,2,Single,1,0,14.0,0.0,1.0,2.0,125.0,4,1,1,6,Recent Customers
50053,1,0.0,Mobile,1,8.0,Debit Card,Male,2.0,4,Mobile Phone,2,Single,2,0,22.0,0.0,1.0,0.0,111.02,5,1,1,7,Recent Customers
50054,0,19.0,Mobile,3,6.0,E wallet,Female,3.0,3,Fashion,5,Married,2,0,25.0,4.0,15.0,7.0,204.53,2,5,4,11,Champions
50055,0,,Mobile,1,15.0,Debit Card,Female,3.0,3,Mobile,2,Single,2,0,12.0,1.0,2.0,1.0,122.88,4,2,1,7,Recent Customers
50056,0,4.0,Mobile,1,18.0,Credit Card,Female,3.0,3,Mobile Phone,2,Divorced,9,1,23.0,1.0,1.0,2.0,139.29,4,1,1,6,Recent Customers
50057,0,,Mobile,1,33.0,Credit Card,Female,3.0,3,Mobile,4,Single,3,0,15.0,1.0,1.0,2.0,123.11,4,1,1,6,Recent Customers
50058,1,4.0,Mobile,3,26.0,E wallet,Female,,3,Mobile,4,Single,2,1,22.0,0.0,1.0,2.0,131.4,4,1,1,6,Recent Customers
50059,0,23.0,Mobile,1,6.0,Credit Card,Male,2.0,4,Mobile Phone,3,Divorced,3,0,15.0,0.0,1.0,2.0,136.9,4,1,1,6,Recent Customers
50060,0,26.0,Mobile,1,19.0,Credit Card,Female,2.0,2,Laptop & Accessory,5,Married,2,0,11.0,1.0,1.0,3.0,144.5,3,1,2,6,Hibernating
50061,0,6.0,Mobile,1,20.0,Credit Card,Female,,3,Mobile,4,Divorced,2,0,13.0,0.0,1.0,6.0,127.56,2,1,1,4,Hibernating
50062,0,13.0,Mobile,1,10.0,Credit Card,Female,2.0,3,Others,3,Divorced,2,0,14.0,,9.0,9.0,290.33,1,5,5,11,Champions
50063,0,28.0,Mobile,1,20.0,Credit Card,Male,3.0,2,Others,4,Single,9,0,11.0,,2.0,15.0,287.22,1,4,5,10,Champions
50064,0,7.0,Computer,1,8.0,Debit Card,Male,2.0,4,Laptop & Accessory,3,Divorced,2,0,17.0,0.0,1.0,9.0,195.47,1,2,4,7,Hibernating
50065,0,24.0,Mobile,1,9.0,Credit Card,Female,3.0,3,Grocery,4,Single,4,0,18.0,0.0,,0.0,237.34,5,5,5,15,Champions
50066,0,25.0,Mobile,1,6.0,Debit Card,Male,3.0,4,Others,3,Divorced,1,0,,1.0,11.0,9.0,299.99,1,5,5,11,Champions
50067,0,,Mobile,1,15.0,Credit Card,Female,2.0,3,Mobile,4,Single,2,0,16.0,1.0,1.0,3.0,122.79,3,1,1,5,Hibernating
50068,1,0.0,Mobile,1,29.0,Debit Card,Male,2.0,4,Laptop & Accessory,3,Divorced,4,1,13.0,1.0,1.0,1.0,159.16,4,2,3,9,Recent Customers
50069,0,,Computer,1,13.0,Credit Card,Male,2.0,2,Mobile,2,Married,5,0,14.0,0.0,2.0,2.0,120.89,4,2,1,7,Recent Customers
50070,0,18.0,Computer,1,8.0,Credit Card,Male,3.0,4,Grocery,2,Divorced,10,0,23.0,,11.0,8.0,267.92,2,5,5,12,Champions
50071,0,10.0,Mobile,1,27.0,Debit Card,Male,3.0,2,Mobile Phone,5,Divorced,2,1,12.0,0.0,1.0,7.0,135.64,2,1,1,4,Hibernating
50072,0,8.0,Computer,1,8.0,Credit Card,Female,2.0,3,Laptop & Accessory,4,Single,6,0,11.0,1.0,1.0,2.0,144.25,4,1,2,7,Recent Customers
50073,0,15.0,Computer,1,27.0,Credit Card,Female,2.0,3,Laptop & Accessory,3,Married,3,0,16.0,0.0,1.0,2.0,152.65,4,1,2,7,Recent Customers
50074,0,11.0,Mobile,1,8.0,Debit Card,Male,2.0,3,Laptop & Accessory,3,Divorced,10,0,14.0,0.0,1.0,0.0,165.53,5,2,3,10,Recent Customers
50075,0,11.0,Mobile,1,35.0,Cash on Delivery,Male,2.0,3,Laptop & Accessory,2,Divorced,4,0,18.0,0.0,1.0,7.0,162.61,2,2,3,7,Hibernating
50076,0,0.0,Computer,1,6.0,Cash on Delivery,Male,2.0,4,Laptop & Accessory,5,Divorced,6,0,19.0,0.0,2.0,0.0,142.98,5,2,2,9,Recent Customers
50077,0,22.0,Computer,1,24.0,Debit Card,Male,3.0,3,Laptop & Accessory,2,Married,2,1,15.0,0.0,1.0,7.0,168.04,2,2,3,7,Hibernating
50078,0,7.0,Computer,1,16.0,Credit Card,Male,2.0,3,Mobile Phone,3,Married,2,1,17.0,2.0,2.0,0.0,138.15,5,2,1,8,Recent Customers
50079,0,13.0,Mobile,1,25.0,Credit Card,Male,,3,Laptop & Accessory,2,Divorced,9,1,15.0,1.0,3.0,7.0,127.41,2,4,1,7,At Risk
50080,1,1.0,Mobile,1,35.0,Credit Card,Male,3.0,3,Laptop & Accessory,5,Divorced,8,1,19.0,0.0,1.0,0.0,166.73,5,2,3,10,Recent Customers
50081,1,0.0,Mobile,3,33.0,E wallet,Female,2.0,3,Fashion,2,Divorced,2,0,22.0,1.0,1.0,9.0,176.39,1,2,4,7,Hibernating
50082,0,0.0,Mobile,1,,Debit Card,Male,2.0,2,Mobile,4,Married,2,1,16.0,0.0,2.0,2.0,123.28,4,2,1,7,Recent Customers
50083,0,,Computer,1,24.0,Credit Card,Female,3.0,3,Mobile,2,Single,2,0,13.0,1.0,1.0,7.0,121.53,2,1,1,4,Hibernating
50084,0,13.0,Computer,1,15.0,Debit Card,Male,3.0,4,Laptop & Accessory,2,Divorced,10,0,14.0,1.0,1.0,2.0,148.76,4,1,2,7,Recent Customers
50085,0,19.0,Mobile,1,6.0,Credit Card,Male,3.0,3,Fashion,5,Married,8,0,16.0,0.0,1.0,3.0,193.96,3,2,4,9,Hibernating
50086,1,0.0,Mobile,3,10.0,Credit Card,Male,2.0,5,Fashion,2,Divorced,2,0,11.0,7.0,9.0,8.0,204.0,2,5,4,11,Champions
50087,0,3.0,Computer,1,6.0,Debit Card,Male,2.0,4,Fashion,3,Single,2,0,22.0,2.0,5.0,8.0,184.74,1,4,4,9,Champions
50088,0,0.0,Computer,3,26.0,Debit Card,Female,2.0,3,Laptop & Accessory,3,Single,2,0,14.0,1.0,1.0,7.0,199.81,2,2,4,8,Hibernating
50089,0,24.0,Mobile,1,14.0,Debit Card,Male,2.0,4,Fashion,4,Divorced,6,0,16.0,1.0,4.0,,224.9,5,4,5,14,Champions
50090,1,0.0,Mobile,1,,Cash on Delivery,Female,2.0,3,Mobile,5,Single,6,1,11.0,1.0,1.0,4.0,126.57,2,1,1,4,Hibernating
50091,0,14.0,Mobile,3,12.0,Debit Card,Female,3.0,3,Fashion,2,Single,4,1,18.0,0.0,,0.0,235.91000000000005,5,5,5,15,Champions
50092,1,0.0,Computer,3,32.0,E wallet,Female,2.0,4,Laptop & Accessory,5,Single,6,0,15.0,0.0,1.0,1.0,166.96,4,2,3,9,Recent Customers
50093,1,,Mobile,1,6.0,Cash on Delivery,Male,2.0,3,Mobile,3,Single,1,0,14.0,0.0,1.0,5.0,120.58,2,1,1,4,Hibernating
50094,0,18.0,Computer,3,12.0,Credit Card,Female,2.0,4,Fashion,2,Single,7,0,12.0,12.0,12.0,8.0,188.65,2,5,4,11,Champions
50095,0,27.0,Mobile,3,9.0,E wallet,Female,2.0,3,Laptop & Accessory,5,Divorced,3,0,14.0,1.0,1.0,5.0,159.4,2,2,3,7,Hibernating
50096,0,9.0,Mobile,1,11.0,Debit Card,Male,3.0,3,Laptop & Accessory,4,Single,9,0,16.0,0.0,3.0,7.0,159.14,2,4,3,9,Loyal
50097,0,6.0,Mobile,1,,Credit Card,Female,2.0,4,Mobile,4,Divorced,7,0,21.0,0.0,1.0,1.0,126.22,4,1,1,6,Recent Customers
50098,0,10.0,Computer,1,17.0,UPI,Male,2.0,3,Fashion,2,Married,2,1,14.0,0.0,1.0,,221.85,5,2,5,12,Recent Customers
50099,0,11.0,Mobile,3,9.0,Debit Card,Male,3.0,3,Fashion,3,Married,1,0,12.0,1.0,5.0,13.0,206.09,1,4,4,9,Champions
50100,0,4.0,Computer,1,6.0,Credit Card,Male,2.0,5,Laptop & Accessory,3,Divorced,1,0,12.0,1.0,1.0,4.0,143.45,2,1,2,5,Hibernating
50101,0,,Mobile,1,9.0,Debit Card,Male,3.0,4,Mobile,2,Divorced,4,0,17.0,0.0,1.0,0.0,121.77,5,1,1,7,Recent Customers
50102,0,10.0,Computer,3,10.0,E wallet,Male,2.0,3,Mobile Phone,2,Married,5,0,17.0,1.0,5.0,8.0,0.0,1,4,1,6,At Risk
50103,0,2.0,Computer,3,6.0,Credit Card,Female,2.0,3,Fashion,2,Divorced,2,0,14.0,4.0,4.0,1.0,179.18,5,4,4,13,Champions
50104,0,8.0,Computer,3,6.0,E wallet,Female,3.0,3,Fashion,3,Single,2,0,14.0,1.0,1.0,8.0,187.89,1,2,4,7,Hibernating
50105,1,0.0,Mobile,1,,Credit Card,Male,2.0,4,Mobile,2,Single,2,1,13.0,0.0,1.0,1.0,123.89,4,1,1,6,Recent Customers
50106,0,25.0,Mobile,1,8.0,Debit Card,Female,2.0,4,Mobile,2,Single,8,0,15.0,0.0,2.0,2.0,132.12,4,2,1,7,Recent Customers
50107,0,15.0,Mobile,1,10.0,Cash on Delivery,Male,2.0,3,Others,2,Divorced,2,0,,0.0,11.0,15.0,292.32,1,5,5,11,Champions
50108,0,,Mobile,2,12.0,Credit Card,Male,2.0,3,Mobile,3,Divorced,9,0,17.0,2.0,2.0,2.0,122.67,4,2,1,7,Recent Customers
50109,0,23.0,Mobile,3,6.0,Credit Card,Female,3.0,3,Others,2,Married,4,0,,1.0,1.0,6.0,295.17,2,2,5,9,Hibernating
50110,1,0.0,Mobile,1,,Credit Card,Male,2.0,3,Mobile,2,Divorced,6,1,13.0,0.0,1.0,4.0,124.36,2,1,1,4,Hibernating
50111,0,16.0,Mobile,3,22.0,E wallet,Female,3.0,3,Grocery,2,Divorced,6,1,22.0,0.0,,9.0,260.64,1,5,5,11,Champions
50112,1,0.0,Mobile,1,8.0,Debit Card,Female,,3,Mobile,5,Divorced,8,0,20.0,1.0,1.0,7.0,127.07,2,1,1,4,Hibernating
50113,0,25.0,Computer,3,8.0,Debit Card,Male,3.0,4,Others,3,Single,2,1,18.0,,15.0,12.0,290.68,1,5,5,11,Champions
50114,0,5.0,Mobile,3,10.0,Debit Card,Female,2.0,3,Mobile Phone,4,Divorced,3,0,11.0,1.0,1.0,2.0,139.31,4,1,1,6,Recent Customers
50115,1,0.0,Mobile,1,6.0,Debit Card,Male,3.0,4,Mobile Phone,3,Single,1,1,14.0,1.0,1.0,2.0,137.3,4,1,1,6,Recent Customers
50116,0,,Mobile,1,6.0,Credit Card,Female,3.0,3,Mobile,3,Married,8,0,14.0,0.0,1.0,2.0,122.32,4,1,1,6,Recent Customers
50117,0,5.0,Computer,3,32.0,E wallet,Male,3.0,3,Laptop & Accessory,2,Divorced,1,0,18.0,1.0,2.0,2.0,144.65,4,2,2,8,Recent Customers
50118,0,14.0,Mobile,1,25.0,Debit Card,Male,,3,Laptop & Accessory,5,Married,3,0,16.0,1.0,1.0,0.0,130.72,5,1,1,7,Recent Customers
50119,0,13.0,Mobile,1,30.0,Cash on Delivery,Male,3.0,3,Laptop & Accessory,2,Married,2,0,17.0,2.0,4.0,7.0,133.19,2,4,1,7,At Risk
50120,0,18.0,Mobile,1,6.0,UPI,Male,3.0,2,Others,2,Divorced,1,0,,1.0,1.0,7.0,292.02,2,2,5,9,Hibernating
50121,0,4.0,Computer,1,9.0,Credit Card,Male,3.0,3,Fashion,3,Married,10,0,12.0,1.0,,2.0,236.75,4,5,5,14,Champions
50122,0,6.0,Mobile,1,11.0,Debit Card,Female,,4,Mobile,2,Divorced,2,0,13.0,0.0,1.0,2.0,129.11,4,1,1,6,Recent Customers
50123,0,7.0,Mobile,1,8.0,Debit Card,Male,2.0,4,Laptop & Accessory,5,Divorced,7,0,13.0,0.0,5.0,9.0,159.57,1,4,3,8,Loyal
50124,0,10.0,Mobile,1,6.0,Credit Card,Female,2.0,4,Mobile Phone,5,Divorced,3,0,14.0,1.0,1.0,2.0,139.2,4,1,1,6,Recent Customers
50125,0,18.0,Computer,1,13.0,Debit Card,Male,3.0,2,Laptop & Accessory,3,Divorced,5,0,17.0,0.0,1.0,2.0,164.34,4,2,3,9,Recent Customers
50126,1,0.0,Computer,1,16.0,Credit Card,Male,3.0,3,Fashion,3,Married,7,0,11.0,1.0,1.0,0.0,200.48,5,2,4,11,Recent Customers
50127,0,12.0,Computer,1,8.0,Cash on Delivery,Female,3.0,3,Fashion,3,Single,1,0,25.0,10.0,11.0,,209.38,5,5,5,15,Champions
50128,0,2.0,Mobile,1,,Debit Card,Male,2.0,3,Mobile,2,Single,2,0,19.0,0.0,1.0,5.0,123.4,2,1,1,4,Hibernating
50129,0,15.0,Mobile,1,23.0,Debit Card,Female,2.0,2,Laptop & Accessory,5,Single,4,1,13.0,0.0,1.0,2.0,165.45,4,2,3,9,Recent Customers
50130,0,2.0,Mobile,3,26.0,E wallet,Male,2.0,3,Laptop & Accessory,2,Married,3,0,14.0,1.0,1.0,2.0,169.31,4,2,3,9,Recent Customers
50131,0,0.0,Mobile,1,6.0,Debit Card,Female,3.0,3,Laptop & Accessory,3,Divorced,1,0,12.0,1.0,1.0,2.0,148.98,4,1,2,7,Recent Customers
50132,0,15.0,Mobile,1,,Credit Card,Female,2.0,4,Mobile,5,Married,1,1,11.0,4.0,7.0,8.0,125.93,1,5,1,7,At Risk
50133,0,13.0,Mobile,1,8.0,Credit Card,Male,2.0,3,Others,3,Married,1,0,,0.0,3.0,9.0,294.36,1,4,5,10,Champions
50134,0,24.0,Mobile,1,6.0,Debit Card,Male,,3,Mobile,2,Divorced,2,0,11.0,1.0,1.0,0.0,127.23,5,1,1,7,Recent Customers
50135,1,0.0,Computer,1,35.0,Credit Card,Male,3.0,4,Mobile,4,Single,1,0,11.0,1.0,1.0,4.0,134.79,2,1,1,4,Hibernating
50136,0,5.0,Computer,1,13.0,Debit Card,Male,,2,Mobile,4,Divorced,2,0,20.0,0.0,1.0,3.0,127.94,3,1,1,5,Hibernating
50137,0,11.0,Computer,3,8.0,Debit Card,Male,2.0,4,Laptop & Accessory,2,Divorced,4,0,18.0,6.0,7.0,5.0,152.49,2,5,2,9,At Risk
50138,0,,Mobile,1,8.0,Cash on Delivery,Male,2.0,4,Laptop & Accessory,5,Single,5,0,13.0,0.0,1.0,4.0,121.76,2,1,1,4,Hibernating
50139,0,19.0,Mobile,3,8.0,Cash on Delivery,Female,3.0,5,Grocery,4,Divorced,4,1,12.0,,7.0,7.0,268.72,2,5,5,12,Champions
50140,1,0.0,Mobile,1,8.0,Debit Card,Male,3.0,3,Mobile,3,Single,3,0,11.0,1.0,1.0,0.0,134.85,5,1,1,7,Recent Customers
50141,0,2.0,Mobile,3,8.0,Credit Card,Male,3.0,4,Laptop & Accessory,4,Divorced,3,0,19.0,0.0,1.0,0.0,166.44,5,2,3,10,Recent Customers
50142,0,4.0,Mobile,1,29.0,Credit Card,Male,3.0,4,Laptop & Accessory,2,Divorced,1,0,21.0,1.0,7.0,8.0,155.82,1,5,3,9,Loyal
50143,0,0.0,Computer,1,11.0,Debit Card,Male,2.0,2,Laptop & Accessory,5,Married,2,0,12.0,1.0,1.0,5.0,140.0,2,1,1,4,Hibernating
50144,0,18.0,Mobile,1,26.0,Credit Card,Male,3.0,3,Grocery,2,Divorced,1,1,14.0,0.0,,10.0,234.96,1,5,5,11,Champions
50145,0,9.0,Mobile,1,12.0,Debit Card,Male,2.0,3,Mobile,2,Divorced,1,0,11.0,4.0,10.0,11.0,132.1,1,5,1,7,At Risk
50146,0,28.0,Mobile,1,6.0,Credit Card,Male,2.0,3,Others,5,Single,1,1,14.0,,4.0,13.0,290.45,1,4,5,10,Champions
50147,1,10.0,Computer,1,35.0,Debit Card,Male,2.0,3,Fashion,4,Divorced,2,1,12.0,5.0,9.0,,218.49,5,5,5,15,Champions
50148,0,,Mobile,1,15.0,Credit Card,Male,3.0,3,Mobile,2,Divorced,2,0,23.0,1.0,1.0,4.0,120.7,2,1,1,4,Hibernating
50149,0,10.0,Mobile,3,12.0,Credit Card,Male,3.0,3,Laptop & Accessory,2,Divorced,5,0,14.0,0.0,1.0,1.0,165.02,4,2,3,9,Recent Customers
50150,0,0.0,Mobile,1,9.0,Credit Card,Male,3.0,4,Mobile,3,Single,2,0,17.0,1.0,1.0,0.0,132.3,5,1,1,7,Recent Customers
50151,0,10.0,Computer,1,6.0,Credit Card,Female,0.0,3,Fashion,2,Married,3,1,18.0,0.0,,2.0,236.03,4,5,5,14,Champions
50152,0,2.0,Mobile,1,28.0,Debit Card,Female,3.0,2,Fashion,4,Married,8,0,18.0,5.0,6.0,,219.96,5,5,5,15,Champions
50153,0,11.0,Mobile,3,13.0,Credit Card,Female,2.0,2,Laptop & Accessory,5,Married,2,1,24.0,0.0,7.0,7.0,156.05,2,5,3,10,Loyal
50154,0,0.0,Computer,1,6.0,Debit Card,Female,2.0,3,Laptop & Accessory,4,Married,2,0,20.0,0.0,1.0,4.0,163.97,2,2,3,7,Hibernating
50155,0,23.0,Mobile,1,10.0,Debit Card,Male,3.0,3,Others,4,Married,4,0,14.0,,1.0,6.0,291.44,2,2,5,9,Hibernating
50156,0,26.0,Mobile,1,9.0,Credit Card,Male,2.0,3,Grocery,3,Divorced,4,1,16.0,,1.0,3.0,275.84,3,2,5,10,Hibernating
50157,0,15.0,Mobile,3,6.0,Debit Card,Male,2.0,3,Laptop & Accessory,3,Divorced,2,0,25.0,4.0,11.0,6.0,149.07,2,5,2,9,At Risk
50158,0,2.0,Computer,3,8.0,Debit Card,Male,2.0,3,Laptop & Accessory,2,Single,2,0,18.0,0.0,1.0,9.0,145.54,1,1,2,4,Hibernating
50159,0,28.0,Mobile,1,26.0,Cash on Delivery,Male,2.0,3,Laptop & Accessory,2,Divorced,4,1,19.0,1.0,1.0,8.0,154.15,1,2,3,6,Hibernating
50160,0,0.0,Computer,1,17.0,Credit Card,Male,2.0,3,Laptop & Accessory,5,Divorced,2,1,13.0,2.0,3.0,3.0,147.41,3,4,2,9,Hibernating
50161,0,,Mobile,1,6.0,Debit Card,Female,2.0,3,Mobile,2,Single,2,0,12.0,1.0,5.0,7.0,121.15,2,4,1,7,At Risk
50162,1,7.0,Computer,1,30.0,Debit Card,Male,,3,Mobile,3,Married,4,1,22.0,0.0,1.0,0.0,131.61,5,1,1,7,Recent Customers
50163,0,11.0,Mobile,1,29.0,Debit Card,Male,2.0,3,Laptop & Accessory,2,Married,10,0,14.0,0.0,1.0,2.0,157.45,4,2,3,9,Recent Customers
50164,1,0.0,Mobile,1,,Credit Card,Male,2.0,3,Mobile,4,Married,3,1,13.0,1.0,1.0,2.0,123.73,4,1,1,6,Recent Customers
50165,0,1.0,Mobile,1,14.0,Debit Card,Female,3.0,3,Mobile,2,Single,2,0,21.0,0.0,1.0,2.0,133.1,4,1,1,6,Recent Customers
50166,0,22.0,Computer,1,16.0,Debit Card,Female,2.0,3,Others,5,Single,10,1,11.0,,1.0,2.0,286.65,4,2,5,11,Recent Customers
50167,0,9.0,Mobile,1,9.0,Cash on Delivery,Male,1.0,3,Laptop & Accessory,4,Single,5,0,12.0,6.0,7.0,7.0,144.85,2,5,2,9,At Risk
50168,0,4.0,Computer,3,11.0,E wallet,Female,,3,Mobile,4,Married,2,0,11.0,0.0,2.0,2.0,127.89,4,2,1,7,Recent Customers
50169,1,0.0,Mobile,3,10.0,E wallet,Male,2.0,4,Laptop & Accessory,2,Single,2,1,12.0,7.0,7.0,4.0,158.28,3,5,3,11,Loyal
50170,0,10.0,Computer,1,,Credit Card,Male,2.0,3,Mobile,2,Divorced,2,1,12.0,0.0,1.0,2.0,123.26,4,1,1,6,Recent Customers
50171,0,15.0,Computer,3,32.0,E wallet,Female,3.0,3,Grocery,4,Divorced,6,0,14.0,2.0,,8.0,235.25,2,5,5,12,Champions
50172,1,,Mobile,1,9.0,Debit Card,Male,2.0,3,Mobile Phone,3,Single,2,0,13.0,0.0,1.0,0.0,114.2,5,1,1,7,Recent Customers
50173,0,8.0,Mobile,3,22.0,E wallet,Male,3.0,3,Fashion,4,Divorced,1,0,15.0,3.0,6.0,9.0,180.2,1,5,4,10,Champions
50174,0,9.0,Computer,1,24.0,Debit Card,Male,2.0,2,Mobile Phone,2,Divorced,5,0,18.0,0.0,1.0,0.0,136.88,5,1,1,7,Recent Customers
50175,0,24.0,Mobile,1,8.0,Credit Card,Male,2.0,5,Laptop & Accessory,4,Married,6,0,18.0,0.0,1.0,2.0,154.82,4,2,3,9,Recent Customers
50176,0,14.0,Mobile,3,8.0,Debit Card,Male,2.0,3,Grocery,4,Single,2,0,19.0,1.0,,4.0,260.15,3,5,5,13,Champions
50177,0,0.0,Mobile,3,16.0,Credit Card,Female,3.0,4,Mobile Phone,3,Single,2,0,12.0,1.0,1.0,0.0,112.0,5,1,1,7,Recent Customers
50178,0,1.0,Mobile,1,22.0,Credit Card,Male,3.0,2,Laptop & Accessory,5,Single,1,0,19.0,0.0,1.0,7.0,156.61,2,2,3,7,Hibernating
50179,0,4.0,Mobile,3,13.0,Cash on Delivery,Male,3.0,2,Laptop & Accessory,2,Divorced,5,0,11.0,3.0,7.0,7.0,169.29,2,5,3,10,Loyal
50180,0,12.0,Mobile,1,6.0,Credit Card,Male,2.0,2,Fashion,2,Married,1,0,17.0,3.0,3.0,7.0,196.13,2,4,4,10,Champions
50181,0,9.0,Computer,1,30.0,Debit Card,Female,2.0,3,Laptop & Accessory,4,Divorced,8,0,15.0,0.0,1.0,8.0,156.74,1,2,3,6,Hibernating
50182,0,5.0,Mobile,3,13.0,Debit Card,Male,3.0,4,Laptop & Accessory,3,Divorced,2,0,14.0,1.0,4.0,8.0,154.84,1,4,3,8,Loyal
50183,0,11.0,Mobile,1,31.0,Debit Card,Female,2.0,4,Fashion,4,Divorced,4,0,17.0,1.0,1.0,,220.61,5,2,5,12,Recent Customers
50184,0,30.0,Computer,1,6.0,Debit Card,Male,2.0,5,Laptop & Accessory,3,Married,3,1,13.0,1.0,1.0,2.0,156.6,4,2,3,9,Recent Customers
50185,0,4.0,Mobile,1,11.0,Cash on Delivery,Male,2.0,3,Mobile Phone,2,Divorced,1,1,12.0,0.0,1.0,3.0,148.21,3,1,2,6,Hibernating
50186,0,4.0,Mobile,2,8.0,UPI,Male,3.0,4,Laptop & Accessory,5,Divorced,4,0,12.0,0.0,1.0,0.0,164.1,5,2,3,10,Recent Customers
50187,0,18.0,Computer,1,13.0,Debit Card,Male,3.0,3,Fashion,5,Married,2,0,18.0,5.0,9.0,11.0,152.1,1,5,2,8,At Risk
50188,0,4.0,Mobile,1,8.0,Debit Card,Male,,3,Mobile,2,Married,1,1,18.0,1.0,2.0,2.0,126.95,4,2,1,7,Recent Customers
50189,0,6.0,Computer,1,11.0,Debit Card,Female,3.0,3,Fashion,4,Divorced,7,0,11.0,2.0,8.0,,218.78,5,5,5,15,Champions
50190,0,12.0,Mobile,1,16.0,Credit Card,Male,2.0,3,Grocery,5,Divorced,2,1,14.0,,11.0,10.0,270.68,1,5,5,11,Champions
50191,0,16.0,Computer,1,,Debit Card,Female,2.0,3,Mobile,2,Single,1,0,19.0,0.0,1.0,7.0,124.55,2,1,1,4,Hibernating
50192,0,22.0,Mobile,1,6.0,Cash on Delivery,Female,2.0,4,Grocery,3,Single,8,1,12.0,1.0,,7.0,239.64,2,5,5,12,Champions
50193,1,15.0,Mobile,1,14.0,Credit Card,Male,2.0,4,Laptop & Accessory,4,Divorced,3,0,15.0,7.0,7.0,7.0,149.41,2,5,2,9,At Risk
50194,0,0.0,Mobile,1,,Debit Card,Female,2.0,3,Mobile,4,Single,2,1,12.0,0.0,1.0,2.0,124.78,4,1,1,6,Recent Customers
50195,0,5.0,Mobile,3,14.0,Cash on Delivery,Female,3.0,4,Laptop & Accessory,4,Divorced,2,1,11.0,6.0,11.0,9.0,152.28,1,5,2,8,At Risk
50196,0,0.0,Mobile,3,8.0,Debit Card,Male,3.0,3,Laptop & Accessory,3,Single,2,1,11.0,1.0,1.0,4.0,144.78,2,1,2,5,Hibernating
50197,0,4.0,Mobile,3,13.0,E wallet,Male,3.0,3,Laptop & Accessory,2,Married,5,0,12.0,0.0,1.0,7.0,175.47,2,2,4,8,Hibernating
50198,0,5.0,Mobile,1,8.0,Credit Card,Female,3.0,2,Laptop & Accessory,2,Single,8,0,16.0,1.0,1.0,7.0,150.55,2,1,2,5,Hibernating
50199,1,0.0,Mobile,1,8.0,Credit Card,Male,2.0,5,Mobile,2,Divorced,6,1,13.0,2.0,2.0,2.0,134.64,4,2,1,7,Recent Customers
50200,0,3.0,Mobile,1,34.0,Credit Card,Female,3.0,3,Laptop & Accessory,2,Divorced,2,0,13.0,0.0,1.0,9.0,157.75,1,2,3,6,Hibernating
50201,0,4.0,Computer,1,13.0,Debit Card,Female,2.0,4,Fashion,3,Divorced,2,0,24.0,3.0,8.0,9.0,189.43,1,5,4,10,Champions
50202,0,12.0,Computer,1,5.0,Credit Card,Male,2.0,4,Others,2,Divorced,2,0,,9.0,13.0,3.0,292.72,4,5,5,14,Champions
50203,1,2.0,Mobile,3,9.0,Credit Card,Female,2.0,3,Laptop & Accessory,3,Divorced,5,1,18.0,1.0,1.0,0.0,152.38,5,1,2,8,Recent Customers
50204,0,6.0,Computer,3,16.0,E wallet,Male,2.0,4,Laptop & Accessory,2,Single,4,0,14.0,1.0,1.0,1.0,146.82,4,1,2,7,Recent Customers
50205,0,20.0,Mobile,1,11.0,Debit Card,Male,2.0,3,Others,3,Divorced,5,0,11.0,,1.0,1.0,283.0,4,2,5,11,Recent Customers
50206,0,16.0,Computer,1,16.0,Debit Card,Female,2.0,4,Laptop & Accessory,3,Married,2,0,11.0,0.0,1.0,0.0,152.57,5,1,2,8,Recent Customers
50207,0,0.0,Computer,3,6.0,E wallet,Male,3.0,3,Laptop & Accessory,4,Divorced,1,1,13.0,0.0,1.0,4.0,163.49,2,2,3,7,Hibernating
50208,0,27.0,Computer,1,26.0,Debit Card,Female,2.0,3,Laptop & Accessory,3,Single,4,0,12.0,1.0,1.0,3.0,148.69,3,1,2,6,Hibernating
50209,0,16.0,Mobile,1,13.0,Debit Card,Female,2.0,3,Fashion,5,Divorced,9,0,16.0,1.0,1.0,0.0,199.85,5,2,4,11,Recent Customers
50210,0,18.0,Mobile,1,14.0,UPI,Male,3.0,3,Laptop & Accessory,2,Divorced,10,0,14.0,7.0,9.0,8.0,136.97,2,5,1,8,At Risk
50211,0,13.0,Mobile,3,6.0,Credit Card,Male,2.0,5,Laptop & Accessory,2,Divorced,3,1,22.0,1.0,1.0,2.0,174.57,4,2,4,10,Recent Customers
50212,1,,Mobile,1,14.0,UPI,Male,3.0,5,Mobile,5,Divorced,2,1,11.0,1.0,1.0,7.0,121.19,2,1,1,4,Hibernating
50213,0,2.0,Mobile,1,15.0,UPI,Male,1.0,4,Mobile Phone,2,Single,1,0,17.0,2.0,2.0,2.0,139.83,4,2,1,7,Recent Customers
50214,0,3.0,Mobile,3,11.0,E wallet,Female,1.0,4,Laptop & Accessory,3,Married,2,0,13.0,0.0,1.0,2.0,161.18,4,2,3,9,Recent Customers
50215,0,0.0,Mobile,3,14.0,E wallet,Female,2.0,3,Laptop & Accessory,4,Divorced,2,0,18.0,0.0,1.0,7.0,162.14,2,2,3,7,Hibernating
50216,0,10.0,Mobile,1,11.0,Credit Card,Male,3.0,3,Laptop & Accessory,2,Married,8,0,16.0,0.0,1.0,4.0,163.47,2,2,3,7,Hibernating
50217,0,11.0,Mobile,1,21.0,Debit Card,Male,3.0,4,Fashion,2,Married,1,1,14.0,1.0,2.0,,215.1,5,4,5,14,Champions
50218,0,4.0,Mobile,1,13.0,Credit Card,Female,2.0,3,Fashion,2,Single,2,1,14.0,2.0,4.0,10.0,171.43,1,4,3,8,Loyal
50219,0,2.0,Mobile,3,16.0,E wallet,Female,2.0,4,Laptop & Accessory,4,Married,2,1,14.0,0.0,1.0,7.0,182.68,2,2,4,8,Hibernating
50220,0,8.0,Mobile,1,11.0,Cash on Delivery,Male,3.0,3,Fashion,4,Single,1,0,13.0,0.0,1.0,13.0,180.95,1,2,4,7,Hibernating
50221,0,0.0,Mobile,1,32.0,Debit Card,Male,,3,Mobile,2,Married,2,0,12.0,1.0,1.0,2.0,129.04,4,1,1,6,Recent Customers
50222,0,14.0,Mobile,1,12.0,Credit Card,Male,3.0,4,Laptop & Accessory,4,Single,7,1,15.0,1.0,1.0,2.0,160.32,4,2,3,9,Recent Customers
50223,0,20.0,Computer,3,10.0,Credit Card,Male,,3,Laptop & Accessory,3,Single,4,0,19.0,0.0,1.0,0.0,129.76,5,1,1,7,Recent Customers
50224,0,15.0,Mobile,1,29.0,Debit Card,Female,2.0,3,Grocery,2,Single,3,0,14.0,0.0,,0.0,259.92,5,5,5,15,Champions
50225,0,2.0,Computer,3,8.0,Debit Card,Male,3.0,3,Laptop & Accessory,3,Divorced,2,0,14.0,1.0,1.0,2.0,146.49,4,1,2,7,Recent Customers
50226,0,15.0,Mobile,2,8.0,Cash on Delivery,Male,,3,Mobile,3,Married,1,1,11.0,1.0,1.0,0.0,126.96,5,1,1,7,Recent Customers
50227,0,5.0,Mobile,1,,Credit Card,Female,3.0,3,Mobile,4,Divorced,2,0,13.0,0.0,1.0,7.0,123.7,2,1,1,4,Hibernating
50228,0,21.0,Mobile,3,35.0,Credit Card,Female,3.0,3,Fashion,3,Divorced,4,0,21.0,0.0,1.0,,225.04,5,2,5,12,Recent Customers
50229,0,10.0,Mobile,1,12.0,Credit Card,Male,2.0,2,Laptop & Accessory,5,Married,5,1,13.0,2.0,6.0,7.0,159.74,2,5,3,10,Loyal
50230,0,3.0,Computer,3,31.0,Cash on Delivery,Female,2.0,3,Laptop & Accessory,3,Divorced,8,1,12.0,1.0,2.0,2.0,147.36,4,2,2,8,Recent Customers
50231,0,0.0,Mobile,3,6.0,Debit Card,Male,2.0,3,Laptop & Accessory,3,Divorced,2,0,17.0,2.0,7.0,7.0,152.96,2,5,2,9,At Risk
50232,0,15.0,Mobile,1,8.0,UPI,Male,3.0,4,Laptop & Accessory,2,Single,4,0,23.0,0.0,1.0,0.0,167.81,5,2,3,10,Recent Customers
50233,1,,Computer,3,6.0,Cash on Delivery,Female,2.0,4,Mobile,4,Single,2,1,11.0,1.0,1.0,2.0,121.74,4,1,1,6,Recent Customers
50234,0,9.0,Computer,3,6.0,Credit Card,Female,2.0,3,Laptop & Accessory,2,Single,5,0,15.0,1.0,1.0,0.0,166.53,5,2,3,10,Recent Customers
50235,0,9.0,Computer,3,9.0,Credit Card,Male,2.0,4,Fashion,2,Divorced,5,0,11.0,0.0,1.0,12.0,196.99,1,2,4,7,Hibernating
50236,0,30.0,Mobile,1,6.0,Credit Card,Male,2.0,3,Laptop & Accessory,3,Divorced,3,0,11.0,1.0,1.0,2.0,167.55,4,2,3,9,Recent Customers
50237,0,,Mobile,1,16.0,Debit Card,Female,2.0,2,Mobile,3,Divorced,4,1,13.0,0.0,1.0,7.0,122.13,2,1,1,4,Hibernating
50238,0,0.0,Computer,3,,Credit Card,Male,2.0,3,Mobile,2,Single,2,0,24.0,0.0,2.0,2.0,126.1,4,2,1,7,Recent Customers
50239,1,0.0,Mobile,3,11.0,E wallet,Female,,3,Mobile,3,Single,2,1,13.0,1.0,1.0,0.0,128.51,5,1,1,7,Recent Customers
50240,0,10.0,Mobile,1,16.0,Credit Card,Female,3.0,3,Mobile,5,Divorced,7,0,20.0,1.0,1.0,3.0,134.52,3,1,1,5,Hibernating
50241,0,19.0,Computer,1,13.0,Credit Card,Female,1.0,3,Laptop & Accessory,3,Divorced,3,0,14.0,0.0,1.0,0.0,152.58,5,1,2,8,Recent Customers
50242,1,4.0,Computer,3,10.0,E wallet,Male,2.0,3,Laptop & Accessory,4,Single,2,0,18.0,7.0,7.0,7.0,193.55,2,5,4,11,Champions
50243,0,23.0,Mobile,1,16.0,Cash on Delivery,Male,3.0,4,Fashion,2,Single,7,0,15.0,0.0,1.0,3.0,204.96,3,2,4,9,Hibernating
50244,1,3.0,Mobile,3,28.0,E wallet,Male,3.0,4,Laptop & Accessory,3,Divorced,3,1,12.0,1.0,1.0,0.0,163.8,5,2,3,10,Recent Customers
50245,0,4.0,Mobile,1,,Debit Card,Male,2.0,4,Mobile,4,Single,1,1,16.0,1.0,2.0,2.0,126.57,4,2,1,7,Recent Customers
50246,1,0.0,Mobile,3,18.0,Debit Card,Female,,2,Mobile,4,Single,2,0,15.0,0.0,1.0,0.0,127.16,5,1,1,7,Recent Customers
50247,0,,Mobile,1,29.0,Debit Card,Male,2.0,3,Mobile,2,Single,10,0,16.0,1.0,1.0,2.0,122.01,4,1,1,6,Recent Customers
50248,0,8.0,Mobile,1,15.0,Debit Card,Male,3.0,4,Laptop & Accessory,4,Single,10,0,19.0,1.0,1.0,0.0,165.4,5,2,3,10,Recent Customers
50249,0,0.0,Mobile,1,6.0,Credit Card,Male,2.0,3,Mobile Phone,4,Married,2,0,11.0,0.0,1.0,4.0,138.16,2,1,1,4,Hibernating
50250,0,1.0,Mobile,3,15.0,Debit Card,Male,3.0,3,Laptop & Accessory,2,Single,2,0,16.0,1.0,1.0,7.0,152.53,2,1,2,5,Hibernating
50251,0,22.0,Mobile,1,13.0,UPI,Male,2.0,4,Fashion,3,Single,9,0,24.0,1.0,1.0,0.0,145.0,5,1,2,8,Recent Customers
50252,0,24.0,Mobile,3,20.0,Debit Card,Female,2.0,3,Laptop & Accessory,2,Divorced,5,0,11.0,0.0,1.0,7.0,149.36,2,1,2,5,Hibernating
50253,0,9.0,Mobile,1,,Debit Card,Female,3.0,3,Mobile,3,Divorced,5,0,13.0,1.0,2.0,2.0,125.43,4,2,1,7,Recent Customers
50254,1,0.0,Computer,3,25.0,E wallet,Male,3.0,2,Laptop & Accessory,2,Single,9,1,13.0,1.0,1.0,4.0,153.04,2,1,2,5,Hibernating
50255,0,28.0,Mobile,1,8.0,Debit Card,Female,3.0,3,Grocery,2,Single,3,1,13.0,,1.0,2.0,266.59,4,2,5,11,Recent Customers
50256,0,0.0,Mobile,3,16.0,E wallet,Female,3.0,3,Laptop & Accessory,3,Married,2,1,12.0,0.0,1.0,3.0,142.6,3,1,2,6,Hibernating
50257,0,3.0,Mobile,3,,Cash on Delivery,Male,3.0,3,Mobile,4,Divorced,2,0,18.0,1.0,1.0,0.0,124.76,5,1,1,7,Recent Customers
50258,1,0.0,Computer,1,9.0,Cash on Delivery,Male,,3,Mobile,5,Single,1,0,22.0,0.0,1.0,4.0,131.02,2,1,1,4,Hibernating
50259,0,,Mobile,1,17.0,Credit Card,Female,2.0,3,Mobile,4,Divorced,2,0,13.0,1.0,1.0,2.0,122.44,4,1,1,6,Recent Customers
50260,0,9.0,Mobile,3,8.0,Credit Card,Male,3.0,4,Fashion,3,Divorced,2,0,13.0,9.0,9.0,0.0,175.96,5,5,4,14,Champions
50261,1,,Computer,1,10.0,Cash on Delivery,Male,2.0,3,Mobile,2,Single,19,1,23.0,1.0,1.0,0.0,122.85,5,1,1,7,Recent Customers
50262,0,10.0,Mobile,1,20.0,Debit Card,Female,,3,Mobile,5,Married,2,0,12.0,3.0,12.0,17.0,130.34,1,5,1,7,At Risk
50263,0,13.0,Mobile,3,8.0,E wallet,Female,2.0,3,Laptop & Accessory,4,Married,8,0,12.0,0.0,1.0,3.0,157.15,3,2,3,8,Hibernating
50264,0,15.0,Mobile,1,,Debit Card,Female,3.0,3,Mobile,5,Married,4,0,16.0,1.0,1.0,2.0,125.76,4,1,1,6,Recent Customers
50265,0,10.0,Mobile,1,16.0,Debit Card,Male,2.0,3,Laptop & Accessory,4,Single,3,1,12.0,0.0,1.0,1.0,141.97,4,1,2,7,Recent Customers
50266,0,16.0,Mobile,1,18.0,Debit Card,Male,2.0,4,Grocery,4,Married,2,0,11.0,0.0,,9.0,243.36,1,5,5,11,Champions
50267,0,13.0,Mobile,1,8.0,Credit Card,Female,3.0,4,Laptop & Accessory,3,Divorced,7,0,22.0,1.0,1.0,0.0,134.48,5,1,1,7,Recent Customers
50268,0,27.0,Mobile,1,11.0,Credit Card,Male,2.0,3,Others,5,Divorced,5,0,,1.0,1.0,2.0,294.06,4,2,5,11,Recent Customers
50269,0,7.0,Computer,3,10.0,E wallet,Female,3.0,3,Laptop & Accessory,3,Divorced,10,0,15.0,1.0,1.0,2.0,165.38,4,2,3,9,Recent Customers
50270,0,4.0,Mobile,1,13.0,Credit Card,Female,2.0,3,Laptop & Accessory,5,Divorced,2,0,12.0,3.0,3.0,12.0,143.06,1,4,2,7,At Risk
50271,0,,Computer,1,27.0,Credit Card,Male,3.0,3,Mobile,2,Divorced,8,0,20.0,0.0,1.0,2.0,122.58,4,1,1,6,Recent Customers
50272,0,16.0,Mobile,1,14.0,UPI,Female,3.0,3,Laptop & Accessory,3,Married,5,1,14.0,0.0,1.0,2.0,145.22,4,1,2,7,Recent Customers
50273,0,0.0,Mobile,3,10.0,Debit Card,Female,2.0,4,Laptop & Accessory,2,Single,2,1,11.0,0.0,1.0,3.0,144.87,3,1,2,6,Hibernating
50274,0,10.0,Computer,1,31.0,Credit Card,Female,3.0,3,Laptop & Accessory,3,Divorced,4,1,15.0,3.0,10.0,7.0,144.49,2,5,2,9,At Risk
50275,0,,Mobile,1,6.0,Debit Card,Male,3.0,4,Mobile,5,Divorced,2,0,12.0,0.0,3.0,2.0,122.18,4,4,1,9,Hibernating
50276,0,12.0,Computer,1,6.0,Debit Card,Male,2.0,3,Others,3,Married,2,1,14.0,0.0,1.0,6.0,291.97,2,2,5,9,Hibernating
50277,0,29.0,Computer,3,12.0,Debit Card,Female,2.0,2,Grocery,5,Divorced,10,0,11.0,2.0,,7.0,232.12,2,5,5,12,Champions
50278,0,3.0,Mobile,3,18.0,Cash on Delivery,Female,2.0,3,Laptop & Accessory,3,Single,1,0,11.0,3.0,4.0,4.0,165.77,3,4,3,10,Loyal
50279,0,14.0,Mobile,3,6.0,E wallet,Male,2.0,2,Fashion,5,Divorced,2,0,16.0,1.0,1.0,7.0,183.92,2,2,4,8,Hibernating
50280,0,1.0,Mobile,1,23.0,Credit Card,Male,3.0,3,Laptop & Accessory,5,Married,2,0,12.0,0.0,1.0,8.0,145.58,1,1,2,4,Hibernating
50281,1,0.0,Mobile,1,9.0,Credit Card,Male,3.0,3,Mobile Phone,5,Divorced,6,0,13.0,1.0,1.0,2.0,140.31,4,1,1,6,Recent Customers
50282,0,25.0,Mobile,1,9.0,Credit Card,Male,2.0,4,Fashion,3,Divorced,3,1,14.0,0.0,1.0,4.0,179.69,2,2,4,8,Hibernating
50283,0,18.0,Mobile,1,,Debit Card,Male,3.0,3,Mobile,2,Divorced,4,0,21.0,1.0,1.0,2.0,126.54,4,1,1,6,Recent Customers
50284,0,25.0,Mobile,1,10.0,Debit Card,Female,1.0,3,Grocery,2,Divorced,3,0,13.0,,1.0,4.0,265.55,2,2,5,9,Hibernating
50285,0,15.0,Computer,1,35.0,Debit Card,Female,3.0,3,Laptop & Accessory,3,Married,3,0,11.0,1.0,1.0,2.0,145.56,4,1,2,7,Recent Customers
50286,0,3.0,Mobile,1,8.0,Debit Card,Female,2.0,5,Laptop & Accessory,2,Single,3,0,20.0,0.0,1.0,2.0,160.91,4,2,3,9,Recent Customers
50287,0,30.0,Mobile,1,13.0,Debit Card,Female,2.0,3,Others,5,Divorced,6,0,,0.0,11.0,10.0,295.66,1,5,5,11,Champions
50288,0,19.0,Mobile,1,24.0,Credit Card,Female,2.0,3,Laptop & Accessory,3,Married,3,0,14.0,0.0,1.0,8.0,148.1,1,1,2,4,Hibernating
50289,0,15.0,Computer,1,34.0,Cash on Delivery,Female,2.0,4,Laptop & Accessory,2,Divorced,1,0,11.0,0.0,1.0,4.0,145.23,2,1,2,5,Hibernating
50290,1,0.0,Mobile,3,6.0,Cash on Delivery,Female,3.0,3,Mobile,4,Single,2,1,16.0,1.0,1.0,4.0,132.02,2,1,1,4,Hibernating
50291,1,0.0,Computer,3,,E wallet,Female,2.0,5,Mobile,3,Married,1,0,16.0,1.0,1.0,0.0,123.51,5,1,1,7,Recent Customers
50292,0,,Computer,1,8.0,Debit Card,Male,2.0,3,Mobile Phone,2,Divorced,2,1,23.0,1.0,1.0,0.0,117.02,5,1,1,7,Recent Customers
50293,0,13.0,Mobile,3,8.0,Debit Card,Female,3.0,3,Others,3,Divorced,1,0,14.0,,1.0,12.0,280.41,1,2,5,8,Hibernating
50294,0,0.0,Mobile,1,29.0,Debit Card,Female,,3,Mobile,2,Married,2,0,22.0,1.0,1.0,2.0,128.86,4,1,1,6,Recent Customers
50295,0,,Computer,1,9.0,Debit Card,Male,2.0,3,Mobile,2,Divorced,5,0,15.0,0.0,1.0,4.0,120.97,2,1,1,4,Hibernating
50296,0,2.0,Mobile,1,9.0,Credit Card,Male,3.0,4,Fashion,3,Divorced,2,0,18.0,1.0,1.0,,219.35,5,2,5,12,Recent Customers
50297,1,0.0,Mobile,1,,Cash on Delivery,Female,3.0,4,Mobile,4,Divorced,6,0,16.0,0.0,1.0,1.0,125.46,4,1,1,6,Recent Customers
50298,1,0.0,Mobile,2,,Cash on Delivery,Male,2.0,4,Mobile,2,Single,2,0,12.0,1.0,1.0,0.0,125.64,5,1,1,7,Recent Customers
50299,0,3.0,Computer,3,28.0,UPI,Female,3.0,3,Fashion,5,Divorced,1,0,11.0,2.0,7.0,8.0,184.12,2,5,4,11,Champions
50300,0,30.0,Mobile,3,35.0,E wallet,Male,2.0,4,Grocery,2,Married,4,0,12.0,0.0,,0.0,241.18,5,5,5,15,Champions
50301,0,23.0,Mobile,1,35.0,Debit Card,Male,2.0,4,Grocery,3,Divorced,1,0,15.0,,15.0,7.0,270.46,2,5,5,12,Champions
50302,0,3.0,Computer,1,,Credit Card,Female,2.0,3,Mobile,2,Single,1,0,14.0,5.0,6.0,7.0,125.64,2,5,1,8,At Risk
50303,0,30.0,Computer,3,34.0,E wallet,Female,3.0,4,Fashion,5,Divorced,5,0,19.0,13.0,13.0,11.0,202.66,1,5,4,10,Champions
50304,0,20.0,Mobile,1,8.0,Credit Card,Female,3.0,3,Laptop & Accessory,2,Married,6,0,13.0,0.0,1.0,4.0,150.7,2,1,2,5,Hibernating
50305,0,19.0,Mobile,1,8.0,Debit Card,Male,2.0,3,Grocery,3,Divorced,7,0,13.0,,1.0,1.0,278.61,4,2,5,11,Recent Customers
50306,0,8.0,Mobile,1,28.0,Debit Card,Male,2.0,5,Mobile Phone,3,Single,1,0,15.0,2.0,4.0,3.0,142.3,3,4,2,9,Hibernating
50307,0,27.0,Mobile,1,14.0,Debit Card,Female,2.0,3,Laptop & Accessory,3,Single,8,0,11.0,1.0,1.0,0.0,137.8,5,1,1,7,Recent Customers
50308,0,7.0,Mobile,1,8.0,Debit Card,Male,,4,Mobile,3,Married,4,0,12.0,5.0,5.0,7.0,127.68,2,4,1,7,At Risk
50309,0,19.0,Mobile,3,16.0,E wallet,Female,3.0,4,Fashion,2,Divorced,3,1,19.0,1.0,1.0,2.0,190.71,4,2,4,10,Recent Customers
50310,0,4.0,Mobile,1,15.0,Debit Card,Male,2.0,3,Fashion,4,Married,2,0,25.0,1.0,1.0,8.0,206.48,1,2,4,7,Hibernating
50311,1,0.0,Mobile,1,21.0,Credit Card,Male,2.0,3,Fashion,3,Divorced,8,1,12.0,0.0,,7.0,236.1,2,5,5,12,Champions
50312,1,0.0,Mobile,1,16.0,Credit Card,Male,2.0,5,Mobile,2,Married,8,0,13.0,0.0,1.0,3.0,134.08,3,1,1,5,Hibernating
50313,0,3.0,Mobile,3,13.0,E wallet,Male,,3,Mobile,4,Single,1,0,14.0,1.0,1.0,2.0,129.83,4,1,1,6,Recent Customers
50314,0,8.0,Mobile,1,22.0,Debit Card,Male,3.0,3,Fashion,3,Divorced,5,1,12.0,0.0,1.0,0.0,176.32,5,2,4,11,Recent Customers
50315,1,0.0,Computer,1,26.0,Debit Card,Male,3.0,3,Fashion,3,Divorced,4,0,12.0,1.0,1.0,0.0,198.24,5,2,4,11,Recent Customers
50316,1,0.0,Computer,2,29.0,UPI,Female,2.0,3,Fashion,5,Married,10,1,15.0,1.0,1.0,2.0,199.5,4,2,4,10,Recent Customers
50317,0,,Computer,1,11.0,UPI,Male,3.0,3,Mobile,3,Divorced,5,0,17.0,2.0,2.0,0.0,120.93,5,2,1,8,Recent Customers
50318,0,9.0,Computer,3,16.0,Credit Card,Male,2.0,3,Fashion,2,Single,2,0,14.0,1.0,9.0,7.0,199.8,2,5,4,11,Champions
50319,1,0.0,Computer,1,10.0,Cash on Delivery,Male,2.0,4,Mobile Phone,3,Single,6,0,16.0,1.0,1.0,2.0,138.94,4,1,1,6,Recent Customers
50320,0,21.0,Mobile,3,8.0,E wallet,Female,2.0,3,Laptop & Accessory,2,Divorced,3,0,14.0,4.0,6.0,7.0,140.51,2,5,1,8,At Risk
50321,0,28.0,Mobile,3,24.0,Debit Card,Female,2.0,3,Grocery,4,Single,4,0,23.0,,7.0,7.0,268.35,2,5,5,12,Champions
50322,0,14.0,Computer,3,16.0,Debit Card,Male,2.0,3,Laptop & Accessory,2,Single,8,0,14.0,0.0,1.0,10.0,162.3,1,2,3,6,Hibernating
50323,0,8.0,Mobile,3,6.0,E wallet,Male,2.0,3,Laptop & Accessory,3,Divorced,10,0,11.0,3.0,6.0,9.0,147.17,1,5,2,8,At Risk
50324,0,13.0,Mobile,1,12.0,Debit Card,Female,3.0,3,Grocery,3,Single,8,0,15.0,4.0,,13.0,232.37,1,5,5,11,Champions
50325,0,12.0,Computer,1,14.0,Debit Card,Female,2.0,3,Mobile Phone,3,Divorced,2,0,11.0,0.0,1.0,7.0,137.55,2,1,1,4,Hibernating
50326,0,4.0,Mobile,3,8.0,Debit Card,Male,3.0,3,Laptop & Accessory,2,Single,5,1,13.0,1.0,1.0,5.0,165.82,2,2,3,7,Hibernating
50327,0,15.0,Mobile,1,30.0,Credit Card,Male,2.0,3,Fashion,5,Divorced,2,1,21.0,4.0,5.0,8.0,174.06,1,4,4,9,Champions
50328,0,18.0,Mobile,3,8.0,UPI,Male,3.0,3,Laptop & Accessory,4,Divorced,1,0,19.0,3.0,3.0,7.0,148.05,2,4,2,8,At Risk
50329,1,0.0,Computer,2,23.0,Debit Card,Female,,3,Mobile,3,Married,1,1,11.0,0.0,1.0,0.0,127.41,5,1,1,7,Recent Customers
50330,0,2.0,Mobile,1,25.0,Cash on Delivery,Male,2.0,3,Laptop & Accessory,2,Married,5,0,12.0,0.0,1.0,2.0,142.62,4,1,2,7,Recent Customers
50331,0,6.0,Mobile,1,6.0,Credit Card,Female,3.0,2,Grocery,3,Married,5,0,19.0,,1.0,5.0,261.84,2,2,5,9,Hibernating
50332,0,0.0,Mobile,3,13.0,Debit Card,Male,2.0,4,Fashion,2,Married,10,0,21.0,1.0,1.0,,215.57,5,2,5,12,Recent Customers
50333,1,,Computer,3,11.0,E wallet,Male,3.0,3,Mobile Phone,4,Single,2,1,14.0,1.0,1.0,0.0,118.78,5,1,1,7,Recent Customers
50334,0,13.0,Computer,3,34.0,UPI,Male,2.0,5,Fashion,5,Married,4,0,15.0,1.0,1.0,,209.32,5,2,5,12,Recent Customers
50335,0,14.0,Computer,1,8.0,UPI,Female,3.0,4,Laptop & Accessory,3,Single,3,1,17.0,0.0,1.0,7.0,168.11,2,2,3,7,Hibernating
50336,0,0.0,Mobile,3,35.0,Credit Card,Male,2.0,3,Laptop & Accessory,3,Married,6,0,12.0,1.0,1.0,0.0,143.06,5,1,2,8,Recent Customers
50337,0,8.0,Mobile,3,6.0,Credit Card,Female,3.0,3,Laptop & Accessory,3,Single,2,0,16.0,0.0,1.0,3.0,148.59,3,1,2,6,Hibernating
50338,0,7.0,Mobile,3,27.0,Debit Card,Male,3.0,2,Laptop & Accessory,2,Single,2,0,12.0,5.0,5.0,7.0,153.37,2,4,2,8,At Risk
50339,1,0.0,Mobile,1,,Cash on Delivery,Male,3.0,5,Mobile,2,Single,2,1,18.0,1.0,1.0,0.0,123.4,5,1,1,7,Recent Customers
50340,0,10.0,Mobile,1,6.0,Cash on Delivery,Female,2.0,3,Fashion,2,Single,5,0,17.0,1.0,1.0,2.0,174.91,4,2,4,10,Recent Customers
50341,0,19.0,Computer,1,24.0,Credit Card,Female,2.0,3,Fashion,3,Divorced,6,0,11.0,1.0,1.0,2.0,205.27,4,2,4,10,Recent Customers
50342,0,14.0,Mobile,3,8.0,Debit Card,Female,3.0,3,Grocery,5,Divorced,8,0,16.0,,11.0,8.0,265.95,2,5,5,12,Champions
50343,0,10.0,Computer,3,15.0,Credit Card,Male,3.0,3,Fashion,4,Married,2,0,13.0,6.0,7.0,7.0,188.34,2,5,4,11,Champions
50344,0,25.0,Mobile,1,12.0,Cash on Delivery,Male,3.0,3,Laptop & Accessory,5,Married,4,1,12.0,2.0,6.0,9.0,155.77,1,5,3,9,Loyal
50345,1,0.0,Computer,3,17.0,UPI,Male,2.0,2,Laptop & Accessory,3,Divorced,9,0,12.0,1.0,1.0,2.0,147.07,4,1,2,7,Recent Customers
50346,0,0.0,Computer,3,,Credit Card,Male,2.0,3,Mobile,2,Divorced,1,0,13.0,0.0,2.0,1.0,124.0,4,2,1,7,Recent Customers
50347,0,11.0,Mobile,1,16.0,Credit Card,Female,3.0,3,Laptop & Accessory,3,Divorced,4,0,19.0,1.0,1.0,0.0,198.24,5,2,4,11,Recent Customers
50348,0,10.0,Mobile,1,6.0,Debit Card,Female,3.0,3,Laptop & Accessory,4,Divorced,7,0,12.0,3.0,4.0,3.0,164.47,3,4,3,10,Loyal
50349,0,22.0,Mobile,1,24.0,Debit Card,Male,2.0,4,Others,3,Married,2,1,,0.0,1.0,9.0,295.02,1,2,5,8,Hibernating
50350,0,0.0,Mobile,1,29.0,Credit Card,Male,,2,Mobile,2,Divorced,2,1,11.0,0.0,1.0,4.0,127.25,2,1,1,4,Hibernating
50351,0,0.0,Mobile,3,34.0,E wallet,Male,3.0,3,Laptop & Accessory,4,Divorced,2,0,20.0,1.0,1.0,4.0,162.72,2,2,3,7,Hibernating
50352,0,,Mobile,1,23.0,UPI,Male,3.0,4,Mobile,4,Divorced,2,0,21.0,1.0,1.0,0.0,121.27,5,1,1,7,Recent Customers
50353,0,23.0,Computer,2,9.0,Credit Card,Male,2.0,3,Others,4,Divorced,2,0,11.0,,10.0,7.0,282.0,2,5,5,12,Champions
50354,0,,Mobile,3,19.0,Credit Card,Male,2.0,3,Mobile,3,Divorced,2,0,11.0,1.0,1.0,6.0,120.96,2,1,1,4,Hibernating
50355,1,0.0,Computer,1,13.0,Debit Card,Female,,3,Mobile,3,Divorced,2,1,16.0,0.0,1.0,2.0,128.86,4,1,1,6,Recent Customers
50356,1,,Computer,3,18.0,Debit Card,Male,3.0,4,Mobile,5,Divorced,2,0,18.0,1.0,1.0,0.0,120.33,5,1,1,7,Recent Customers
50357,0,7.0,Mobile,1,6.0,Debit Card,Male,2.0,4,Mobile Phone,2,Divorced,2,1,13.0,0.0,1.0,3.0,136.22,3,1,1,5,Hibernating
50358,1,0.0,Mobile,3,19.0,Credit Card,Male,2.0,3,Laptop & Accessory,5,Married,3,0,17.0,0.0,1.0,2.0,142.33,4,1,2,7,Recent Customers
50359,0,8.0,Mobile,1,31.0,UPI,Male,2.0,4,Laptop & Accessory,2,Single,5,0,14.0,0.0,1.0,2.0,136.81,4,1,1,6,Recent Customers
50360,0,4.0,Mobile,3,12.0,Credit Card,Male,3.0,2,Laptop & Accessory,2,Married,5,0,22.0,3.0,5.0,7.0,154.6,2,4,3,9,Loyal
50361,0,,Mobile,1,12.0,Credit Card,Female,3.0,4,Mobile,3,Married,1,0,12.0,1.0,1.0,3.0,121.87,3,1,1,5,Hibernating
50362,0,10.0,Mobile,3,8.0,E wallet,Male,3.0,3,Laptop & Accessory,3,Divorced,5,1,11.0,0.0,1.0,0.0,196.02,5,2,4,11,Recent Customers
50363,0,0.0,Mobile,1,6.0,Debit Card,Female,,4,Mobile,4,Single,2,0,13.0,1.0,1.0,0.0,128.36,5,1,1,7,Recent Customers
50364,0,15.0,Mobile,1,8.0,Debit Card,Female,2.0,3,Laptop & Accessory,2,Divorced,2,0,13.0,2.0,2.0,2.0,140.89,4,2,2,8,Recent Customers
50365,0,16.0,Mobile,1,12.0,UPI,Male,2.0,4,Grocery,2,Married,5,1,14.0,,1.0,0.0,266.27,5,2,5,12,Recent Customers
50366,0,11.0,Mobile,1,,Debit Card,Female,2.0,3,Mobile,5,Single,4,0,17.0,1.0,1.0,0.0,126.19,5,1,1,7,Recent Customers
50367,0,16.0,Computer,1,15.0,Credit Card,Male,3.0,3,Laptop & Accessory,3,Married,4,1,13.0,2.0,4.0,7.0,156.79,2,4,3,9,Loyal
50368,0,21.0,Mobile,1,6.0,Debit Card,Female,2.0,4,Grocery,5,Divorced,8,0,11.0,0.0,,2.0,254.02,4,5,5,14,Champions
50369,0,17.0,Mobile,2,6.0,Debit Card,Female,2.0,4,Laptop & Accessory,3,Single,5,0,11.0,1.0,1.0,2.0,159.85,4,2,3,9,Recent Customers
50370,0,7.0,Mobile,3,,Cash on Delivery,Female,2.0,3,Mobile,3,Married,2,1,18.0,1.0,1.0,6.0,125.79,2,1,1,4,Hibernating
50371,1,0.0,Mobile,3,8.0,E wallet,Male,,3,Mobile,5,Married,1,0,11.0,0.0,1.0,2.0,130.41,4,1,1,6,Recent Customers
50372,0,0.0,Mobile,3,28.0,Cash on Delivery,Male,2.0,3,Mobile,3,Single,2,0,11.0,1.0,1.0,2.0,134.47,4,1,1,6,Recent Customers
50373,0,17.0,Mobile,1,9.0,UPI,Male,2.0,3,Others,2,Divorced,5,1,,1.0,1.0,1.0,295.13,4,2,5,11,Recent Customers
50374,0,0.0,Mobile,1,12.0,Credit Card,Male,,3,Mobile,3,Divorced,1,0,20.0,2.0,2.0,2.0,127.73,4,2,1,7,Recent Customers
50375,0,6.0,Mobile,3,14.0,E wallet,Male,2.0,3,Laptop & Accessory,3,Married,1,0,12.0,1.0,1.0,2.0,171.04,4,2,3,9,Recent Customers
50376,0,5.0,Mobile,1,15.0,Debit Card,Female,3.0,3,Laptop & Accessory,2,Divorced,2,1,12.0,1.0,1.0,5.0,163.22,2,2,3,7,Hibernating
50377,0,,Computer,1,9.0,Credit Card,Female,3.0,3,Mobile,3,Married,2,0,20.0,1.0,1.0,0.0,120.83,5,1,1,7,Recent Customers
50378,0,26.0,Mobile,3,6.0,Credit Card,Female,2.0,3,Laptop & Accessory,5,Single,8,0,20.0,6.0,8.0,10.0,183.81,1,5,4,10,Champions
50379,0,7.0,Mobile,1,6.0,Debit Card,Male,,3,Mobile,2,Divorced,2,0,12.0,6.0,8.0,8.0,126.91,2,5,1,8,At Risk
50380,1,8.0,Computer,3,32.0,Debit Card,Female,3.0,3,Laptop & Accessory,5,Divorced,3,0,14.0,0.0,1.0,0.0,142.86,5,1,2,8,Recent Customers
50381,0,0.0,Mobile,1,12.0,Debit Card,Female,3.0,3,Mobile,2,Divorced,2,1,13.0,0.0,1.0,2.0,126.59,4,1,1,6,Recent Customers
50382,0,10.0,Mobile,1,9.0,UPI,Male,2.0,3,Fashion,3,Divorced,2,0,15.0,6.0,7.0,8.0,194.34,2,5,4,11,Champions
50383,0,2.0,Mobile,3,9.0,Credit Card,Female,3.0,3,Laptop & Accessory,3,Divorced,2,0,14.0,0.0,1.0,2.0,155.61,4,2,3,9,Recent Customers
50384,0,8.0,Mobile,1,12.0,Debit Card,Male,2.0,5,Laptop & Accessory,2,Single,2,0,13.0,11.0,11.0,8.0,166.46,2,5,3,10,Loyal
50385,0,6.0,Computer,1,12.0,Debit Card,Male,1.0,3,Laptop & Accessory,2,Married,4,0,23.0,4.0,4.0,7.0,177.25,2,4,4,10,Champions
50386,0,27.0,Mobile,2,25.0,Credit Card,Male,2.0,3,Fashion,4,Divorced,3,0,15.0,3.0,7.0,1.0,207.25,5,5,4,14,Champions
50387,0,9.0,Mobile,1,15.0,Credit Card,Male,2.0,4,Laptop & Accessory,4,Married,3,1,11.0,1.0,1.0,2.0,188.47,4,2,4,10,Recent Customers
50388,0,,Mobile,1,9.0,Credit Card,Male,2.0,4,Mobile,2,Single,1,0,13.0,0.0,1.0,1.0,120.45,4,1,1,6,Recent Customers
50389,1,0.0,Mobile,1,16.0,Credit Card,Male,2.0,3,Mobile Phone,3,Single,2,1,11.0,0.0,1.0,1.0,110.09,4,1,1,6,Recent Customers
50390,1,0.0,Computer,1,9.0,Debit Card,Male,3.0,3,Mobile,5,Single,2,1,11.0,9.0,9.0,7.0,133.48,2,5,1,8,At Risk
50391,0,,Computer,1,9.0,Debit Card,Male,2.0,4,Mobile Phone,3,Divorced,2,0,18.0,1.0,1.0,0.0,112.81,5,1,1,7,Recent Customers
50392,0,0.0,Mobile,1,10.0,Credit Card,Male,,2,Mobile,5,Divorced,3,0,16.0,0.0,1.0,2.0,128.19,4,1,1,6,Recent Customers
50393,0,0.0,Mobile,3,14.0,Debit Card,Male,2.0,2,Laptop & Accessory,4,Divorced,1,0,22.0,0.0,1.0,2.0,148.51,4,1,2,7,Recent Customers
50394,0,11.0,Mobile,3,13.0,E wallet,Female,2.0,4,Laptop & Accessory,2,Single,1,0,20.0,1.0,1.0,5.0,140.28,2,1,1,4,Hibernating
50395,0,2.0,Computer,1,6.0,Debit Card,Male,,5,Mobile,2,Married,2,0,18.0,2.0,2.0,8.0,127.2,1,2,1,4,Hibernating
50396,0,21.0,Mobile,3,8.0,E wallet,Male,2.0,2,Laptop & Accessory,4,Divorced,4,0,12.0,2.0,2.0,2.0,181.2,4,3,4,11,Loyal
50397,0,0.0,Computer,3,9.0,Credit Card,Female,3.0,2,Laptop & Accessory,2,Married,2,1,20.0,1.0,1.0,4.0,146.47,2,1,2,5,Hibernating
50398,0,10.0,Mobile,1,16.0,Debit Card,Male,3.0,2,Mobile Phone,2,Single,4,0,17.0,1.0,1.0,0.0,146.8,5,1,2,8,Recent Customers
50399,0,23.0,Mobile,1,34.0,Credit Card,Male,3.0,2,Mobile,3,Divorced,2,1,11.0,3.0,3.0,8.0,132.21,1,4,1,6,At Risk
50400,0,7.0,Mobile,1,15.0,Credit Card,Female,2.0,4,Fashion,4,Single,2,0,14.0,4.0,7.0,7.0,186.21,2,5,4,11,Champions
50401,1,0.0,Mobile,3,9.0,Debit Card,Female,3.0,3,Laptop & Accessory,3,Single,10,0,14.0,1.0,2.0,0.0,145.77,5,2,2,9,Recent Customers
50402,0,12.0,Mobile,1,8.0,Cash on Delivery,Female,3.0,4,Laptop & Accessory,3,Single,2,0,11.0,2.0,11.0,10.0,145.53,1,5,2,8,At Risk
50403,0,5.0,Mobile,3,16.0,E wallet,Male,2.0,3,Laptop & Accessory,2,Single,2,0,12.0,0.0,1.0,8.0,153.96,1,2,3,6,Hibernating
50404,1,13.0,Computer,3,14.0,Cash on Delivery,Male,2.0,3,Laptop & Accessory,3,Divorced,4,1,14.0,1.0,1.0,3.0,167.96,3,2,3,8,Hibernating
50405,0,11.0,Mobile,1,6.0,Debit Card,Female,2.0,2,Laptop & Accessory,2,Single,1,0,13.0,1.0,1.0,8.0,176.25,1,2,4,7,Hibernating
50406,0,0.0,Mobile,1,6.0,Debit Card,Female,3.0,3,Fashion,5,Divorced,2,0,11.0,1.0,1.0,7.0,174.12,2,2,4,8,Hibernating
50407,0,5.0,Mobile,1,9.0,Debit Card,Female,2.0,3,Fashion,2,Single,4,0,15.0,3.0,7.0,,211.59,5,5,5,15,Champions
50408,0,20.0,Mobile,3,20.0,E wallet,Male,2.0,3,Laptop & Accessory,5,Single,3,0,12.0,0.0,1.0,7.0,149.6,2,1,2,5,Hibernating
50409,0,13.0,Computer,3,11.0,Debit Card,Male,2.0,4,Fashion,5,Divorced,6,1,21.0,0.0,1.0,12.0,204.75,1,2,4,7,Hibernating
50410,0,26.0,Mobile,1,13.0,Debit Card,Male,2.0,2,Grocery,3,Divorced,4,0,19.0,0.0,,3.0,248.14,4,5,5,14,Champions
50411,0,14.0,Mobile,2,16.0,UPI,Male,3.0,4,Others,2,Married,4,0,15.0,,12.0,6.0,291.41,2,5,5,12,Champions
50412,0,30.0,Mobile,3,22.0,E wallet,Male,2.0,3,Laptop & Accessory,5,Single,9,0,14.0,1.0,2.0,2.0,154.05,4,3,3,10,Loyal
50413,0,0.0,Computer,1,16.0,Debit Card,Male,2.0,3,Fashion,5,Married,2,0,21.0,1.0,1.0,7.0,187.93,2,2,4,8,Hibernating
50414,0,14.0,Mobile,2,6.0,UPI,Male,2.0,4,Others,3,Divorced,2,0,12.0,,2.0,10.0,291.89,1,4,5,10,Champions
50415,0,23.0,Mobile,3,14.0,E wallet,Male,2.0,3,Mobile Phone,4,Divorced,8,0,15.0,1.0,2.0,2.0,138.75,4,2,1,7,Recent Customers
50416,1,,Mobile,1,6.0,Debit Card,Female,3.0,5,Mobile,4,Single,8,1,13.0,1.0,3.0,7.0,122.16,2,4,1,7,At Risk
50417,0,9.0,Computer,1,14.0,Debit Card,Female,3.0,2,Fashion,5,Divorced,10,0,14.0,0.0,1.0,,217.13,5,2,5,12,Recent Customers
50418,0,11.0,Mobile,1,6.0,Debit Card,Female,2.0,3,Fashion,3,Single,5,1,14.0,0.0,1.0,0.0,178.61,5,2,4,11,Recent Customers
50419,0,17.0,Computer,1,30.0,Credit Card,Male,2.0,5,Mobile Phone,3,Single,3,0,14.0,0.0,1.0,4.0,137.08,2,1,1,4,Hibernating
50420,0,20.0,Computer,3,9.0,Credit Card,Female,2.0,3,Grocery,3,Married,10,1,12.0,7.0,,13.0,237.7,1,5,5,11,Champions
50421,0,3.0,Mobile,3,33.0,E wallet,Male,2.0,3,Laptop & Accessory,2,Married,8,0,23.0,4.0,7.0,7.0,153.04,2,5,2,9,At Risk
50422,0,2.0,Mobile,3,,Debit Card,Male,2.0,3,Mobile,3,Single,2,0,11.0,0.0,1.0,0.0,126.42,5,1,1,7,Recent Customers
50423,1,5.0,Computer,1,25.0,Credit Card,Male,,2,Mobile,3,Married,7,1,12.0,2.0,2.0,2.0,127.59,4,2,1,7,Recent Customers
50424,0,16.0,Computer,3,21.0,Debit Card,Male,2.0,4,Laptop & Accessory,2,Divorced,4,0,18.0,0.0,2.0,2.0,168.04,4,3,3,10,Loyal
50425,0,7.0,Mobile,1,14.0,Credit Card,Female,3.0,3,Laptop & Accessory,3,Single,4,0,11.0,1.0,4.0,3.0,161.42,3,4,3,10,Loyal
50426,0,0.0,Mobile,1,,Credit Card,Male,2.0,3,Mobile,5,Divorced,2,0,14.0,0.0,1.0,2.0,125.0,4,1,1,6,Recent Customers
50427,0,12.0,Mobile,2,9.0,UPI,Female,2.0,2,Laptop & Accessory,4,Divorced,10,0,15.0,3.0,3.0,6.0,163.89,2,4,3,9,Loyal
50428,0,29.0,Mobile,1,15.0,Credit Card,Male,2.0,3,Grocery,2,Divorced,8,0,11.0,0.0,1.0,,211.03,5,2,5,12,Recent Customers
50429,0,13.0,Mobile,1,,Credit Card,Female,2.0,4,Mobile,2,Single,1,1,20.0,2.0,2.0,3.0,123.42,3,2,1,6,Hibernating
50430,0,0.0,Mobile,1,13.0,Credit Card,Female,2.0,4,Laptop & Accessory,5,Single,9,0,19.0,1.0,1.0,7.0,168.11,2,2,3,7,Hibernating
50431,0,,Mobile,3,16.0,E wallet,Male,2.0,3,Mobile,4,Married,2,0,14.0,0.0,2.0,2.0,122.97,4,2,1,7,Recent Customers
50432,0,26.0,Mobile,1,,Debit Card,Male,2.0,3,Laptop & Accessory,2,Single,3,0,17.0,1.0,2.0,2.0,124.5,4,2,1,7,Recent Customers
50433,0,8.0,Computer,1,8.0,Debit Card,Female,3.0,3,Laptop & Accessory,5,Married,3,0,11.0,0.0,1.0,0.0,150.93,5,1,2,8,Recent Customers
50434,0,5.0,Computer,1,30.0,Debit Card,Male,3.0,3,Laptop & Accessory,2,Divorced,2,0,15.0,2.0,4.0,7.0,153.09,2,4,2,8,At Risk
50435,0,11.0,Mobile,1,8.0,Credit Card,Male,,3,Mobile,3,Divorced,7,1,13.0,0.0,1.0,1.0,130.57,4,1,1,6,Recent Customers
50436,0,7.0,Mobile,1,14.0,Debit Card,Female,2.0,3,Laptop & Accessory,5,Married,4,0,14.0,1.0,1.0,0.0,151.21,5,1,2,8,Recent Customers
50437,0,25.0,Mobile,3,9.0,E wallet,Male,2.0,4,Grocery,5,Divorced,2,0,11.0,,1.0,16.0,268.56,1,2,5,8,Hibernating
50438,1,0.0,Mobile,1,6.0,UPI,Male,,3,Mobile,2,Single,2,1,13.0,5.0,7.0,8.0,126.86,1,5,1,7,At Risk
50439,0,0.0,Mobile,3,32.0,Credit Card,Female,2.0,3,Laptop & Accessory,2,Single,2,0,23.0,0.0,1.0,4.0,161.8,2,2,3,7,Hibernating
50440,0,18.0,Mobile,3,8.0,Cash on Delivery,Male,2.0,5,Laptop & Accessory,3,Single,1,0,13.0,0.0,3.0,1.0,166.32,5,4,3,12,Loyal
50441,0,0.0,Mobile,1,16.0,Credit Card,Male,3.0,2,Mobile,3,Single,2,0,18.0,1.0,1.0,2.0,135.05,4,1,1,6,Recent Customers
50442,1,10.0,Computer,3,33.0,Debit Card,Female,3.0,1,Laptop & Accessory,3,Single,5,1,12.0,1.0,1.0,3.0,163.97,3,2,3,8,Hibernating
50443,0,7.0,Mobile,3,8.0,UPI,Male,2.0,3,Laptop & Accessory,2,Single,2,0,22.0,0.0,1.0,4.0,162.74,2,2,3,7,Hibernating
50444,1,18.0,Mobile,1,8.0,Credit Card,Male,3.0,3,Others,5,Divorced,6,1,,1.0,1.0,4.0,298.59,2,2,5,9,Hibernating
50445,0,9.0,Computer,3,14.0,Debit Card,Male,3.0,4,Fashion,5,Single,2,0,15.0,0.0,1.0,9.0,175.87,1,2,4,7,Hibernating
50446,0,25.0,Computer,1,25.0,Credit Card,Male,2.0,3,Mobile Phone,2,Divorced,1,0,18.0,1.0,1.0,2.0,142.58,4,1,2,7,Recent Customers
50447,0,0.0,Computer,1,6.0,Debit Card,Female,3.0,5,Mobile Phone,2,Married,4,0,14.0,2.0,2.0,0.0,143.64,5,2,2,9,Recent Customers
50448,0,2.0,Mobile,1,33.0,Credit Card,Female,3.0,3,Laptop & Accessory,3,Divorced,5,0,12.0,1.0,1.0,1.0,143.35,4,1,2,7,Recent Customers
50449,1,0.0,Mobile,3,14.0,Cash on Delivery,Male,2.0,4,Laptop & Accessory,5,Single,7,0,17.0,1.0,1.0,2.0,153.26,4,1,2,7,Recent Customers
50450,0,7.0,Mobile,1,6.0,Debit Card,Female,3.0,1,Mobile,2,Single,3,0,16.0,0.0,1.0,3.0,132.8,3,1,1,5,Hibernating
50451,0,27.0,Mobile,1,25.0,Credit Card,Female,3.0,3,Laptop & Accessory,5,Married,10,1,11.0,0.0,1.0,4.0,154.85,2,2,3,7,Hibernating
50452,0,2.0,Computer,3,5.0,E wallet,Male,2.0,3,Laptop & Accessory,2,Divorced,1,0,19.0,0.0,1.0,1.0,143.42,4,1,2,7,Recent Customers
50453,0,10.0,Mobile,1,16.0,Debit Card,Female,,3,Mobile,5,Married,1,1,13.0,3.0,4.0,3.0,127.82,3,4,1,8,Hibernating
50454,0,11.0,Computer,1,8.0,Debit Card,Female,3.0,1,Laptop & Accessory,5,Single,7,1,12.0,4.0,4.0,12.0,159.8,1,4,3,8,Loyal
50455,0,7.0,Mobile,1,8.0,Credit Card,Female,2.0,4,Mobile Phone,5,Single,2,0,11.0,1.0,1.0,3.0,143.81,3,1,2,6,Hibernating
50456,0,8.0,Mobile,3,,Debit Card,Female,3.0,3,Mobile,2,Divorced,2,0,16.0,0.0,1.0,2.0,125.72,4,1,1,6,Recent Customers
50457,0,3.0,Mobile,1,6.0,Debit Card,Male,2.0,5,Mobile Phone,3,Divorced,4,0,21.0,1.0,1.0,2.0,138.33,4,1,1,6,Recent Customers
50458,0,13.0,Computer,1,8.0,Credit Card,Female,2.0,1,Laptop & Accessory,4,Divorced,2,0,24.0,0.0,3.0,7.0,142.44,2,4,2,8,At Risk
50459,0,7.0,Mobile,3,14.0,Debit Card,Female,3.0,3,Laptop & Accessory,5,Divorced,6,0,17.0,1.0,1.0,2.0,165.0,4,2,3,9,Recent Customers
50460,0,15.0,Computer,1,14.0,Debit Card,Male,3.0,3,Others,2,Married,2,0,13.0,,14.0,9.0,284.3,1,5,5,11,Champions
50461,1,,Mobile,1,12.0,Debit Card,Male,3.0,1,Mobile Phone,5,Divorced,2,1,21.0,1.0,1.0,0.0,116.01,5,1,1,7,Recent Customers
50462,0,0.0,Computer,1,15.0,Debit Card,Male,,4,Mobile,4,Married,2,0,11.0,1.0,1.0,0.0,126.94,5,1,1,7,Recent Customers
50463,0,25.0,Mobile,1,17.0,Debit Card,Female,,3,Laptop & Accessory,3,Divorced,9,0,20.0,1.0,1.0,4.0,131.49,2,1,1,4,Hibernating
50464,0,23.0,Mobile,1,8.0,Credit Card,Male,3.0,3,Grocery,3,Divorced,6,0,16.0,,1.0,3.0,276.39,3,2,5,10,Hibernating
50465,1,0.0,Mobile,1,,Debit Card,Female,2.0,4,Mobile,5,Divorced,2,1,11.0,0.0,1.0,0.0,123.19,5,1,1,7,Recent Customers
50466,0,6.0,Mobile,1,13.0,Credit Card,Male,2.0,3,Fashion,3,Divorced,1,0,11.0,0.0,3.0,,216.91000000000005,5,4,5,14,Champions
50467,1,0.0,Mobile,3,22.0,E wallet,Female,3.0,3,Laptop & Accessory,5,Single,6,0,15.0,1.0,1.0,2.0,153.24,4,1,2,7,Recent Customers
50468,0,20.0,Mobile,1,8.0,UPI,Female,2.0,3,Grocery,2,Divorced,2,1,11.0,,3.0,0.0,267.52,5,4,5,14,Champions
50469,0,9.0,Mobile,1,6.0,UPI,Female,2.0,3,Laptop & Accessory,4,Divorced,1,0,15.0,0.0,1.0,5.0,152.28,2,1,2,5,Hibernating
50470,0,2.0,Mobile,1,29.0,Debit Card,Male,,1,Mobile,3,Divorced,2,0,24.0,1.0,1.0,7.0,127.0,2,1,1,4,Hibernating
50471,1,20.0,Mobile,1,8.0,Debit Card,Male,2.0,3,Others,4,Single,8,1,,5.0,13.0,8.0,292.46,2,5,5,12,Champions
50472,0,8.0,Mobile,1,,Debit Card,Female,2.0,1,Mobile,3,Single,4,0,13.0,0.0,2.0,2.0,125.06,4,2,1,7,Recent Customers
50473,0,15.0,Mobile,1,6.0,Debit Card,Female,2.0,4,Laptop & Accessory,2,Divorced,10,1,13.0,0.0,1.0,2.0,160.62,4,2,3,9,Recent Customers
50474,1,0.0,Mobile,1,8.0,Credit Card,Male,2.0,3,Mobile Phone,3,Single,7,0,17.0,0.0,2.0,1.0,143.82,4,2,2,8,Recent Customers
50475,0,,Mobile,2,19.0,UPI,Male,2.0,3,Mobile,4,Divorced,4,0,13.0,1.0,1.0,4.0,121.43,2,1,1,4,Hibernating
50476,0,5.0,Mobile,1,10.0,Debit Card,Female,3.0,4,Laptop & Accessory,3,Divorced,2,0,12.0,1.0,6.0,8.0,161.62,1,5,3,9,Loyal
50477,0,13.0,Computer,1,22.0,Credit Card,Male,2.0,4,Laptop & Accessory,3,Single,7,0,14.0,1.0,1.0,0.0,150.94,5,1,2,8,Recent Customers
50478,0,3.0,Mobile,1,8.0,Credit Card,Female,2.0,4,Laptop & Accessory,2,Single,6,1,24.0,1.0,1.0,0.0,168.77,5,2,3,10,Recent Customers
50479,0,,Mobile,1,8.0,Debit Card,Female,3.0,4,Mobile,3,Single,2,0,14.0,1.0,1.0,0.0,122.74,5,1,1,7,Recent Customers
50480,0,15.0,Mobile,1,35.0,Debit Card,Male,3.0,3,Laptop & Accessory,4,Divorced,2,0,13.0,2.0,7.0,8.0,144.34,1,5,2,8,At Risk
50481,0,11.0,Computer,1,18.0,Debit Card,Male,2.0,4,Laptop & Accessory,5,Married,3,0,15.0,1.0,1.0,2.0,162.88,4,2,3,9,Recent Customers
50482,0,7.0,Computer,1,,Debit Card,Female,3.0,4,Mobile,2,Single,2,0,16.0,1.0,1.0,3.0,125.53,3,1,1,5,Hibernating
50483,1,12.0,Mobile,3,17.0,E wallet,Female,2.0,3,Fashion,2,Divorced,2,0,18.0,0.0,7.0,7.0,176.54,2,5,4,11,Champions
50484,1,18.0,Mobile,3,8.0,Credit Card,Male,2.0,3,Laptop & Accessory,2,Single,5,0,16.0,0.0,7.0,3.0,151.6,4,5,2,11,Hibernating
50485,0,16.0,Mobile,1,20.0,Debit Card,Male,3.0,3,Grocery,5,Divorced,7,0,24.0,,1.0,0.0,271.59,5,2,5,12,Recent Customers
50486,0,0.0,Mobile,1,11.0,Cash on Delivery,Male,2.0,4,Fashion,2,Married,2,1,16.0,0.0,1.0,,228.08,5,2,5,12,Recent Customers
50487,0,8.0,Mobile,1,13.0,UPI,Male,2.0,3,Fashion,3,Single,4,0,21.0,0.0,1.0,6.0,202.21,2,2,4,8,Hibernating
50488,0,1.0,Mobile,3,8.0,E wallet,Female,2.0,3,Laptop & Accessory,4,Divorced,2,1,20.0,7.0,7.0,5.0,147.79,2,5,2,9,At Risk
50489,0,7.0,Mobile,2,9.0,UPI,Male,2.0,3,Mobile Phone,2,Divorced,1,0,19.0,1.0,1.0,2.0,137.37,4,1,1,6,Recent Customers
50490,1,0.0,Computer,1,,Credit Card,Female,2.0,4,Mobile,3,Divorced,2,1,14.0,0.0,1.0,7.0,123.66,2,1,1,4,Hibernating
50491,0,,Computer,1,9.0,Credit Card,Male,2.0,3,Mobile Phone,2,Divorced,2,0,11.0,1.0,1.0,0.0,117.06,5,1,1,7,Recent Customers
50492,0,24.0,Mobile,3,32.0,E wallet,Female,3.0,3,Grocery,3,Divorced,3,0,14.0,,4.0,17.0,263.07,1,4,5,10,Champions
50493,0,17.0,Mobile,1,10.0,Credit Card,Male,2.0,3,Laptop & Accessory,4,Single,10,0,12.0,1.0,2.0,3.0,159.33,3,3,3,9,Loyal
50494,0,0.0,Mobile,1,8.0,Credit Card,Male,3.0,1,Mobile,5,Single,8,0,13.0,1.0,1.0,1.0,134.24,4,1,1,6,Recent Customers
50495,0,6.0,Mobile,3,6.0,Credit Card,Male,2.0,1,Laptop & Accessory,5,Married,2,0,22.0,0.0,1.0,8.0,140.37,1,1,1,3,Hibernating
50496,0,8.0,Mobile,1,,Credit Card,Female,2.0,4,Mobile,5,Single,2,0,11.0,1.0,1.0,1.0,125.59,4,1,1,6,Recent Customers
50497,0,9.0,Mobile,3,6.0,Debit Card,Male,2.0,3,Laptop & Accessory,2,Divorced,2,1,14.0,2.0,4.0,11.0,162.01,1,4,3,8,Loyal
50498,0,5.0,Mobile,3,19.0,Debit Card,Male,3.0,3,Laptop & Accessory,2,Married,3,0,11.0,0.0,1.0,3.0,144.03,3,1,2,6,Hibernating
50499,0,3.0,Computer,1,11.0,Debit Card,Male,3.0,4,Mobile Phone,2,Married,10,0,12.0,0.0,1.0,3.0,137.61,3,1,1,5,Hibernating
50500,0,26.0,Mobile,3,13.0,E wallet,Female,3.0,4,Fashion,2,Divorced,8,1,18.0,0.0,1.0,,209.34,5,2,5,12,Recent Customers
50501,0,18.0,Mobile,3,15.0,E wallet,Male,3.0,3,Fashion,5,Married,5,1,12.0,1.0,1.0,2.0,207.61,4,2,4,10,Recent Customers
50502,0,5.0,Mobile,1,14.0,Credit Card,Female,3.0,1,Laptop & Accessory,3,Divorced,6,0,12.0,1.0,1.0,3.0,151.75,3,1,2,6,Hibernating
50503,0,25.0,Computer,1,31.0,Credit Card,Female,2.0,4,Grocery,2,Divorced,4,0,22.0,0.0,,0.0,238.26,5,5,5,15,Champions
50504,0,10.0,Mobile,3,22.0,E wallet,Male,3.0,4,Laptop & Accessory,3,Married,5,0,19.0,1.0,1.0,0.0,163.34,5,2,3,10,Recent Customers
50505,0,1.0,Mobile,2,14.0,Credit Card,Male,3.0,4,Mobile Phone,2,Married,2,0,13.0,0.0,1.0,4.0,149.36,2,1,2,5,Hibernating
50506,0,0.0,Mobile,1,6.0,Debit Card,Male,2.0,4,Laptop & Accessory,2,Divorced,7,0,22.0,2.0,2.0,2.0,147.75,4,2,2,8,Recent Customers
50507,0,17.0,Mobile,1,14.0,Debit Card,Male,,1,Mobile,2,Divorced,3,1,24.0,1.0,1.0,2.0,128.18,4,1,1,6,Recent Customers
50508,0,15.0,Computer,1,,Credit Card,Male,2.0,3,Mobile,2,Single,6,1,14.0,0.0,2.0,2.0,125.15,4,2,1,7,Recent Customers
50509,0,9.0,Mobile,2,,Debit Card,Male,3.0,4,Mobile,5,Divorced,1,0,21.0,1.0,1.0,3.0,123.42,3,1,1,5,Hibernating
50510,0,0.0,Mobile,3,9.0,UPI,Male,3.0,3,Laptop & Accessory,5,Divorced,2,1,18.0,1.0,1.0,3.0,141.94,3,1,2,6,Hibernating
50511,0,8.0,Mobile,1,15.0,Debit Card,Female,3.0,4,Fashion,3,Divorced,2,1,20.0,2.0,5.0,15.0,206.85,1,4,4,9,Champions
50512,1,,Computer,1,31.0,Debit Card,Female,3.0,3,Mobile,4,Married,2,1,19.0,0.0,7.0,8.0,120.22,1,5,1,7,At Risk
50513,0,5.0,Computer,1,6.0,Debit Card,Male,3.0,3,Mobile,2,Married,1,0,12.0,0.0,1.0,2.0,123.14,4,1,1,6,Recent Customers
50514,0,0.0,Mobile,3,10.0,E wallet,Male,2.0,4,Laptop & Accessory,5,Divorced,2,0,12.0,1.0,1.0,3.0,142.56,3,1,2,6,Hibernating
50515,0,22.0,Mobile,1,6.0,Cash on Delivery,Female,2.0,3,Mobile Phone,5,Divorced,3,0,16.0,1.0,1.0,2.0,135.8,4,1,1,6,Recent Customers
50516,0,0.0,Computer,1,10.0,Debit Card,Male,,4,Mobile,2,Divorced,1,0,17.0,0.0,3.0,4.0,131.62,3,4,1,8,Hibernating
50517,0,5.0,Computer,3,11.0,Debit Card,Male,2.0,3,Laptop & Accessory,4,Divorced,2,0,14.0,2.0,5.0,3.0,165.24,3,4,3,10,Loyal
50518,0,11.0,Mobile,3,15.0,E wallet,Male,,4,Mobile,4,Divorced,1,0,19.0,0.0,1.0,2.0,128.99,4,1,1,6,Recent Customers
50519,0,15.0,Mobile,1,9.0,Debit Card,Female,3.0,1,Laptop & Accessory,2,Divorced,3,1,13.0,0.0,1.0,3.0,152.31,3,1,2,6,Hibernating
50520,0,4.0,Mobile,1,,Debit Card,Male,2.0,3,Mobile,2,Divorced,4,1,19.0,1.0,1.0,2.0,123.56,4,1,1,6,Recent Customers
50521,1,0.0,Mobile,3,6.0,Credit Card,Female,,4,Mobile,3,Married,7,1,19.0,0.0,1.0,2.0,128.0,4,1,1,6,Recent Customers
50522,0,26.0,Mobile,3,14.0,E wallet,Male,3.0,3,Grocery,2,Divorced,6,0,14.0,0.0,2.0,,218.36,5,4,5,14,Champions
50523,0,8.0,Mobile,1,31.0,Cash on Delivery,Male,3.0,4,Fashion,4,Divorced,4,0,16.0,3.0,4.0,8.0,209.03,1,4,5,10,Champions
50524,0,10.0,Computer,3,27.0,Credit Card,Female,,3,Mobile,2,Divorced,6,0,15.0,1.0,1.0,0.0,129.73,5,1,1,7,Recent Customers
50525,0,26.0,Mobile,1,29.0,Debit Card,Female,3.0,3,Grocery,2,Single,7,0,18.0,2.0,,8.0,242.75,2,5,5,12,Champions
50526,0,16.0,Computer,1,6.0,Debit Card,Female,2.0,3,Laptop & Accessory,2,Divorced,5,0,13.0,1.0,2.0,2.0,155.62,4,3,3,10,Loyal
50527,0,20.0,Mobile,3,8.0,E wallet,Female,2.0,3,Laptop & Accessory,2,Divorced,1,1,22.0,5.0,7.0,7.0,145.37,2,5,2,9,At Risk
50528,0,10.0,Computer,3,25.0,Credit Card,Male,2.0,3,Fashion,4,Single,2,1,13.0,0.0,1.0,9.0,176.42,1,2,4,7,Hibernating
50529,0,23.0,Computer,1,8.0,Debit Card,Male,3.0,3,Grocery,5,Married,2,0,11.0,,14.0,7.0,279.24,2,5,5,12,Champions
50530,0,12.0,Mobile,2,8.0,Debit Card,Female,2.0,4,Laptop & Accessory,2,Divorced,9,0,11.0,0.0,1.0,4.0,152.04,2,1,2,5,Hibernating
50531,0,,Mobile,2,9.0,UPI,Male,2.0,3,Mobile,4,Married,4,1,11.0,0.0,1.0,3.0,122.77,3,1,1,5,Hibernating
50532,1,0.0,Mobile,1,31.0,Debit Card,Male,,3,Mobile,2,Single,2,1,24.0,1.0,1.0,1.0,127.95,4,1,1,6,Recent Customers
50533,0,2.0,Mobile,1,,Credit Card,Female,3.0,4,Mobile,2,Married,7,0,14.0,1.0,1.0,3.0,125.32,3,1,1,5,Hibernating
50534,0,17.0,Mobile,1,,Debit Card,Male,3.0,3,Mobile,5,Divorced,2,1,13.0,2.0,7.0,1.0,125.59,5,5,1,11,Hibernating
50535,0,1.0,Mobile,3,11.0,Credit Card,Male,3.0,3,Laptop & Accessory,2,Single,2,0,14.0,1.0,1.0,2.0,149.08,4,1,2,7,Recent Customers
50536,1,20.0,Computer,1,,Debit Card,Male,2.0,4,Mobile,2,Married,10,1,14.0,0.0,1.0,0.0,123.8,5,1,1,7,Recent Customers
50537,0,16.0,Mobile,1,14.0,Debit Card,Female,2.0,3,Laptop & Accessory,4,Married,5,0,21.0,1.0,1.0,0.0,147.65,5,1,2,8,Recent Customers
50538,1,,Mobile,3,8.0,Credit Card,Female,2.0,4,Mobile,3,Single,2,0,13.0,0.0,1.0,2.0,120.44,4,1,1,6,Recent Customers
50539,1,0.0,Mobile,1,24.0,UPI,Female,,3,Mobile,2,Single,2,0,19.0,1.0,1.0,0.0,126.93,5,1,1,7,Recent Customers
50540,0,9.0,Mobile,1,20.0,Debit Card,Male,3.0,3,Laptop & Accessory,2,Divorced,1,1,17.0,4.0,4.0,11.0,165.86,1,4,3,8,Loyal
50541,0,20.0,Mobile,3,8.0,Debit Card,Female,3.0,4,Mobile,2,Single,2,1,18.0,1.0,1.0,2.0,132.94,4,1,1,6,Recent Customers
50542,1,0.0,Mobile,1,9.0,Debit Card,Female,2.0,3,Laptop & Accessory,3,Divorced,1,1,19.0,1.0,1.0,2.0,141.71,4,1,2,7,Recent Customers
50543,1,4.0,Mobile,1,8.0,Debit Card,Female,,5,Mobile,2,Married,5,1,13.0,0.0,1.0,0.0,127.78,5,1,1,7,Recent Customers
50544,0,1.0,Mobile,1,,Credit Card,Female,3.0,3,Mobile,3,Married,6,0,18.0,2.0,2.0,2.0,123.77,4,2,1,7,Recent Customers
50545,1,2.0,Mobile,1,,Credit Card,Male,3.0,3,Mobile,5,Divorced,8,1,21.0,1.0,2.0,2.0,124.04,4,2,1,7,Recent Customers
50546,0,0.0,Mobile,1,,Debit Card,Female,3.0,3,Mobile,3,Single,2,0,19.0,1.0,1.0,0.0,123.18,5,1,1,7,Recent Customers
50547,0,,Mobile,1,16.0,Debit Card,Male,2.0,3,Mobile,4,Married,2,0,14.0,1.0,1.0,0.0,120.08,5,1,1,7,Recent Customers
50548,0,15.0,Mobile,3,20.0,Credit Card,Female,3.0,4,Laptop & Accessory,3,Single,8,0,17.0,0.0,1.0,3.0,162.44,3,2,3,8,Hibernating
50549,0,6.0,Mobile,1,6.0,UPI,Male,,4,Mobile,5,Single,4,1,11.0,0.0,1.0,2.0,127.99,4,1,1,6,Recent Customers
50550,0,30.0,Mobile,1,11.0,Cash on Delivery,Female,2.0,4,Fashion,4,Married,3,1,13.0,1.0,1.0,4.0,205.52,2,2,4,8,Hibernating
50551,0,4.0,Mobile,3,,Debit Card,Male,2.0,4,Mobile,3,Divorced,4,0,15.0,3.0,5.0,2.0,123.29,4,4,1,9,Hibernating
50552,0,8.0,Mobile,1,27.0,Debit Card,Female,2.0,3,Laptop & Accessory,2,Divorced,2,1,25.0,0.0,1.0,7.0,140.14,2,1,1,4,Hibernating
50553,0,22.0,Mobile,1,14.0,UPI,Female,2.0,3,Fashion,4,Divorced,5,0,11.0,0.0,1.0,7.0,174.03,2,2,4,8,Hibernating
50554,0,,Mobile,1,26.0,Credit Card,Male,2.0,3,Mobile,3,Divorced,5,0,17.0,0.0,1.0,0.0,122.59,5,1,1,7,Recent Customers
50555,0,4.0,Computer,3,26.0,E wallet,Female,2.0,3,Laptop & Accessory,3,Divorced,2,0,13.0,1.0,1.0,0.0,169.32,5,2,3,10,Recent Customers
50556,0,9.0,Mobile,1,13.0,UPI,Male,3.0,3,Mobile Phone,2,Single,3,0,18.0,0.0,1.0,1.0,146.78,4,1,2,7,Recent Customers
50557,0,11.0,Mobile,1,6.0,Cash on Delivery,Female,3.0,3,Fashion,5,Divorced,2,0,13.0,3.0,,11.0,235.82,1,5,5,11,Champions
50558,0,5.0,Computer,1,,Debit Card,Female,3.0,4,Mobile,4,Divorced,7,0,20.0,1.0,1.0,2.0,123.32,4,1,1,6,Recent Customers
50559,1,0.0,Mobile,3,,E wallet,Male,2.0,4,Mobile,4,Divorced,2,1,18.0,0.0,1.0,0.0,124.13,5,1,1,7,Recent Customers
50560,0,13.0,Mobile,3,16.0,E wallet,Male,3.0,4,Fashion,4,Married,3,0,12.0,1.0,1.0,0.0,197.05,5,2,4,11,Recent Customers
50561,0,0.0,Computer,3,6.0,Credit Card,Male,2.0,4,Laptop & Accessory,5,Single,2,0,12.0,1.0,1.0,7.0,142.94,2,1,2,5,Hibernating
50562,0,14.0,Mobile,1,12.0,Credit Card,Male,2.0,3,Mobile Phone,5,Single,3,1,13.0,1.0,2.0,17.0,147.21,1,2,2,5,Hibernating
50563,0,9.0,Mobile,1,,Credit Card,Male,3.0,3,Mobile,3,Single,5,0,21.0,2.0,3.0,9.0,125.19,1,4,1,6,At Risk
50564,1,,Mobile,3,27.0,UPI,Male,2.0,4,Mobile,4,Single,2,1,13.0,0.0,1.0,0.0,121.21,5,1,1,7,Recent Customers
50565,1,0.0,Mobile,1,10.0,Cash on Delivery,Male,,3,Mobile,5,Single,2,0,19.0,1.0,1.0,0.0,129.73,5,1,1,7,Recent Customers
50566,0,4.0,Mobile,1,18.0,Credit Card,Female,2.0,3,Laptop & Accessory,2,Divorced,1,1,11.0,0.0,8.0,5.0,158.55,2,5,3,10,Loyal
50567,0,13.0,Computer,1,15.0,Credit Card,Male,2.0,3,Mobile Phone,4,Married,9,1,14.0,0.0,1.0,0.0,136.17,5,1,1,7,Recent Customers
50568,0,5.0,Mobile,1,9.0,Credit Card,Female,3.0,3,Laptop & Accessory,5,Divorced,2,0,12.0,6.0,6.0,3.0,167.25,4,5,3,12,Loyal
50569,1,0.0,Mobile,3,9.0,Debit Card,Male,2.0,4,Fashion,2,Divorced,2,1,11.0,3.0,3.0,7.0,203.25,2,4,4,10,Champions
50570,0,6.0,Mobile,1,6.0,Debit Card,Female,2.0,4,Laptop & Accessory,2,Single,1,0,14.0,0.0,1.0,4.0,169.49,2,2,3,7,Hibernating
50571,1,0.0,Mobile,3,6.0,Debit Card,Male,2.0,4,Fashion,3,Divorced,6,0,11.0,1.0,11.0,7.0,206.09,2,5,4,11,Champions
50572,0,18.0,Computer,1,10.0,Debit Card,Male,2.0,3,Laptop & Accessory,4,Divorced,2,0,12.0,1.0,1.0,8.0,144.47,1,1,2,4,Hibernating
50573,0,,Computer,3,26.0,Cash on Delivery,Female,2.0,3,Mobile,2,Divorced,2,0,15.0,0.0,1.0,2.0,121.57,4,1,1,6,Recent Customers
50574,0,8.0,Mobile,3,24.0,Credit Card,Female,2.0,3,Laptop & Accessory,3,Divorced,2,0,16.0,1.0,1.0,0.0,146.01,5,1,2,8,Recent Customers
50575,0,25.0,Mobile,1,6.0,Debit Card,Male,3.0,3,Grocery,2,Divorced,3,0,15.0,,7.0,8.0,270.99,2,5,5,12,Champions
50576,1,20.0,Mobile,1,,Cash on Delivery,Male,2.0,3,Mobile,3,Single,5,0,24.0,1.0,1.0,0.0,124.79,5,1,1,7,Recent Customers
50577,0,26.0,Mobile,3,8.0,Credit Card,Male,2.0,3,Grocery,3,Married,7,0,13.0,2.0,,2.0,248.52,4,5,5,14,Champions
50578,0,3.0,Mobile,3,14.0,UPI,Male,3.0,3,Fashion,3,Married,6,0,11.0,4.0,7.0,7.0,172.64,2,5,3,10,Loyal
50579,0,11.0,Computer,3,16.0,Cash on Delivery,Female,2.0,3,Laptop & Accessory,2,Single,2,1,13.0,0.0,1.0,3.0,156.66,3,2,3,8,Hibernating
50580,0,8.0,Mobile,3,9.0,Debit Card,Male,3.0,3,Fashion,2,Married,7,0,13.0,0.0,1.0,8.0,178.23,1,2,4,7,Hibernating
50581,0,12.0,Mobile,3,8.0,Debit Card,Male,2.0,1,Fashion,3,Single,1,0,18.0,1.0,1.0,7.0,178.8,2,2,4,8,Hibernating
50582,1,3.0,Computer,3,30.0,Debit Card,Female,3.0,1,Grocery,4,Single,5,1,16.0,1.0,,0.0,231.94,5,5,5,15,Champions
50583,0,20.0,Computer,1,22.0,Credit Card,Male,3.0,1,Laptop & Accessory,3,Married,2,1,19.0,0.0,2.0,7.0,150.67,2,3,2,7,At Risk
50584,0,9.0,Computer,3,14.0,Cash on Delivery,Male,2.0,3,Laptop & Accessory,2,Married,5,0,13.0,1.0,1.0,7.0,150.79,2,1,2,5,Hibernating
50585,1,0.0,Computer,1,,Credit Card,Male,2.0,4,Mobile,5,Single,1,1,22.0,1.0,1.0,2.0,123.21,4,1,1,6,Recent Customers
50586,0,6.0,Computer,3,23.0,Debit Card,Male,2.0,3,Grocery,3,Single,2,0,11.0,,6.0,0.0,274.44,5,5,5,15,Champions
50587,1,0.0,Mobile,1,,Debit Card,Female,3.0,4,Mobile,5,Single,7,1,20.0,1.0,1.0,0.0,124.04,5,1,1,7,Recent Customers
50588,0,6.0,Mobile,1,19.0,Debit Card,Female,2.0,3,Mobile,2,Single,4,0,18.0,1.0,1.0,2.0,134.52,4,1,1,6,Recent Customers
50589,0,,Mobile,1,6.0,Credit Card,Female,3.0,3,Mobile,2,Married,4,0,14.0,0.0,1.0,2.0,122.7,4,1,1,6,Recent Customers
50590,0,23.0,Mobile,1,6.0,Credit Card,Male,3.0,3,Grocery,2,Married,10,0,22.0,,1.0,3.0,273.99,3,2,5,10,Hibernating
50591,0,6.0,Computer,1,6.0,UPI,Female,2.0,1,Laptop & Accessory,4,Divorced,2,1,13.0,0.0,1.0,2.0,154.88,4,2,3,9,Recent Customers
50592,0,14.0,Computer,1,15.0,Credit Card,Male,3.0,3,Others,3,Married,3,0,,1.0,1.0,11.0,294.19,1,2,5,8,Hibernating
50593,0,0.0,Mobile,1,22.0,Cash on Delivery,Female,,3,Mobile,4,Divorced,10,0,14.0,2.0,2.0,2.0,128.11,4,2,1,7,Recent Customers
50594,0,18.0,Computer,1,29.0,Debit Card,Male,2.0,3,Laptop & Accessory,5,Divorced,2,1,15.0,1.0,1.0,8.0,136.33,1,1,1,3,Hibernating
50595,0,20.0,Mobile,3,10.0,Debit Card,Female,2.0,3,Laptop & Accessory,2,Single,2,1,17.0,1.0,1.0,7.0,141.63,2,1,2,5,Hibernating
50596,1,,Mobile,1,28.0,Debit Card,Female,2.0,3,Mobile,3,Divorced,5,1,11.0,0.0,1.0,1.0,121.32,4,1,1,6,Recent Customers
50597,0,23.0,Mobile,1,30.0,Debit Card,Male,3.0,3,Grocery,3,Divorced,4,1,18.0,0.0,,5.0,239.73,2,5,5,12,Champions
50598,0,11.0,Computer,1,16.0,Credit Card,Male,,3,Mobile,3,Divorced,1,0,17.0,0.0,1.0,2.0,126.84,4,1,1,6,Recent Customers
50599,0,19.0,Mobile,1,13.0,Credit Card,Male,3.0,3,Fashion,3,Married,7,0,13.0,0.0,1.0,7.0,208.45,2,2,4,8,Hibernating
50600,0,0.0,Mobile,1,23.0,Credit Card,Female,2.0,4,Laptop & Accessory,3,Married,2,0,15.0,2.0,3.0,2.0,143.77,4,4,2,10,Hibernating
50601,1,0.0,Mobile,1,20.0,UPI,Male,2.0,4,Mobile Phone,4,Married,2,1,24.0,1.0,1.0,2.0,137.43,4,1,1,6,Recent Customers
50602,0,4.0,Computer,1,6.0,Debit Card,Female,3.0,3,Laptop & Accessory,5,Divorced,2,0,12.0,1.0,1.0,3.0,141.48,3,1,2,6,Hibernating
50603,0,0.0,Computer,1,11.0,Debit Card,Male,3.0,3,Mobile Phone,2,Single,2,0,15.0,1.0,1.0,0.0,110.51,5,1,1,7,Recent Customers
50604,0,27.0,Mobile,1,23.0,Cash on Delivery,Female,2.0,3,Fashion,3,Divorced,9,0,11.0,1.0,1.0,8.0,207.39,1,2,4,7,Hibernating
50605,0,8.0,Mobile,1,31.0,Credit Card,Female,2.0,3,Fashion,3,Married,2,1,11.0,2.0,10.0,1.0,203.88,5,5,4,14,Champions
50606,0,3.0,Mobile,1,14.0,Debit Card,Female,3.0,1,Fashion,5,Divorced,1,1,12.0,0.0,1.0,,214.16000000000005,5,2,5,12,Recent Customers
50607,1,0.0,Mobile,1,,Credit Card,Female,3.0,4,Mobile,5,Single,2,1,15.0,0.0,1.0,0.0,126.0,5,1,1,7,Recent Customers
50608,1,0.0,Computer,1,,Credit Card,Female,2.0,3,Mobile,4,Single,1,0,17.0,0.0,1.0,2.0,124.22,4,1,1,6,Recent Customers
50609,0,0.0,Mobile,1,8.0,Credit Card,Male,2.0,1,Laptop & Accessory,2,Divorced,2,0,12.0,1.0,1.0,3.0,154.72,3,2,3,8,Hibernating
50610,0,0.0,Mobile,1,,Debit Card,Male,3.0,5,Mobile,5,Divorced,2,0,15.0,1.0,1.0,1.0,124.51,4,1,1,6,Recent Customers
50611,0,21.0,Mobile,1,12.0,Debit Card,Male,3.0,4,Laptop & Accessory,3,Single,3,0,13.0,0.0,2.0,2.0,142.4,4,2,2,8,Recent Customers
50612,0,21.0,Mobile,1,10.0,Debit Card,Male,3.0,4,Fashion,3,Single,8,0,14.0,1.0,4.0,,209.99,5,4,5,14,Champions
50613,0,14.0,Mobile,1,13.0,Credit Card,Female,2.0,3,Laptop & Accessory,3,Single,7,0,14.0,1.0,2.0,1.0,150.03,4,3,2,9,Hibernating
50614,0,12.0,Mobile,1,6.0,Debit Card,Female,3.0,4,Grocery,2,Divorced,2,0,16.0,0.0,11.0,,227.42,5,5,5,15,Champions
50615,0,0.0,Mobile,1,8.0,Debit Card,Female,2.0,3,Laptop & Accessory,2,Divorced,1,0,18.0,0.0,2.0,2.0,142.27,4,2,2,8,Recent Customers
50616,0,8.0,Mobile,1,16.0,UPI,Male,2.0,3,Mobile Phone,2,Married,2,0,20.0,1.0,1.0,2.0,139.17,4,1,1,6,Recent Customers
50617,0,15.0,Mobile,3,11.0,E wallet,Male,2.0,3,Others,3,Divorced,7,0,13.0,,1.0,0.0,283.03,5,2,5,12,Recent Customers
50618,0,23.0,Mobile,1,,Debit Card,Male,3.0,3,Mobile,2,Divorced,5,0,18.0,1.0,1.0,0.0,123.8,5,1,1,7,Recent Customers
50619,0,30.0,Mobile,1,8.0,Debit Card,Female,3.0,4,Grocery,2,Single,4,1,13.0,0.0,,3.0,237.26,4,5,5,14,Champions
50620,1,0.0,Mobile,1,17.0,Credit Card,Female,3.0,5,Laptop & Accessory,4,Divorced,6,0,15.0,1.0,1.0,0.0,147.77,5,1,2,8,Recent Customers
50621,0,28.0,Computer,1,24.0,Credit Card,Male,3.0,3,Laptop & Accessory,4,Divorced,4,1,14.0,6.0,6.0,7.0,163.85,2,5,3,10,Loyal
50622,0,14.0,Computer,1,13.0,Debit Card,Female,2.0,5,Others,3,Married,2,0,,1.0,5.0,10.0,299.73,1,5,5,11,Champions
50623,0,11.0,Mobile,3,9.0,Debit Card,Male,2.0,3,Laptop & Accessory,2,Single,9,1,12.0,1.0,1.0,0.0,168.61,5,2,3,10,Recent Customers
50624,1,0.0,Computer,3,35.0,Credit Card,Male,3.0,5,Laptop & Accessory,5,Single,9,0,18.0,0.0,2.0,2.0,149.69,4,3,2,9,Hibernating
50625,1,15.0,Mobile,3,8.0,E wallet,Female,2.0,5,Others,2,Divorced,2,0,,5.0,6.0,9.0,298.45,1,5,5,11,Champions
50626,0,17.0,Mobile,3,34.0,Credit Card,Female,2.0,1,Grocery,2,Divorced,4,1,18.0,1.0,,11.0,233.2,1,5,5,11,Champions
50627,0,23.0,Computer,3,6.0,Debit Card,Female,3.0,3,Laptop & Accessory,3,Divorced,1,0,12.0,1.0,1.0,13.0,163.47,1,2,3,6,Hibernating
50628,1,0.0,Mobile,1,22.0,Debit Card,Female,,1,Mobile,5,Single,2,0,16.0,15.0,15.0,14.0,127.43,1,5,1,7,At Risk
50629,0,12.0,Computer,1,28.0,Credit Card,Female,2.0,3,Fashion,5,Single,2,1,13.0,1.0,2.0,8.0,208.8,1,4,4,9,Champions
50630,0,6.0,Computer,3,,Debit Card,Female,2.0,4,Mobile,2,Single,1,0,19.0,2.0,2.0,2.0,123.42,4,2,1,7,Recent Customers
50631,0,18.0,Mobile,3,17.0,Debit Card,Female,2.0,3,Grocery,2,Divorced,4,0,13.0,,1.0,1.0,276.5,4,2,5,11,Recent Customers
50632,0,5.0,Computer,1,35.0,Credit Card,Female,3.0,3,Mobile Phone,3,Single,10,0,12.0,5.0,7.0,7.0,140.25,2,5,1,8,At Risk
50633,0,7.0,Mobile,3,6.0,E wallet,Male,3.0,1,Laptop & Accessory,2,Married,1,0,11.0,1.0,1.0,9.0,197.25,1,2,4,7,Hibernating
50634,0,30.0,Mobile,3,6.0,Cash on Delivery,Male,3.0,3,Fashion,2,Divorced,4,1,14.0,0.0,1.0,,219.04,5,2,5,12,Recent Customers
50635,0,,Mobile,2,30.0,Credit Card,Male,2.0,3,Mobile,4,Single,2,0,16.0,0.0,1.0,4.0,121.77,2,1,1,4,Hibernating
50636,0,26.0,Computer,3,8.0,E wallet,Female,2.0,4,Fashion,4,Divorced,3,0,12.0,0.0,6.0,12.0,175.25,1,5,4,10,Champions
50637,1,0.0,Mobile,1,21.0,UPI,Male,2.0,3,Laptop & Accessory,3,Married,8,0,14.0,0.0,1.0,0.0,148.34,5,1,2,8,Recent Customers
50638,1,,Computer,1,8.0,Debit Card,Male,2.0,3,Mobile,5,Divorced,7,1,14.0,1.0,1.0,2.0,120.42,4,1,1,6,Recent Customers
50639,0,,Mobile,3,16.0,Debit Card,Female,2.0,3,Mobile,3,Divorced,2,1,19.0,0.0,1.0,0.0,122.2,5,1,1,7,Recent Customers
50640,0,1.0,Mobile,3,16.0,Credit Card,Male,3.0,3,Mobile Phone,4,Divorced,2,0,22.0,1.0,1.0,0.0,110.52,5,1,1,7,Recent Customers
50641,0,11.0,Computer,1,9.0,UPI,Male,,3,Mobile,3,Divorced,4,0,16.0,2.0,2.0,2.0,128.21,4,2,1,7,Recent Customers
50642,0,23.0,Mobile,1,8.0,Credit Card,Male,3.0,3,Others,3,Divorced,3,1,,7.0,7.0,7.0,292.37,2,5,5,12,Champions
50643,0,10.0,Mobile,1,9.0,UPI,Female,2.0,3,Laptop & Accessory,4,Single,4,0,15.0,1.0,1.0,1.0,141.07,4,1,2,7,Recent Customers
50644,0,13.0,Mobile,3,32.0,E wallet,Male,3.0,3,Laptop & Accessory,5,Divorced,2,0,14.0,5.0,7.0,5.0,183.96,2,5,4,11,Champions
50645,0,,Computer,1,6.0,Credit Card,Female,3.0,4,Mobile,3,Married,2,0,13.0,1.0,1.0,3.0,120.07,3,1,1,5,Hibernating
50646,0,19.0,Mobile,1,6.0,Credit Card,Male,2.0,3,Others,2,Married,10,0,,1.0,2.0,2.0,296.27,4,4,5,13,Champions
50647,0,27.0,Mobile,3,8.0,Debit Card,Female,2.0,4,Fashion,3,Divorced,7,0,11.0,6.0,7.0,0.0,206.86,5,5,4,14,Champions
50648,0,29.0,Computer,1,15.0,Credit Card,Female,,3,Mobile,3,Divorced,3,0,19.0,0.0,1.0,3.0,129.42,3,1,1,5,Hibernating
50649,0,9.0,Mobile,1,18.0,Credit Card,Female,2.0,4,Fashion,2,Single,1,0,11.0,5.0,7.0,8.0,188.58,2,5,4,11,Champions
50650,0,28.0,Computer,1,8.0,Credit Card,Male,2.0,4,Grocery,5,Single,8,0,15.0,,6.0,2.0,267.56,4,5,5,14,Champions
50651,0,16.0,Mobile,3,31.0,Credit Card,Male,3.0,4,Fashion,2,Married,6,0,13.0,1.0,,0.0,234.0,5,5,5,15,Champions
50652,1,0.0,Computer,3,,E wallet,Female,2.0,3,Mobile,2,Single,2,1,14.0,0.0,1.0,2.0,123.23,4,1,1,6,Recent Customers
50653,1,,Mobile,1,16.0,Debit Card,Female,2.0,4,Mobile Phone,5,Single,2,0,13.0,1.0,1.0,0.0,114.16,5,1,1,7,Recent Customers
50654,0,19.0,Mobile,1,14.0,Debit Card,Female,3.0,4,Laptop & Accessory,5,Married,9,1,23.0,1.0,1.0,7.0,146.15,2,1,2,5,Hibernating
50655,1,14.0,Mobile,1,,Debit Card,Male,2.0,3,Mobile,3,Divorced,10,1,12.0,1.0,2.0,7.0,124.61,2,2,1,5,Hibernating
50656,1,0.0,Computer,1,30.0,Cash on Delivery,Male,3.0,4,Fashion,5,Single,2,0,12.0,0.0,1.0,9.0,187.22,1,2,4,7,Hibernating
50657,0,0.0,Mobile,1,6.0,Credit Card,Male,2.0,4,Mobile Phone,5,Divorced,2,0,16.0,0.0,1.0,3.0,139.55,3,1,1,5,Hibernating
50658,0,3.0,Mobile,1,26.0,UPI,Male,2.0,3,Laptop & Accessory,5,Divorced,1,0,15.0,1.0,1.0,2.0,199.57,4,2,4,10,Recent Customers
50659,0,14.0,Mobile,1,13.0,Cash on Delivery,Female,2.0,1,Mobile,3,Divorced,2,0,13.0,1.0,1.0,8.0,133.76,1,1,1,3,Hibernating
50660,0,11.0,Mobile,1,23.0,Debit Card,Female,3.0,4,Fashion,3,Divorced,1,0,18.0,0.0,1.0,9.0,188.23,1,2,4,7,Hibernating
50661,0,13.0,Mobile,1,26.0,Cash on Delivery,Male,3.0,3,Fashion,2,Divorced,5,0,20.0,4.0,11.0,1.0,203.22,5,5,4,14,Champions
50662,0,0.0,Computer,1,14.0,Debit Card,Male,2.0,5,Mobile Phone,3,Divorced,2,0,19.0,1.0,1.0,2.0,146.21,4,1,2,7,Recent Customers
50663,0,28.0,Computer,1,8.0,Debit Card,Male,3.0,3,Fashion,4,Divorced,4,0,18.0,1.0,1.0,,209.76,5,2,5,12,Recent Customers
50664,0,1.0,Mobile,1,16.0,UPI,Female,2.0,3,Laptop & Accessory,3,Single,4,0,13.0,1.0,1.0,7.0,136.6,2,1,1,4,Hibernating
50665,1,7.0,Mobile,2,6.0,Credit Card,Male,3.0,4,Fashion,5,Divorced,10,0,14.0,2.0,3.0,6.0,204.82,2,4,4,10,Champions
50666,0,6.0,Mobile,1,11.0,Debit Card,Male,2.0,4,Fashion,2,Married,5,0,15.0,0.0,1.0,2.0,171.19,4,2,3,9,Recent Customers
50667,1,0.0,Mobile,3,10.0,Cash on Delivery,Male,2.0,3,Fashion,5,Single,1,1,22.0,3.0,4.0,7.0,195.82,2,4,4,10,Champions
50668,1,0.0,Computer,1,35.0,Credit Card,Female,2.0,4,Laptop & Accessory,3,Single,2,0,22.0,3.0,3.0,8.0,145.08,1,4,2,7,At Risk
50669,0,,Mobile,1,21.0,Debit Card,Male,2.0,3,Mobile,3,Married,2,0,16.0,2.0,2.0,2.0,122.07,4,2,1,7,Recent Customers
50670,0,7.0,Computer,1,9.0,Debit Card,Male,2.0,3,Laptop & Accessory,2,Single,1,0,17.0,1.0,1.0,4.0,177.56,2,2,4,8,Hibernating
50671,0,10.0,Mobile,3,16.0,Debit Card,Female,2.0,4,Laptop & Accessory,2,Married,3,1,14.0,0.0,1.0,0.0,166.94,5,2,3,10,Recent Customers
50672,1,0.0,Mobile,1,10.0,Cash on Delivery,Male,2.0,3,Mobile Phone,2,Divorced,2,1,15.0,5.0,5.0,6.0,136.91,2,4,1,7,At Risk
50673,1,0.0,Mobile,1,,Credit Card,Male,2.0,3,Mobile,3,Married,2,0,20.0,1.0,1.0,0.0,123.77,5,1,1,7,Recent Customers
50674,1,,Mobile,1,31.0,Credit Card,Male,2.0,4,Mobile,4,Single,5,1,20.0,0.0,2.0,2.0,123.13,4,2,1,7,Recent Customers
50675,0,15.0,Mobile,1,8.0,Credit Card,Male,2.0,3,Grocery,5,Divorced,1,0,17.0,,13.0,7.0,276.65,2,5,5,12,Champions
50676,1,0.0,Computer,1,,Credit Card,Male,2.0,4,Mobile,4,Married,2,0,15.0,0.0,1.0,0.0,125.96,5,1,1,7,Recent Customers
50677,1,13.0,Computer,3,6.0,UPI,Male,2.0,3,Laptop & Accessory,3,Single,4,1,14.0,0.0,1.0,0.0,147.28,5,1,2,8,Recent Customers
50678,0,6.0,Computer,3,13.0,Debit Card,Female,1.0,3,Laptop & Accessory,4,Divorced,1,0,17.0,1.0,1.0,2.0,143.02,4,1,2,7,Recent Customers
50679,0,7.0,Computer,1,9.0,Debit Card,Male,,4,Mobile,2,Divorced,4,0,17.0,1.0,1.0,0.0,129.79,5,1,1,7,Recent Customers
50680,0,21.0,Computer,1,6.0,Credit Card,Male,2.0,1,Grocery,2,Single,3,0,22.0,,2.0,1.0,268.85,5,4,5,14,Champions
50681,0,18.0,Computer,3,15.0,Debit Card,Female,3.0,4,Laptop & Accessory,3,Divorced,2,0,13.0,0.0,4.0,12.0,155.93,1,4,3,8,Loyal
50682,0,25.0,Mobile,1,13.0,Debit Card,Male,2.0,3,Fashion,4,Single,8,0,19.0,3.0,4.0,0.0,204.45,5,4,4,13,Champions
50683,0,11.0,Mobile,3,16.0,E wallet,Male,3.0,4,Fashion,3,Married,1,1,14.0,2.0,2.0,7.0,187.4,2,3,4,9,Loyal
50684,0,2.0,Mobile,1,,Debit Card,Female,3.0,3,Mobile,2,Married,5,0,22.0,0.0,1.0,7.0,125.14,2,1,1,4,Hibernating
50685,0,1.0,Mobile,1,9.0,Credit Card,Female,3.0,3,Fashion,4,Married,1,0,17.0,0.0,1.0,7.0,176.55,2,2,4,8,Hibernating
50686,0,19.0,Mobile,3,9.0,E wallet,Male,2.0,3,Grocery,3,Divorced,4,0,12.0,,4.0,9.0,274.65,1,4,5,10,Champions
50687,0,11.0,Mobile,3,8.0,E wallet,Male,2.0,3,Fashion,4,Single,8,0,16.0,1.0,1.0,0.0,173.51,5,2,4,11,Recent Customers
50688,0,16.0,Computer,1,33.0,Debit Card,Female,2.0,3,Fashion,5,Divorced,9,0,11.0,0.0,1.0,1.0,208.2,4,2,4,10,Recent Customers
50689,1,2.0,Computer,1,8.0,Debit Card,Male,2.0,3,Grocery,2,Married,8,0,11.0,7.0,11.0,,221.69,5,5,5,15,Champions
50690,0,13.0,Mobile,1,20.0,Credit Card,Male,2.0,4,Others,3,Single,2,0,,4.0,4.0,9.0,296.26,1,4,5,10,Champions
50691,0,,Mobile,1,6.0,Cash on Delivery,Female,3.0,4,Mobile,4,Single,2,1,11.0,0.0,2.0,2.0,120.7,4,2,1,7,Recent Customers
50692,0,12.0,Computer,1,15.0,Debit Card,Male,3.0,3,Laptop & Accessory,4,Single,21,0,15.0,1.0,1.0,3.0,167.82,3,2,3,8,Hibernating
50693,0,9.0,Computer,1,24.0,Debit Card,Male,3.0,3,Laptop & Accessory,2,Single,3,0,20.0,1.0,1.0,9.0,177.79,1,2,4,7,Hibernating
50694,0,4.0,Computer,3,26.0,Debit Card,Male,,1,Mobile,2,Divorced,1,0,12.0,1.0,2.0,2.0,127.91,4,2,1,7,Recent Customers
50695,0,1.0,Mobile,1,8.0,Debit Card,Male,3.0,4,Mobile,4,Divorced,1,0,17.0,0.0,1.0,4.0,132.01,2,1,1,4,Hibernating
50696,0,8.0,Computer,3,17.0,E wallet,Male,2.0,3,Laptop & Accessory,2,Married,2,0,11.0,0.0,1.0,2.0,149.68,4,1,2,7,Recent Customers
50697,0,22.0,Mobile,3,14.0,Cash on Delivery,Male,2.0,4,Grocery,4,Divorced,7,0,17.0,1.0,2.0,,231.2,5,4,5,14,Champions
50698,0,7.0,Computer,1,8.0,Debit Card,Male,3.0,3,Laptop & Accessory,3,Single,3,0,11.0,1.0,1.0,2.0,140.33,4,1,1,6,Recent Customers
50699,0,2.0,Computer,1,16.0,Debit Card,Female,3.0,3,Mobile,4,Married,1,0,14.0,1.0,1.0,1.0,132.91,4,1,1,6,Recent Customers
50700,0,15.0,Mobile,1,35.0,Credit Card,Male,2.0,5,Laptop & Accessory,2,Single,5,0,19.0,1.0,1.0,0.0,142.72,5,1,2,8,Recent Customers
50701,0,2.0,Mobile,1,14.0,Credit Card,Male,3.0,4,Laptop & Accessory,2,Divorced,2,1,13.0,0.0,1.0,2.0,150.56,4,1,2,7,Recent Customers
50702,0,11.0,Mobile,2,6.0,UPI,Male,,1,Mobile,3,Divorced,2,0,13.0,1.0,5.0,0.0,128.44,5,4,1,10,Hibernating
50703,0,4.0,Computer,1,12.0,Debit Card,Male,,4,Mobile,3,Married,2,1,14.0,1.0,1.0,2.0,127.03,4,1,1,6,Recent Customers
50704,1,,Computer,1,14.0,Credit Card,Male,3.0,3,Mobile Phone,3,Single,2,0,12.0,0.0,1.0,0.0,119.04,5,1,1,7,Recent Customers
50705,1,0.0,Mobile,3,15.0,E wallet,Female,3.0,3,Laptop & Accessory,5,Single,1,1,17.0,0.0,1.0,3.0,182.24,3,2,4,9,Hibernating
50706,0,14.0,Mobile,1,18.0,Debit Card,Male,2.0,3,Mobile Phone,2,Divorced,4,1,11.0,1.0,1.0,0.0,147.66,5,1,2,8,Recent Customers
50707,1,0.0,Computer,1,,Credit Card,Male,3.0,3,Mobile,3,Divorced,2,0,12.0,2.0,2.0,2.0,126.1,4,2,1,7,Recent Customers
50708,0,10.0,Mobile,1,31.0,Credit Card,Female,2.0,4,Laptop & Accessory,2,Married,8,0,13.0,0.0,1.0,3.0,157.31,3,2,3,8,Hibernating
50709,0,0.0,Mobile,1,,Debit Card,Male,2.0,4,Mobile,3,Divorced,2,0,13.0,2.0,2.0,2.0,125.39,4,2,1,7,Recent Customers
50710,0,7.0,Mobile,3,15.0,Debit Card,Female,3.0,3,Laptop & Accessory,3,Divorced,2,0,20.0,1.0,1.0,3.0,157.14,3,2,3,8,Hibernating
50711,0,8.0,Mobile,2,14.0,Cash on Delivery,Male,3.0,3,Mobile Phone,3,Single,2,0,17.0,0.0,1.0,4.0,143.23,2,1,2,5,Hibernating
50712,1,0.0,Mobile,3,29.0,Debit Card,Female,2.0,4,Fashion,5,Divorced,2,0,13.0,0.0,3.0,10.0,173.36,1,4,4,9,Champions
50713,0,13.0,Computer,1,15.0,Credit Card,Female,2.0,3,Fashion,3,Single,10,0,17.0,0.0,,13.0,234.99,1,5,5,11,Champions
50714,1,5.0,Computer,3,18.0,Debit Card,Male,2.0,3,Grocery,5,Single,1,1,12.0,7.0,,14.0,237.58,1,5,5,11,Champions
50715,0,15.0,Mobile,3,10.0,E wallet,Male,2.0,3,Laptop & Accessory,5,Single,8,0,13.0,1.0,1.0,5.0,151.55,2,1,2,5,Hibernating
50716,0,,Mobile,1,6.0,Credit Card,Male,2.0,4,Mobile,3,Divorced,7,0,12.0,1.0,1.0,7.0,122.58,2,1,1,4,Hibernating
50717,0,0.0,Mobile,1,30.0,Credit Card,Male,2.0,3,Mobile Phone,4,Single,9,0,22.0,1.0,1.0,2.0,135.97,4,1,1,6,Recent Customers
50718,1,0.0,Mobile,1,,Debit Card,Female,3.0,3,Mobile,2,Divorced,2,1,11.0,1.0,1.0,0.0,125.15,5,1,1,7,Recent Customers
50719,0,0.0,Mobile,1,9.0,Credit Card,Male,2.0,1,Mobile Phone,2,Divorced,2,0,22.0,1.0,1.0,7.0,144.2,2,1,2,5,Hibernating
50720,0,3.0,Mobile,3,16.0,E wallet,Male,3.0,4,Laptop & Accessory,3,Divorced,2,0,18.0,1.0,1.0,4.0,165.78,2,2,3,7,Hibernating
50721,0,13.0,Computer,1,32.0,Credit Card,Female,3.0,4,Laptop & Accessory,2,Divorced,4,1,13.0,1.0,1.0,0.0,144.22,5,1,2,8,Recent Customers
50722,0,8.0,Mobile,1,8.0,Debit Card,Male,2.0,4,Fashion,4,Married,3,0,18.0,6.0,6.0,4.0,202.74,3,5,4,12,Champions
50723,0,7.0,Computer,1,6.0,Credit Card,Male,3.0,4,Laptop & Accessory,5,Single,1,0,20.0,1.0,4.0,9.0,153.43,1,4,2,7,At Risk
50724,0,8.0,Computer,1,,UPI,Male,2.0,4,Mobile,2,Divorced,2,0,13.0,2.0,2.0,2.0,123.76,4,2,1,7,Recent Customers
50725,1,6.0,Mobile,3,15.0,E wallet,Female,2.0,5,Laptop & Accessory,3,Single,9,0,13.0,1.0,1.0,3.0,153.46,3,1,2,6,Hibernating
50726,0,5.0,Computer,3,8.0,Debit Card,Female,,3,Mobile,5,Married,2,0,12.0,0.0,1.0,0.0,128.27,5,1,1,7,Recent Customers
50727,0,29.0,Mobile,1,10.0,Cash on Delivery,Female,3.0,3,Others,5,Married,5,0,,0.0,4.0,2.0,299.43,4,4,5,13,Champions
50728,0,2.0,Mobile,1,12.0,Credit Card,Female,,3,Mobile,2,Divorced,2,0,13.0,0.0,1.0,8.0,131.31,1,1,1,3,Hibernating
50729,0,0.0,Mobile,1,,Debit Card,Male,2.0,3,Mobile,5,Single,2,0,25.0,0.0,1.0,0.0,125.52,5,1,1,7,Recent Customers
50730,0,18.0,Mobile,1,13.0,Credit Card,Female,2.0,3,Mobile Phone,3,Divorced,5,1,19.0,1.0,1.0,2.0,144.77,4,1,2,7,Recent Customers
50731,0,10.0,Mobile,1,6.0,Debit Card,Female,2.0,4,Laptop & Accessory,2,Divorced,2,0,13.0,3.0,3.0,11.0,164.74,1,4,3,8,Loyal
50732,0,0.0,Mobile,1,9.0,Debit Card,Male,,4,Mobile,3,Single,2,0,12.0,0.0,1.0,2.0,130.33,4,1,1,6,Recent Customers
50733,1,7.0,Mobile,1,16.0,Debit Card,Male,,3,Mobile,3,Single,2,1,11.0,1.0,1.0,2.0,129.36,4,1,1,6,Recent Customers
50734,0,26.0,Mobile,1,13.0,Credit Card,Female,2.0,3,Others,3,Married,4,0,18.0,,4.0,7.0,286.06,2,4,5,11,Champions
50735,0,,Mobile,1,21.0,Debit Card,Female,3.0,5,Mobile,2,Divorced,1,1,18.0,1.0,1.0,3.0,121.68,3,1,1,5,Hibernating
50736,1,0.0,Computer,1,9.0,Debit Card,Male,,4,Mobile,2,Divorced,1,1,11.0,0.0,1.0,0.0,128.53,5,1,1,7,Recent Customers
50737,0,19.0,Mobile,3,8.0,E wallet,Female,3.0,3,Grocery,5,Divorced,9,0,23.0,,15.0,9.0,270.48,1,5,5,11,Champions
50738,0,,Computer,1,23.0,Debit Card,Male,3.0,5,Mobile,3,Single,3,0,13.0,1.0,1.0,0.0,122.9,5,1,1,7,Recent Customers
50739,0,6.0,Mobile,2,8.0,UPI,Male,2.0,3,Mobile Phone,3,Divorced,2,0,13.0,0.0,1.0,4.0,136.0,2,1,1,4,Hibernating
50740,1,,Computer,1,11.0,Debit Card,Male,3.0,4,Mobile,5,Married,7,0,17.0,1.0,1.0,0.0,121.07,5,1,1,7,Recent Customers
50741,0,3.0,Mobile,3,35.0,Debit Card,Male,3.0,3,Laptop & Accessory,5,Married,9,0,19.0,1.0,1.0,3.0,141.15,3,1,2,6,Hibernating
50742,0,13.0,Computer,3,8.0,Credit Card,Male,3.0,3,Laptop & Accessory,4,Divorced,6,0,12.0,1.0,1.0,0.0,143.27,5,1,2,8,Recent Customers
50743,0,23.0,Computer,1,8.0,Credit Card,Female,1.0,3,Grocery,5,Divorced,3,0,22.0,,2.0,2.0,278.56,4,4,5,13,Champions
50744,0,1.0,Mobile,1,25.0,Credit Card,Male,3.0,4,Mobile,5,Divorced,2,0,12.0,1.0,3.0,3.0,131.96,3,4,1,8,Hibernating
50745,0,19.0,Mobile,1,21.0,Debit Card,Male,2.0,3,Others,4,Divorced,6,0,11.0,,1.0,3.0,290.81,3,2,5,10,Hibernating
50746,0,8.0,Mobile,3,23.0,Debit Card,Male,3.0,3,Laptop & Accessory,5,Divorced,4,1,15.0,1.0,1.0,7.0,189.66,2,2,4,8,Hibernating
50747,1,,Mobile,1,23.0,Debit Card,Female,3.0,3,Mobile,4,Divorced,2,0,13.0,0.0,1.0,0.0,122.1,5,1,1,7,Recent Customers
50748,0,6.0,Computer,3,31.0,Credit Card,Female,2.0,3,Laptop & Accessory,3,Divorced,2,0,12.0,0.0,1.0,1.0,145.39,4,1,2,7,Recent Customers
50749,0,9.0,Mobile,1,12.0,Debit Card,Male,,5,Mobile,3,Married,2,0,14.0,0.0,1.0,7.0,127.41,2,1,1,4,Hibernating
50750,0,3.0,Mobile,1,13.0,Debit Card,Male,2.0,3,Laptop & Accessory,3,Married,2,0,13.0,8.0,8.0,9.0,134.91,1,5,1,7,At Risk
50751,0,17.0,Mobile,1,35.0,UPI,Male,2.0,3,Laptop & Accessory,2,Single,2,0,25.0,1.0,1.0,17.0,145.41,1,1,2,4,Hibernating
50752,0,0.0,Mobile,3,27.0,E wallet,Male,,1,Mobile,2,Single,2,0,17.0,0.0,2.0,2.0,126.78,4,2,1,7,Recent Customers
50753,0,19.0,Mobile,1,8.0,Cash on Delivery,Male,2.0,3,Laptop & Accessory,2,Married,3,0,11.0,1.0,1.0,4.0,173.79,2,2,4,8,Hibernating
50754,0,15.0,Computer,2,8.0,Credit Card,Male,3.0,1,Laptop & Accessory,5,Divorced,8,0,16.0,0.0,1.0,3.0,162.72,3,2,3,8,Hibernating
50755,0,30.0,Mobile,3,13.0,E wallet,Male,2.0,1,Laptop & Accessory,2,Married,1,1,18.0,0.0,1.0,9.0,152.2,1,1,2,4,Hibernating
50756,0,5.0,Computer,1,19.0,UPI,Female,,4,Mobile,4,Divorced,2,0,20.0,0.0,2.0,2.0,127.43,4,2,1,7,Recent Customers
50757,0,5.0,Computer,1,8.0,Debit Card,Female,2.0,3,Laptop & Accessory,3,Single,5,1,14.0,1.0,1.0,7.0,149.98,2,1,2,5,Hibernating
50758,0,9.0,Mobile,1,6.0,Cash on Delivery,Female,3.0,5,Fashion,5,Married,3,1,21.0,5.0,7.0,7.0,202.52,2,5,4,11,Champions
50759,0,6.0,Mobile,1,15.0,Credit Card,Male,,3,Mobile,2,Divorced,1,0,13.0,1.0,4.0,10.0,127.81,1,4,1,6,At Risk
50760,0,13.0,Mobile,3,16.0,Cash on Delivery,Female,2.0,4,Laptop & Accessory,4,Married,8,0,12.0,1.0,1.0,3.0,168.52,3,2,3,8,Hibernating
50761,0,0.0,Mobile,3,16.0,Debit Card,Male,2.0,3,Laptop & Accessory,2,Single,1,0,14.0,0.0,1.0,1.0,149.5,4,1,2,7,Recent Customers
50762,0,3.0,Mobile,1,6.0,Credit Card,Male,3.0,3,Mobile Phone,4,Divorced,1,1,21.0,1.0,5.0,7.0,135.79,2,4,1,7,At Risk
50763,0,15.0,Computer,1,32.0,Credit Card,Female,2.0,3,Fashion,5,Divorced,4,1,17.0,0.0,,0.0,231.91000000000005,5,5,5,15,Champions
50764,0,8.0,Computer,3,14.0,E wallet,Female,3.0,4,Fashion,2,Divorced,5,1,11.0,2.0,4.0,12.0,203.77,1,4,4,9,Champions
50765,0,,Mobile,1,20.0,Debit Card,Male,2.0,3,Mobile,5,Divorced,2,1,14.0,2.0,6.0,8.0,122.35,1,5,1,7,At Risk
50766,0,27.0,Computer,1,6.0,Debit Card,Female,2.0,3,Fashion,3,Married,8,0,17.0,1.0,1.0,4.0,205.02,2,2,4,8,Hibernating
50767,0,,Mobile,1,8.0,Debit Card,Female,3.0,1,Mobile,2,Divorced,2,0,13.0,6.0,7.0,7.0,120.11,2,5,1,8,At Risk
50768,1,,Computer,1,16.0,Credit Card,Female,3.0,4,Mobile Phone,4,Single,2,1,25.0,1.0,1.0,0.0,118.59,5,1,1,7,Recent Customers
50769,0,2.0,Mobile,1,6.0,Debit Card,Female,3.0,3,Mobile Phone,2,Married,2,0,15.0,0.0,1.0,2.0,137.6,4,1,1,6,Recent Customers
50770,0,27.0,Mobile,1,9.0,Debit Card,Male,2.0,3,Grocery,2,Divorced,4,0,14.0,,1.0,9.0,277.79,1,2,5,8,Hibernating
50771,0,4.0,Mobile,1,17.0,Credit Card,Male,3.0,3,Laptop & Accessory,5,Divorced,2,1,12.0,0.0,1.0,1.0,168.33,4,2,3,9,Recent Customers
50772,0,4.0,Mobile,1,30.0,Credit Card,Female,3.0,4,Laptop & Accessory,5,Single,2,0,19.0,0.0,1.0,8.0,168.12,1,2,3,6,Hibernating
50773,0,30.0,Mobile,3,9.0,Debit Card,Female,2.0,4,Laptop & Accessory,2,Single,6,0,17.0,0.0,1.0,5.0,151.71,2,1,2,5,Hibernating
50774,0,16.0,Mobile,1,9.0,Debit Card,Male,3.0,5,Others,2,Divorced,4,0,,1.0,1.0,7.0,297.4,2,2,5,9,Hibernating
50775,0,22.0,Mobile,1,10.0,Credit Card,Male,2.0,4,Others,3,Divorced,3,0,13.0,,1.0,0.0,287.11,5,2,5,12,Recent Customers
50776,0,9.0,Computer,1,9.0,Cash on Delivery,Male,2.0,3,Mobile Phone,4,Divorced,2,0,12.0,1.0,1.0,7.0,136.92,2,1,1,4,Hibernating
50777,0,21.0,Mobile,1,,Cash on Delivery,Male,3.0,1,Mobile,4,Single,6,0,11.0,0.0,1.0,0.0,125.59,5,1,1,7,Recent Customers
50778,0,0.0,Mobile,1,,Debit Card,Male,3.0,3,Mobile,3,Married,2,0,11.0,1.0,1.0,3.0,125.17,3,1,1,5,Hibernating
50779,0,2.0,Mobile,1,13.0,Debit Card,Male,2.0,3,Laptop & Accessory,2,Married,2,1,11.0,0.0,1.0,0.0,166.23,5,2,3,10,Recent Customers
50780,0,21.0,Mobile,1,6.0,Debit Card,Male,3.0,4,Others,2,Single,7,0,12.0,,1.0,0.0,282.65,5,2,5,12,Recent Customers
50781,0,2.0,Mobile,1,6.0,Debit Card,Female,2.0,4,Grocery,2,Married,4,0,14.0,,1.0,7.0,261.24,2,2,5,9,Hibernating
50782,0,7.0,Mobile,1,,Cash on Delivery,Female,2.0,1,Mobile,3,Divorced,1,0,17.0,1.0,1.0,0.0,125.85,5,1,1,7,Recent Customers
50783,0,17.0,Mobile,3,11.0,E wallet,Male,2.0,3,Others,4,Divorced,8,0,11.0,,3.0,10.0,282.13,1,4,5,10,Champions
50784,0,6.0,Mobile,3,16.0,E wallet,Male,2.0,1,Fashion,3,Married,1,1,14.0,1.0,1.0,8.0,183.8,1,2,4,7,Hibernating
50785,0,0.0,Mobile,1,31.0,Debit Card,Female,,1,Mobile,2,Single,2,1,12.0,1.0,1.0,1.0,129.94,4,1,1,6,Recent Customers
50786,0,,Mobile,1,6.0,Debit Card,Male,2.0,3,Mobile Phone,3,Divorced,2,0,22.0,0.0,1.0,1.0,112.23,4,1,1,6,Recent Customers
50787,1,0.0,Computer,3,30.0,Debit Card,Male,3.0,5,Mobile Phone,2,Single,2,1,14.0,1.0,1.0,0.0,111.18,5,1,1,7,Recent Customers
50788,0,0.0,Mobile,1,10.0,Debit Card,Male,,3,Mobile,2,Single,2,1,20.0,0.0,2.0,2.0,128.75,4,2,1,7,Recent Customers
50789,1,8.0,Mobile,3,8.0,E wallet,Female,3.0,5,Others,4,Single,3,1,16.0,,1.0,11.0,288.24,1,2,5,8,Hibernating
50790,0,28.0,Computer,1,14.0,Credit Card,Male,2.0,4,Grocery,4,Married,2,1,15.0,3.0,,0.0,235.77,5,5,5,15,Champions
50791,1,0.0,Computer,1,,Debit Card,Female,2.0,4,Mobile,3,Single,2,0,20.0,2.0,2.0,2.0,126.25,4,2,1,7,Recent Customers
50792,0,19.0,Mobile,3,10.0,E wallet,Female,2.0,4,Others,4,Divorced,3,0,14.0,,1.0,8.0,287.89,1,2,5,8,Hibernating
50793,0,7.0,Mobile,3,8.0,E wallet,Female,2.0,3,Laptop & Accessory,5,Single,1,1,12.0,1.0,1.0,2.0,145.38,4,1,2,7,Recent Customers
50794,0,24.0,Computer,3,15.0,Debit Card,Male,2.0,3,Others,4,Married,5,1,,2.0,11.0,10.0,298.47,1,5,5,11,Champions
50795,0,30.0,Mobile,1,24.0,Credit Card,Male,3.0,3,Fashion,2,Single,7,0,12.0,1.0,5.0,4.0,205.12,3,4,4,11,Champions
50796,0,7.0,Computer,1,25.0,Credit Card,Female,2.0,3,Laptop & Accessory,4,Married,5,0,13.0,3.0,5.0,10.0,144.44,1,4,2,7,At Risk
50797,0,,Computer,1,6.0,Credit Card,Male,2.0,3,Mobile,3,Single,1,1,11.0,0.0,1.0,2.0,121.54,4,1,1,6,Recent Customers
50798,0,17.0,Mobile,1,10.0,Debit Card,Male,3.0,1,Others,5,Married,2,0,14.0,,14.0,13.0,291.9,1,5,5,11,Champions
50799,0,7.0,Computer,2,17.0,Debit Card,Male,2.0,4,Laptop & Accessory,4,Divorced,5,0,11.0,0.0,1.0,8.0,144.9,1,1,2,4,Hibernating
50800,0,8.0,Mobile,1,12.0,Debit Card,Male,3.0,3,Mobile,3,Divorced,1,1,14.0,1.0,2.0,2.0,135.06,4,2,1,7,Recent Customers
50801,0,15.0,Mobile,1,,Credit Card,Female,3.0,1,Laptop & Accessory,4,Divorced,7,1,16.0,0.0,1.0,0.0,123.72,5,1,1,7,Recent Customers
50802,0,16.0,Mobile,3,10.0,E wallet,Female,2.0,4,Fashion,2,Single,4,0,14.0,10.0,15.0,17.0,202.31,1,5,4,10,Champions
50803,0,9.0,Mobile,1,8.0,Debit Card,Female,2.0,3,Laptop & Accessory,4,Single,10,1,11.0,4.0,5.0,12.0,154.1,1,4,3,8,Loyal
50804,1,7.0,Mobile,1,21.0,Credit Card,Female,3.0,3,Fashion,2,Divorced,2,0,11.0,0.0,1.0,5.0,179.78,2,2,4,8,Hibernating
50805,0,1.0,Computer,1,8.0,Debit Card,Male,2.0,4,Mobile Phone,2,Divorced,2,1,12.0,2.0,2.0,2.0,138.67,4,2,1,7,Recent Customers
50806,0,24.0,Computer,1,12.0,Credit Card,Female,,4,Mobile,3,Single,1,0,14.0,7.0,7.0,7.0,128.38,2,5,1,8,At Risk
50807,0,3.0,Computer,1,15.0,Credit Card,Female,3.0,3,Laptop & Accessory,3,Single,8,1,18.0,1.0,1.0,7.0,146.95,2,1,2,5,Hibernating
50808,1,0.0,Mobile,1,13.0,Cash on Delivery,Female,2.0,3,Mobile,3,Married,4,1,13.0,1.0,7.0,7.0,133.39,2,5,1,8,At Risk
50809,0,,Mobile,1,6.0,Cash on Delivery,Male,2.0,3,Mobile,5,Single,3,0,11.0,0.0,1.0,2.0,120.8,4,1,1,6,Recent Customers
50810,0,,Mobile,1,6.0,Credit Card,Female,2.0,3,Mobile,4,Single,2,0,18.0,1.0,2.0,1.0,120.96,4,2,1,7,Recent Customers
50811,0,5.0,Mobile,3,14.0,Credit Card,Male,2.0,1,Laptop & Accessory,2,Divorced,2,0,15.0,0.0,1.0,8.0,162.09,1,2,3,6,Hibernating
50812,0,18.0,Computer,1,31.0,Credit Card,Female,2.0,3,Others,4,Single,4,0,22.0,,1.0,0.0,280.61,5,2,5,12,Recent Customers
50813,0,12.0,Mobile,1,19.0,Credit Card,Female,3.0,4,Grocery,4,Married,7,1,13.0,,15.0,2.0,271.23,4,5,5,14,Champions
50814,0,30.0,Mobile,1,,Debit Card,Male,2.0,3,Mobile,3,Married,2,0,12.0,2.0,2.0,2.0,123.72,4,2,1,7,Recent Customers
50815,1,0.0,Mobile,1,13.0,Debit Card,Male,3.0,3,Laptop & Accessory,3,Divorced,2,0,18.0,1.0,1.0,1.0,148.83,4,1,2,7,Recent Customers
50816,1,2.0,Mobile,1,29.0,Credit Card,Male,3.0,3,Mobile Phone,5,Single,1,0,13.0,0.0,1.0,3.0,139.04,3,1,1,5,Hibernating
50817,0,3.0,Mobile,1,12.0,Cash on Delivery,Female,2.0,4,Laptop & Accessory,2,Divorced,1,0,12.0,5.0,6.0,7.0,146.27,2,5,2,9,At Risk
50818,0,9.0,Mobile,1,16.0,Cash on Delivery,Female,3.0,3,Fashion,3,Divorced,4,0,12.0,0.0,1.0,7.0,170.94,2,2,3,7,Hibernating
50819,0,19.0,Mobile,2,6.0,Debit Card,Female,2.0,3,Mobile,5,Single,7,0,12.0,3.0,5.0,7.0,134.23,2,4,1,7,At Risk
50820,0,1.0,Computer,1,6.0,Debit Card,Female,2.0,5,Laptop & Accessory,2,Divorced,1,0,11.0,7.0,7.0,5.0,166.74,2,5,3,10,Loyal
50821,0,23.0,Mobile,1,34.0,Debit Card,Female,2.0,3,Grocery,5,Divorced,5,1,11.0,,1.0,2.0,268.8,4,2,5,11,Recent Customers
50822,1,3.0,Mobile,3,31.0,E wallet,Male,2.0,4,Fashion,4,Single,3,1,12.0,0.0,1.0,0.0,190.94,5,2,4,11,Recent Customers
50823,1,15.0,Mobile,3,11.0,Debit Card,Male,3.0,3,Fashion,4,Single,10,1,19.0,5.0,7.0,7.0,184.46,2,5,4,11,Champions
50824,0,3.0,Mobile,1,23.0,Credit Card,Female,3.0,3,Fashion,5,Divorced,2,1,23.0,0.0,1.0,,219.16000000000005,5,2,5,12,Recent Customers
50825,0,12.0,Mobile,1,24.0,Debit Card,Male,2.0,3,Laptop & Accessory,3,Single,1,0,11.0,0.0,1.0,7.0,145.34,2,1,2,5,Hibernating
50826,0,4.0,Computer,3,8.0,Debit Card,Female,2.0,3,Fashion,3,Married,2,1,19.0,3.0,9.0,6.0,198.52,2,5,4,11,Champions
50827,0,14.0,Computer,3,16.0,Credit Card,Male,2.0,5,Laptop & Accessory,4,Single,2,0,13.0,3.0,11.0,9.0,161.51,1,5,3,9,Loyal
50828,1,,Computer,3,6.0,Debit Card,Female,2.0,3,Mobile,4,Single,2,1,11.0,1.0,2.0,2.0,123.02,4,2,1,7,Recent Customers
50829,1,7.0,Mobile,1,,Debit Card,Male,2.0,3,Mobile,5,Divorced,5,0,12.0,1.0,1.0,2.0,123.62,4,1,1,6,Recent Customers
50830,0,15.0,Computer,1,8.0,Debit Card,Male,2.0,3,Grocery,3,Divorced,1,1,13.0,,2.0,10.0,278.61,1,4,5,10,Champions
50831,0,28.0,Mobile,1,8.0,Credit Card,Female,2.0,5,Others,3,Divorced,5,0,14.0,,9.0,11.0,291.87,1,5,5,11,Champions
50832,0,29.0,Mobile,2,14.0,Debit Card,Male,2.0,3,Others,4,Single,7,0,,1.0,7.0,7.0,297.17,2,5,5,12,Champions
50833,0,13.0,Computer,1,22.0,Debit Card,Male,3.0,3,Mobile,3,Married,10,0,16.0,1.0,1.0,0.0,135.44,5,1,1,7,Recent Customers
50834,0,7.0,Mobile,1,15.0,Debit Card,Male,2.0,3,Fashion,2,Married,1,0,11.0,1.0,1.0,6.0,185.0,2,2,4,8,Hibernating
50835,0,13.0,Mobile,1,8.0,Debit Card,Male,3.0,3,Laptop & Accessory,2,Single,2,0,13.0,3.0,8.0,8.0,146.61,2,5,2,9,At Risk
50836,0,14.0,Computer,3,6.0,E wallet,Female,3.0,3,Laptop & Accessory,5,Married,1,0,17.0,0.0,1.0,7.0,141.03,2,1,2,5,Hibernating
50837,0,8.0,Computer,1,10.0,Debit Card,Male,2.0,3,Laptop & Accessory,3,Single,2,1,11.0,1.0,1.0,1.0,142.49,4,1,2,7,Recent Customers
50838,0,24.0,Mobile,2,11.0,Debit Card,Male,2.0,3,Grocery,4,Married,2,1,11.0,1.0,,10.0,240.26,1,5,5,11,Champions
50839,0,11.0,Mobile,3,8.0,Debit Card,Female,2.0,3,Laptop & Accessory,5,Married,4,0,15.0,0.0,1.0,7.0,168.93,2,2,3,7,Hibernating
50840,0,7.0,Mobile,3,21.0,Credit Card,Female,3.0,3,Laptop & Accessory,5,Single,2,0,12.0,1.0,9.0,6.0,161.25,2,5,3,10,Loyal
50841,0,0.0,Mobile,1,25.0,Credit Card,Male,3.0,3,Mobile Phone,2,Divorced,4,0,11.0,1.0,1.0,2.0,136.69,4,1,1,6,Recent Customers
50842,1,20.0,Mobile,1,13.0,Credit Card,Female,2.0,4,Fashion,5,Divorced,8,1,14.0,4.0,5.0,9.0,200.08,1,4,4,9,Champions
50843,0,13.0,Mobile,1,,Debit Card,Male,2.0,3,Mobile,4,Divorced,4,0,22.0,1.0,1.0,3.0,123.87,3,1,1,5,Hibernating
50844,0,9.0,Computer,3,13.0,E wallet,Female,2.0,1,Laptop & Accessory,5,Divorced,3,0,16.0,5.0,6.0,13.0,146.39,1,5,2,8,At Risk
50845,0,21.0,Mobile,1,10.0,Debit Card,Male,2.0,3,Fashion,2,Single,2,0,11.0,1.0,1.0,8.0,178.98,1,2,4,7,Hibernating
50846,0,0.0,Mobile,3,,Credit Card,Female,3.0,1,Mobile,2,Divorced,9,0,14.0,1.0,1.0,0.0,125.34,5,1,1,7,Recent Customers
50847,0,24.0,Mobile,1,17.0,Cash on Delivery,Female,2.0,4,Grocery,4,Single,4,0,16.0,0.0,1.0,,231.42,5,2,5,12,Recent Customers
50848,0,,Computer,1,6.0,Debit Card,Female,3.0,3,Mobile Phone,2,Single,2,0,15.0,1.0,1.0,0.0,116.11,5,1,1,7,Recent Customers
50849,0,8.0,Mobile,1,6.0,Credit Card,Female,2.0,4,Laptop & Accessory,2,Divorced,1,0,12.0,1.0,1.0,0.0,153.63,5,1,2,8,Recent Customers
50850,0,0.0,Computer,3,8.0,Debit Card,Male,2.0,5,Laptop & Accessory,2,Single,4,0,20.0,1.0,1.0,0.0,150.71,5,1,2,8,Recent Customers
50851,1,18.0,Mobile,3,19.0,E wallet,Male,2.0,1,Grocery,3,Single,7,1,17.0,2.0,,8.0,236.95,2,5,5,12,Champions
50852,0,29.0,Mobile,1,29.0,Debit Card,Male,3.0,3,Grocery,4,Divorced,5,1,12.0,11.0,,9.0,234.02,1,5,5,11,Champions
50853,0,,Computer,1,32.0,Cash on Delivery,Female,3.0,4,Mobile,3,Married,2,0,20.0,1.0,1.0,0.0,120.29,5,1,1,7,Recent Customers
50854,0,13.0,Mobile,1,8.0,Credit Card,Female,2.0,1,Laptop & Accessory,3,Married,6,0,20.0,5.0,11.0,8.0,163.77,2,5,3,10,Loyal
50855,0,7.0,Mobile,1,35.0,Credit Card,Male,2.0,3,Laptop & Accessory,3,Divorced,5,0,13.0,0.0,7.0,7.0,154.29,2,5,3,10,Loyal
50856,1,0.0,Computer,3,8.0,Debit Card,Female,,4,Mobile,2,Single,8,0,14.0,0.0,1.0,0.0,127.85,5,1,1,7,Recent Customers
50857,1,0.0,Computer,3,24.0,E wallet,Female,3.0,3,Laptop & Accessory,3,Divorced,1,1,18.0,3.0,3.0,2.0,146.14,4,4,2,10,Hibernating
50858,0,11.0,Computer,1,,Debit Card,Male,2.0,1,Mobile,3,Married,2,0,11.0,0.0,1.0,3.0,126.1,3,1,1,5,Hibernating
50859,0,7.0,Mobile,1,8.0,Cash on Delivery,Female,3.0,3,Laptop & Accessory,2,Single,2,0,11.0,1.0,4.0,11.0,166.87,1,4,3,8,Loyal
50860,0,1.0,Mobile,3,32.0,Debit Card,Male,2.0,4,Laptop & Accessory,5,Divorced,2,0,11.0,1.0,1.0,4.0,147.24,2,1,2,5,Hibernating
50861,1,0.0,Mobile,1,28.0,Credit Card,Male,3.0,3,Laptop & Accessory,3,Divorced,2,1,15.0,3.0,6.0,7.0,161.79,2,5,3,10,Loyal
50862,0,12.0,Mobile,3,27.0,Debit Card,Male,2.0,4,Laptop & Accessory,2,Divorced,4,1,12.0,0.0,1.0,4.0,161.2,2,2,3,7,Hibernating
50863,0,24.0,Computer,3,8.0,E wallet,Male,2.0,3,Fashion,4,Divorced,3,0,11.0,0.0,3.0,2.0,205.96,4,4,4,12,Champions
50864,0,14.0,Computer,1,28.0,Debit Card,Female,3.0,3,Laptop & Accessory,2,Married,4,1,14.0,0.0,3.0,3.0,154.67,3,4,3,10,Loyal
50865,0,10.0,Mobile,1,10.0,Debit Card,Male,,3,Mobile,3,Divorced,8,1,15.0,1.0,1.0,3.0,129.96,3,1,1,5,Hibernating
50866,0,6.0,Computer,3,11.0,Debit Card,Male,3.0,3,Laptop & Accessory,2,Divorced,7,0,13.0,1.0,1.0,2.0,199.98,4,2,4,10,Recent Customers
50867,0,5.0,Mobile,3,8.0,E wallet,Male,2.0,3,Laptop & Accessory,4,Divorced,1,1,13.0,0.0,1.0,2.0,140.78,4,1,1,6,Recent Customers
50868,0,12.0,Computer,1,31.0,Debit Card,Male,3.0,3,Fashion,3,Divorced,4,0,21.0,0.0,1.0,5.0,209.2,2,2,5,9,Hibernating
50869,0,0.0,Mobile,3,24.0,Debit Card,Male,3.0,1,Laptop & Accessory,3,Divorced,3,0,11.0,0.0,1.0,2.0,162.32,4,2,3,9,Recent Customers
50870,0,25.0,Computer,1,34.0,Credit Card,Female,2.0,1,Grocery,3,Divorced,3,1,11.0,0.0,,2.0,232.47000000000003,4,5,5,14,Champions
50871,0,16.0,Mobile,1,12.0,Credit Card,Female,3.0,4,Laptop & Accessory,3,Single,2,1,14.0,1.0,1.0,8.0,140.81,1,1,2,4,Hibernating
50872,0,0.0,Mobile,3,16.0,E wallet,Female,3.0,4,Laptop & Accessory,2,Divorced,2,1,11.0,2.0,4.0,4.0,157.69,3,4,3,10,Loyal
50873,1,0.0,Mobile,1,,Debit Card,Female,2.0,3,Mobile,3,Single,2,1,13.0,3.0,7.0,7.0,123.94,2,5,1,8,At Risk
50874,0,0.0,Mobile,1,8.0,Credit Card,Male,2.0,4,Mobile Phone,2,Single,1,0,12.0,0.0,1.0,1.0,139.04,4,1,1,6,Recent Customers
50875,0,15.0,Mobile,2,16.0,UPI,Female,2.0,3,Grocery,5,Divorced,1,0,14.0,,1.0,9.0,267.99,1,2,5,8,Hibernating
50876,0,25.0,Mobile,1,14.0,UPI,Female,,3,Mobile,5,Divorced,10,0,13.0,1.0,1.0,4.0,129.5,2,1,1,4,Hibernating
50877,0,10.0,Mobile,1,17.0,Credit Card,Female,3.0,3,Mobile Phone,3,Single,5,0,18.0,0.0,1.0,2.0,136.29,4,1,1,6,Recent Customers
50878,0,8.0,Computer,1,24.0,Debit Card,Male,2.0,3,Fashion,2,Single,3,0,11.0,0.0,2.0,2.0,193.62,4,3,4,11,Loyal
50879,0,0.0,Mobile,1,6.0,Cash on Delivery,Male,2.0,3,Mobile,2,Divorced,5,0,11.0,1.0,1.0,2.0,132.29,4,1,1,6,Recent Customers
50880,0,0.0,Mobile,1,13.0,UPI,Male,3.0,1,Mobile Phone,5,Single,1,0,12.0,1.0,1.0,7.0,135.78,2,1,1,4,Hibernating
50881,0,2.0,Mobile,2,23.0,UPI,Male,2.0,4,Fashion,5,Single,2,0,13.0,0.0,1.0,9.0,179.88,1,2,4,7,Hibernating
50882,1,0.0,Computer,1,34.0,Debit Card,Male,3.0,4,Laptop & Accessory,5,Single,4,0,20.0,0.0,1.0,3.0,142.84,3,1,2,6,Hibernating
50883,1,0.0,Computer,1,20.0,UPI,Female,2.0,3,Fashion,2,Single,1,1,12.0,2.0,7.0,7.0,175.53,2,5,4,11,Champions
50884,0,27.0,Mobile,1,6.0,Credit Card,Female,2.0,3,Grocery,2,Single,7,0,19.0,,12.0,7.0,273.28,2,5,5,12,Champions
50885,0,30.0,Mobile,1,6.0,Credit Card,Female,3.0,3,Others,5,Divorced,4,1,,1.0,1.0,5.0,297.01,2,2,5,9,Hibernating
50886,0,28.0,Mobile,1,6.0,Credit Card,Male,2.0,1,Grocery,2,Married,3,0,13.0,1.0,,0.0,247.32,5,5,5,15,Champions
50887,0,9.0,Mobile,3,9.0,E wallet,Female,2.0,3,Laptop & Accessory,4,Single,4,1,16.0,0.0,1.0,1.0,192.78,4,2,4,10,Recent Customers
50888,1,,Computer,3,6.0,Debit Card,Female,2.0,5,Mobile Phone,3,Single,2,0,12.0,1.0,1.0,0.0,113.59,5,1,1,7,Recent Customers
50889,0,3.0,Mobile,3,13.0,E wallet,Female,3.0,3,Laptop & Accessory,5,Married,8,0,14.0,1.0,1.0,2.0,147.79,4,1,2,7,Recent Customers
50890,0,4.0,Mobile,1,14.0,Debit Card,Female,3.0,3,Grocery,4,Single,4,0,11.0,,1.0,0.0,264.22,5,2,5,12,Recent Customers
50891,0,7.0,Computer,1,6.0,UPI,Male,,3,Mobile,5,Married,6,0,14.0,1.0,1.0,3.0,129.96,3,1,1,5,Hibernating
50892,1,,Mobile,1,14.0,Debit Card,Female,2.0,4,Mobile Phone,4,Single,2,0,12.0,0.0,1.0,0.0,112.61,5,1,1,7,Recent Customers
50893,0,,Mobile,1,17.0,Debit Card,Male,3.0,3,Mobile,5,Divorced,1,0,14.0,1.0,1.0,4.0,120.99,2,1,1,4,Hibernating
50894,0,9.0,Mobile,1,10.0,Debit Card,Male,2.0,4,Laptop & Accessory,2,Single,2,0,16.0,1.0,1.0,8.0,158.1,1,2,3,6,Hibernating
50895,0,9.0,Mobile,3,22.0,E wallet,Female,3.0,4,Laptop & Accessory,5,Divorced,5,0,13.0,1.0,1.0,2.0,156.47,4,2,3,9,Recent Customers
50896,0,20.0,Mobile,1,6.0,Cash on Delivery,Male,3.0,3,Mobile,2,Divorced,8,0,12.0,1.0,1.0,2.0,134.2,4,1,1,6,Recent Customers
50897,1,0.0,Mobile,3,15.0,Debit Card,Male,3.0,4,Mobile Phone,5,Divorced,4,0,12.0,1.0,2.0,2.0,144.0,4,2,2,8,Recent Customers
50898,0,10.0,Computer,1,11.0,Cash on Delivery,Male,2.0,1,Mobile,3,Single,1,0,14.0,1.0,1.0,3.0,135.0,3,1,1,5,Hibernating
50899,0,,Mobile,1,6.0,Debit Card,Female,2.0,3,Mobile,5,Divorced,3,0,22.0,1.0,1.0,0.0,120.66,5,1,1,7,Recent Customers
50900,0,20.0,Mobile,1,8.0,Credit Card,Female,2.0,3,Grocery,3,Divorced,4,0,19.0,,5.0,6.0,271.69,2,4,5,11,Champions
50901,0,0.0,Mobile,3,10.0,Credit Card,Female,2.0,3,Laptop & Accessory,3,Divorced,2,1,12.0,1.0,1.0,3.0,141.62,3,1,2,6,Hibernating
50902,0,5.0,Mobile,3,13.0,E wallet,Male,3.0,3,Laptop & Accessory,2,Divorced,5,0,12.0,1.0,1.0,3.0,192.04,3,2,4,9,Hibernating
50903,0,7.0,Mobile,1,6.0,Debit Card,Female,2.0,4,Mobile,4,Divorced,6,0,17.0,1.0,1.0,2.0,132.94,4,1,1,6,Recent Customers
50904,0,,Mobile,1,11.0,Credit Card,Male,2.0,1,Mobile,3,Divorced,3,1,12.0,1.0,1.0,3.0,121.27,3,1,1,5,Hibernating
50905,0,13.0,Computer,1,15.0,UPI,Male,2.0,3,Laptop & Accessory,3,Married,4,0,11.0,1.0,1.0,7.0,139.75,2,1,1,4,Hibernating
50906,0,4.0,Mobile,3,14.0,Debit Card,Male,2.0,3,Fashion,2,Married,2,0,18.0,2.0,9.0,9.0,207.93,1,5,4,10,Champions
50907,1,9.0,Mobile,3,15.0,E wallet,Male,2.0,3,Fashion,1,Married,5,0,11.0,0.0,4.0,3.0,200.96,3,4,4,11,Champions
50908,1,2.0,Computer,1,8.0,Debit Card,Female,2.0,4,Mobile Phone,5,Single,3,1,23.0,0.0,1.0,0.0,136.46,5,1,1,7,Recent Customers
50909,1,0.0,Computer,1,6.0,Debit Card,Female,3.0,1,Fashion,4,Single,2,0,11.0,3.0,4.0,7.0,174.46,2,4,4,10,Champions
50910,0,18.0,Mobile,1,26.0,Credit Card,Male,3.0,5,Fashion,5,Married,3,1,18.0,0.0,1.0,7.0,208.51,2,2,4,8,Hibernating
50911,0,,Mobile,2,14.0,Credit Card,Female,3.0,1,Mobile,4,Single,10,0,18.0,0.0,1.0,2.0,121.09,4,1,1,6,Recent Customers
50912,1,0.0,Computer,1,8.0,Debit Card,Male,3.0,3,Mobile Phone,1,Divorced,7,1,13.0,2.0,2.0,2.0,137.22,4,2,1,7,Recent Customers
50913,0,18.0,Mobile,1,35.0,Cash on Delivery,Male,2.0,3,Fashion,1,Divorced,5,1,18.0,1.0,1.0,2.0,193.8,4,2,4,10,Recent Customers
50914,0,21.0,Mobile,3,13.0,E wallet,Male,3.0,3,Laptop & Accessory,5,Married,5,0,11.0,1.0,2.0,2.0,154.86,4,3,3,10,Loyal
50915,1,0.0,Mobile,2,15.0,Cash on Delivery,Female,,3,Mobile,3,Divorced,2,0,15.0,1.0,2.0,2.0,127.42,4,2,1,7,Recent Customers
50916,0,13.0,Computer,1,14.0,Credit Card,Male,2.0,4,Fashion,4,Married,3,0,11.0,1.0,,8.0,237.57,2,5,5,12,Champions
50917,0,1.0,Mobile,3,11.0,Credit Card,Male,2.0,3,Laptop & Accessory,5,Single,1,0,18.0,1.0,1.0,3.0,184.63,3,2,4,9,Hibernating
50918,0,17.0,Computer,1,11.0,Debit Card,Male,,4,Mobile,3,Single,4,0,14.0,0.0,1.0,3.0,131.62,3,1,1,5,Hibernating
50919,0,26.0,Mobile,1,8.0,Credit Card,Male,2.0,1,Grocery,4,Single,5,0,12.0,,8.0,8.0,265.98,2,5,5,12,Champions
50920,0,22.0,Mobile,1,11.0,Cash on Delivery,Male,3.0,3,Laptop & Accessory,3,Divorced,3,0,14.0,0.0,1.0,2.0,166.51,4,2,3,9,Recent Customers
50921,0,13.0,Mobile,1,,Credit Card,Male,3.0,3,Mobile,3,Married,3,0,14.0,0.0,1.0,2.0,123.45,4,1,1,6,Recent Customers
50922,0,17.0,Mobile,1,26.0,Debit Card,Male,2.0,3,Mobile,4,Single,2,0,13.0,1.0,1.0,3.0,134.2,3,1,1,5,Hibernating
50923,0,6.0,Computer,3,13.0,Credit Card,Male,2.0,3,Laptop & Accessory,5,Divorced,1,0,14.0,0.0,1.0,3.0,143.73,3,1,2,6,Hibernating
50924,0,7.0,Mobile,3,9.0,UPI,Male,2.0,5,Laptop & Accessory,5,Single,4,0,18.0,2.0,3.0,12.0,147.59,1,4,2,7,At Risk
50925,0,3.0,Mobile,3,22.0,Debit Card,Male,3.0,3,Laptop & Accessory,3,Divorced,9,0,15.0,0.0,2.0,2.0,153.01,4,3,2,9,Hibernating
50926,0,15.0,Computer,1,15.0,Credit Card,Female,3.0,3,Mobile Phone,1,Single,2,0,13.0,4.0,5.0,8.0,136.73,1,4,1,6,At Risk
50927,0,17.0,Computer,3,6.0,E wallet,Female,3.0,3,Laptop & Accessory,3,Divorced,8,0,12.0,1.0,1.0,0.0,147.68,5,1,2,8,Recent Customers
50928,0,,Computer,1,13.0,Cash on Delivery,Male,3.0,3,Mobile Phone,3,Married,2,0,13.0,0.0,1.0,0.0,112.74,5,1,1,7,Recent Customers
50929,0,50.0,Mobile,1,6.0,Debit Card,Male,3.0,1,Laptop & Accessory,3,Divorced,1,0,24.0,1.0,2.0,8.0,149.0,1,2,2,5,Hibernating
50930,0,22.0,Mobile,1,13.0,Debit Card,Male,2.0,3,Fashion,4,Married,4,0,14.0,0.0,1.0,7.0,204.66,2,2,4,8,Hibernating
50931,0,7.0,Computer,1,21.0,Credit Card,Male,3.0,3,Grocery,5,Married,8,0,14.0,,6.0,9.0,270.07,1,5,5,11,Champions
50932,1,0.0,Computer,3,6.0,Cash on Delivery,Male,,3,Mobile,3,Divorced,4,0,15.0,1.0,1.0,2.0,129.09,4,1,1,6,Recent Customers
50933,1,0.0,Computer,3,19.0,Cash on Delivery,Female,2.0,3,Laptop & Accessory,4,Single,6,0,11.0,0.0,1.0,0.0,157.65,5,2,3,10,Recent Customers
50934,1,0.0,Mobile,3,30.0,Credit Card,Female,2.0,4,Laptop & Accessory,4,Single,1,1,23.0,2.0,10.0,10.0,145.99,1,5,2,8,At Risk
50935,0,8.0,Mobile,3,,Debit Card,Male,3.0,3,Mobile,3,Divorced,2,0,13.0,1.0,1.0,0.0,124.04,5,1,1,7,Recent Customers
50936,1,0.0,Computer,1,15.0,Credit Card,Male,2.0,3,Mobile,5,Single,3,1,11.0,0.0,1.0,0.0,131.72,5,1,1,7,Recent Customers
50937,0,,Computer,3,19.0,Debit Card,Female,3.0,3,Mobile,4,Divorced,2,0,13.0,0.0,1.0,0.0,120.33,5,1,1,7,Recent Customers
50938,0,17.0,Computer,1,8.0,Credit Card,Male,2.0,3,Fashion,3,Single,6,1,18.0,0.0,2.0,2.0,202.09,4,4,4,12,Champions
50939,0,2.0,Mobile,3,25.0,Debit Card,Male,3.0,4,Laptop & Accessory,3,Married,2,0,14.0,1.0,1.0,4.0,186.2,2,2,4,8,Hibernating
50940,0,,Mobile,2,6.0,Debit Card,Male,2.0,3,Mobile,3,Married,1,0,21.0,0.0,1.0,3.0,120.64,3,1,1,5,Hibernating
50941,0,28.0,Mobile,1,10.0,Debit Card,Male,1.0,3,Laptop & Accessory,3,Divorced,1,1,16.0,0.0,1.0,2.0,140.35,4,1,1,6,Recent Customers
50942,0,6.0,Mobile,1,10.0,Credit Card,Female,2.0,4,Mobile Phone,4,Divorced,9,0,11.0,0.0,1.0,2.0,138.38,4,1,1,6,Recent Customers
50943,0,20.0,Mobile,3,20.0,Credit Card,Female,3.0,3,Laptop & Accessory,3,Divorced,4,1,17.0,1.0,1.0,2.0,145.91,4,1,2,7,Recent Customers
50944,1,0.0,Computer,1,,Credit Card,Male,2.0,4,Mobile,5,Single,8,0,11.0,0.0,1.0,0.0,125.61,5,1,1,7,Recent Customers
50945,0,,Mobile,1,6.0,Debit Card,Male,3.0,4,Mobile Phone,3,Married,2,0,14.0,0.0,1.0,0.0,115.63,5,1,1,7,Recent Customers
50946,0,1.0,Computer,3,13.0,Debit Card,Male,2.0,3,Laptop & Accessory,5,Single,1,0,14.0,1.0,1.0,3.0,148.98,3,1,2,6,Hibernating
50947,0,22.0,Mobile,1,9.0,Credit Card,Female,2.0,4,Laptop & Accessory,5,Divorced,5,0,25.0,1.0,1.0,2.0,147.89,4,1,2,7,Recent Customers
50948,0,2.0,Computer,1,8.0,Debit Card,Female,3.0,3,Mobile,4,Divorced,1,0,13.0,0.0,1.0,2.0,131.8,4,1,1,6,Recent Customers
50949,0,1.0,Mobile,1,35.0,Debit Card,Male,3.0,5,Laptop & Accessory,4,Divorced,2,0,14.0,1.0,1.0,7.0,165.49,2,2,3,7,Hibernating
50950,0,6.0,Mobile,1,14.0,Debit Card,Male,3.0,3,Laptop & Accessory,3,Single,3,1,17.0,0.0,1.0,0.0,163.88,5,2,3,10,Recent Customers
50951,0,5.0,Mobile,1,16.0,Credit Card,Male,0.0,3,Fashion,1,Single,3,0,25.0,0.0,1.0,,212.44,5,2,5,12,Recent Customers
50952,0,27.0,Computer,1,17.0,Credit Card,Female,2.0,3,Grocery,1,Married,4,0,20.0,1.0,,12.0,260.32,1,5,5,11,Champions
50953,1,0.0,Mobile,1,,Cash on Delivery,Male,3.0,4,Mobile,5,Single,7,0,13.0,0.0,1.0,7.0,123.62,2,1,1,4,Hibernating
50954,0,17.0,Mobile,1,34.0,Debit Card,Male,2.0,3,Grocery,5,Divorced,4,0,13.0,,14.0,17.0,263.28,1,5,5,11,Champions
50955,0,12.0,Mobile,1,12.0,Debit Card,Female,2.0,3,Fashion,4,Single,5,0,18.0,0.0,2.0,2.0,183.76,4,3,4,11,Loyal
50956,0,19.0,Mobile,3,9.0,Debit Card,Female,2.0,3,Grocery,4,Divorced,9,0,12.0,,5.0,1.0,266.06,5,4,5,14,Champions
50957,0,8.0,Mobile,1,22.0,Debit Card,Female,3.0,4,Fashion,4,Single,2,0,19.0,1.0,3.0,3.0,186.06,3,4,4,11,Champions
50958,0,,Mobile,1,26.0,Debit Card,Male,3.0,3,Laptop & Accessory,3,Single,1,0,14.0,1.0,1.0,2.0,122.72,4,1,1,6,Recent Customers
50959,1,,Mobile,1,15.0,Debit Card,Male,2.0,3,Mobile,5,Single,4,0,14.0,1.0,1.0,0.0,120.18,5,1,1,7,Recent Customers
50960,0,7.0,Mobile,3,6.0,Cash on Delivery,Male,3.0,4,Fashion,3,Divorced,2,1,14.0,7.0,8.0,6.0,170.83,2,5,3,10,Loyal
50961,1,0.0,Computer,1,9.0,Debit Card,Female,2.0,3,Mobile Phone,3,Single,2,0,12.0,6.0,7.0,7.0,140.84,2,5,2,9,At Risk
50962,0,23.0,Computer,1,28.0,Credit Card,Male,2.0,5,Grocery,1,Single,2,1,13.0,13.0,,9.0,244.11,1,5,5,11,Champions
50963,0,,Mobile,3,13.0,Cash on Delivery,Male,2.0,3,Mobile,3,Married,1,1,25.0,0.0,5.0,7.0,123.08,2,4,1,7,At Risk
50964,0,15.0,Mobile,1,8.0,Credit Card,Male,3.0,4,Mobile Phone,4,Married,5,0,14.0,1.0,1.0,0.0,148.41,5,1,2,8,Recent Customers
50965,0,10.0,Mobile,1,19.0,Credit Card,Male,2.0,3,Laptop & Accessory,1,Married,2,0,17.0,0.0,3.0,7.0,142.85,2,4,2,8,At Risk
50966,0,2.0,Mobile,1,14.0,UPI,Female,2.0,5,Laptop & Accessory,5,Married,4,0,13.0,0.0,1.0,7.0,197.15,2,2,4,8,Hibernating
50967,0,6.0,Mobile,1,31.0,Debit Card,Male,2.0,4,Laptop & Accessory,4,Single,2,0,13.0,0.0,1.0,2.0,143.2,4,1,2,7,Recent Customers
50968,0,,Mobile,1,34.0,Cash on Delivery,Male,3.0,3,Mobile,1,Married,5,0,20.0,1.0,1.0,3.0,121.32,3,1,1,5,Hibernating
50969,0,15.0,Computer,1,8.0,Debit Card,Male,2.0,3,Fashion,1,Married,3,1,14.0,12.0,13.0,9.0,201.24,1,5,4,10,Champions
50970,0,13.0,Mobile,3,15.0,Credit Card,Male,2.0,3,Laptop & Accessory,5,Married,1,0,12.0,2.0,7.0,1.0,154.73,5,5,3,13,Loyal
50971,0,6.0,Mobile,1,34.0,Debit Card,Male,3.0,3,Laptop & Accessory,3,Married,2,1,12.0,1.0,5.0,7.0,152.07,2,4,2,8,At Risk
50972,0,13.0,Mobile,2,12.0,Credit Card,Male,2.0,3,Grocery,1,Single,2,1,21.0,,7.0,7.0,264.37,2,5,5,12,Champions
50973,0,,Mobile,1,27.0,Cash on Delivery,Male,2.0,4,Mobile,5,Married,1,0,14.0,0.0,1.0,0.0,122.96,5,1,1,7,Recent Customers
50974,0,13.0,Computer,1,14.0,Debit Card,Male,3.0,3,Laptop & Accessory,1,Married,4,1,18.0,2.0,2.0,2.0,140.69,4,2,1,7,Recent Customers
50975,0,18.0,Mobile,1,6.0,Cash on Delivery,Male,3.0,3,Fashion,4,Married,2,0,12.0,6.0,7.0,7.0,174.41,2,5,4,11,Champions
50976,0,8.0,Mobile,3,,Debit Card,Female,3.0,4,Mobile,3,Married,1,0,23.0,2.0,4.0,2.0,124.3,4,4,1,9,Hibernating
50977,0,5.0,Mobile,1,11.0,Debit Card,Female,3.0,4,Laptop & Accessory,4,Married,4,0,12.0,1.0,2.0,5.0,158.78,2,3,3,8,Loyal
50978,0,9.0,Mobile,3,,Debit Card,Male,3.0,3,Mobile,1,Single,4,1,21.0,0.0,1.0,2.0,126.44,4,1,1,6,Recent Customers
50979,0,21.0,Mobile,3,22.0,Debit Card,Female,3.0,3,Laptop & Accessory,3,Married,9,0,14.0,1.0,7.0,7.0,164.39,2,5,3,10,Loyal
50980,0,2.0,Mobile,1,,Debit Card,Male,3.0,1,Mobile,3,Married,7,0,18.0,1.0,1.0,0.0,124.51,5,1,1,7,Recent Customers
50981,0,6.0,Mobile,3,14.0,Debit Card,Male,2.0,3,Laptop & Accessory,5,Married,3,0,13.0,2.0,2.0,2.0,163.92,4,3,3,10,Loyal
50982,1,0.0,Mobile,3,6.0,Debit Card,Male,3.0,4,Laptop & Accessory,5,Married,2,0,11.0,3.0,6.0,7.0,197.14,2,5,4,11,Champions
50983,0,11.0,Computer,2,16.0,UPI,Male,3.0,3,Laptop & Accessory,3,Married,4,0,11.0,0.0,1.0,2.0,160.77,4,2,3,9,Recent Customers
50984,0,8.0,Mobile,1,,Credit Card,Male,3.0,4,Mobile,5,Single,2,0,19.0,0.0,1.0,2.0,124.5,4,1,1,6,Recent Customers
50985,0,3.0,Mobile,3,35.0,Cash on Delivery,Male,2.0,3,Fashion,4,Married,4,0,12.0,0.0,1.0,3.0,192.5,3,2,4,9,Hibernating
50986,1,,Mobile,1,8.0,Debit Card,Female,3.0,3,Mobile,5,Married,2,1,12.0,1.0,1.0,0.0,120.74,5,1,1,7,Recent Customers
50987,1,16.0,Mobile,1,8.0,Cash on Delivery,Female,3.0,4,Fashion,1,Married,1,0,16.0,1.0,1.0,9.0,201.69,1,2,4,7,Hibernating
50988,1,1.0,Mobile,1,8.0,Credit Card,Male,2.0,3,Laptop & Accessory,4,Married,5,0,11.0,0.0,1.0,4.0,148.55,2,1,2,5,Hibernating
50989,0,5.0,Computer,1,6.0,Cash on Delivery,Male,3.0,3,Laptop & Accessory,5,Married,5,0,14.0,1.0,1.0,2.0,140.87,4,1,2,7,Recent Customers
50990,0,21.0,Mobile,1,,UPI,Female,3.0,3,Mobile,5,Married,9,0,12.0,7.0,7.0,6.0,123.67,2,5,1,8,At Risk
50991,0,7.0,Mobile,1,13.0,Credit Card,Male,,3,Mobile,1,Single,2,0,13.0,0.0,1.0,0.0,129.72,5,1,1,7,Recent Customers
50992,0,28.0,Mobile,3,32.0,E wallet,Male,2.0,4,Others,1,Married,2,0,,2.0,2.0,13.0,295.86,1,4,5,10,Champions
50993,0,7.0,Mobile,1,6.0,Debit Card,Male,2.0,3,Laptop & Accessory,1,Married,10,0,17.0,1.0,2.0,1.0,154.84,5,3,3,11,Loyal
50994,0,,Mobile,1,9.0,Debit Card,Female,2.0,3,Mobile,1,Married,2,0,21.0,1.0,1.0,0.0,120.61,5,1,1,7,Recent Customers
50995,0,11.0,Mobile,3,20.0,Debit Card,Male,3.0,3,Laptop & Accessory,4,Married,1,0,11.0,5.0,7.0,7.0,199.24,2,5,4,11,Champions
50996,0,11.0,Mobile,3,22.0,Debit Card,Female,2.0,3,Laptop & Accessory,4,Single,3,0,12.0,0.0,1.0,2.0,141.98,4,1,2,7,Recent Customers
50997,0,9.0,Mobile,3,6.0,Debit Card,Female,3.0,3,Laptop & Accessory,3,Single,7,0,13.0,1.0,1.0,0.0,168.15,5,2,3,10,Recent Customers
50998,0,2.0,Mobile,1,9.0,Credit Card,Male,2.0,3,Mobile Phone,5,Single,2,1,18.0,0.0,1.0,5.0,147.23,2,1,2,5,Hibernating
50999,0,8.0,Mobile,1,16.0,Credit Card,Female,2.0,3,Laptop & Accessory,3,Single,4,1,16.0,1.0,1.0,4.0,161.42,2,2,3,7,Hibernating
51000,0,12.0,Mobile,3,12.0,Credit Card,Male,2.0,1,Fashion,3,Married,3,0,11.0,4.0,7.0,6.0,182.37,2,5,4,11,Champions
51001,0,2.0,Computer,1,8.0,Debit Card,Male,2.0,3,Laptop & Accessory,1,Married,2,0,19.0,0.0,1.0,3.0,188.53,3,2,4,9,Hibernating
51002,0,23.0,Mobile,3,5.0,E wallet,Male,2.0,3,Others,3,Married,5,1,,0.0,1.0,0.0,293.31,5,2,5,12,Recent Customers
51003,0,,Mobile,1,16.0,Cash on Delivery,Male,2.0,1,Mobile,3,Married,3,0,16.0,2.0,2.0,2.0,120.73,4,2,1,7,Recent Customers
51004,0,9.0,Computer,1,12.0,Debit Card,Male,3.0,1,Laptop & Accessory,5,Married,4,1,13.0,1.0,1.0,2.0,155.62,4,2,3,9,Recent Customers
51005,0,15.0,Mobile,1,15.0,UPI,Male,3.0,4,Others,1,Single,9,0,,1.0,1.0,1.0,296.13,4,2,5,11,Recent Customers
51006,0,8.0,Mobile,1,34.0,Debit Card,Male,2.0,1,Laptop & Accessory,3,Married,2,0,17.0,5.0,6.0,8.0,134.07,1,5,1,7,At Risk
51007,0,7.0,Computer,1,16.0,Cash on Delivery,Male,3.0,4,Laptop & Accessory,3,Married,2,0,14.0,2.0,7.0,7.0,150.63,2,5,2,9,At Risk
51008,0,13.0,Mobile,3,20.0,Debit Card,Female,2.0,3,Laptop & Accessory,5,Married,2,0,15.0,0.0,1.0,2.0,146.39,4,1,2,7,Recent Customers
51009,0,16.0,Mobile,1,33.0,Cash on Delivery,Male,2.0,1,Mobile Phone,4,Married,6,0,12.0,1.0,1.0,2.0,148.76,4,1,2,7,Recent Customers
51010,0,8.0,Mobile,1,13.0,Debit Card,Male,,4,Mobile,1,Married,2,0,18.0,1.0,1.0,1.0,126.9,4,1,1,6,Recent Customers
51011,0,19.0,Mobile,3,6.0,Debit Card,Male,2.0,1,Grocery,5,Single,2,0,15.0,,1.0,12.0,275.67,1,2,5,8,Hibernating
51012,1,0.0,Mobile,1,,Credit Card,Male,2.0,3,Mobile,4,Married,2,1,17.0,0.0,1.0,0.0,124.08,5,1,1,7,Recent Customers
51013,0,0.0,Computer,1,32.0,UPI,Female,,4,Mobile,3,Married,2,1,14.0,0.0,1.0,3.0,128.14,3,1,1,5,Hibernating
51014,0,23.0,Computer,1,26.0,Credit Card,Male,2.0,3,Grocery,3,Married,3,1,15.0,3.0,12.0,,212.45,5,5,5,15,Champions
51015,0,5.0,Mobile,1,11.0,UPI,Female,2.0,1,Mobile,1,Married,4,0,17.0,1.0,1.0,2.0,133.12,4,1,1,6,Recent Customers
51016,0,17.0,Mobile,1,13.0,Credit Card,Female,2.0,3,Others,1,Married,1,1,14.0,,1.0,10.0,290.49,1,2,5,8,Hibernating
51017,0,,Mobile,1,13.0,Credit Card,Male,2.0,4,Mobile,4,Married,2,0,12.0,0.0,1.0,1.0,121.41,4,1,1,6,Recent Customers
51018,0,18.0,Mobile,1,11.0,Credit Card,Female,2.0,5,Laptop & Accessory,5,Single,2,1,14.0,1.0,1.0,4.0,157.69,2,2,3,7,Hibernating
51019,0,18.0,Computer,3,32.0,E wallet,Male,2.0,4,Laptop & Accessory,5,Married,2,0,15.0,0.0,4.0,5.0,143.85,2,4,2,8,At Risk
51020,0,4.0,Computer,3,8.0,UPI,Male,2.0,3,Laptop & Accessory,5,Single,8,0,13.0,0.0,1.0,3.0,153.32,3,1,2,6,Hibernating
51021,0,9.0,Mobile,1,18.0,Debit Card,Female,3.0,3,Laptop & Accessory,3,Married,10,1,12.0,0.0,1.0,1.0,146.63,4,1,2,7,Recent Customers
51022,0,7.0,Computer,1,16.0,Debit Card,Male,2.0,1,Laptop & Accessory,1,Married,2,0,13.0,5.0,7.0,2.0,147.24,4,5,2,11,Hibernating
51023,0,22.0,Mobile,1,31.0,Debit Card,Female,2.0,3,Mobile,5,Married,2,0,14.0,0.0,1.0,4.0,132.11,2,1,1,4,Hibernating
51024,0,12.0,Mobile,1,16.0,Credit Card,Male,3.0,3,Laptop & Accessory,5,Married,3,0,13.0,4.0,7.0,7.0,153.77,2,5,3,10,Loyal
51025,0,0.0,Mobile,1,25.0,UPI,Male,3.0,4,Mobile Phone,5,Married,2,0,11.0,0.0,1.0,7.0,140.66,2,1,1,4,Hibernating
51026,0,8.0,Mobile,1,24.0,Debit Card,Male,2.0,1,Laptop & Accessory,5,Married,2,0,11.0,0.0,1.0,10.0,152.08,1,1,2,4,Hibernating
51027,0,1.0,Mobile,1,33.0,Credit Card,Female,2.0,5,Laptop & Accessory,5,Married,1,0,21.0,1.0,1.0,0.0,0.0,5,1,1,7,Recent Customers
51028,0,0.0,Mobile,1,11.0,Credit Card,Male,,3,Mobile,1,Single,2,0,18.0,1.0,2.0,2.0,131.17,4,2,1,7,Recent Customers
51029,1,,Computer,3,9.0,Credit Card,Female,3.0,3,Mobile Phone,1,Single,2,1,12.0,0.0,1.0,0.0,115.69,5,1,1,7,Recent Customers
51030,0,20.0,Mobile,2,32.0,Debit Card,Female,3.0,3,Others,3,Married,4,0,,1.0,1.0,0.0,296.58,5,2,5,12,Recent Customers
51031,0,12.0,Mobile,1,9.0,Credit Card,Male,,4,Laptop & Accessory,3,Married,1,0,15.0,0.0,1.0,7.0,130.69,2,1,1,4,Hibernating
51032,0,13.0,Mobile,1,21.0,Debit Card,Female,3.0,4,Fashion,3,Married,2,0,13.0,1.0,14.0,12.0,204.35,1,5,4,10,Champions
51033,0,8.0,Computer,1,14.0,Debit Card,Female,2.0,3,Laptop & Accessory,3,Married,2,0,12.0,2.0,2.0,9.0,141.48,1,2,2,5,Hibernating
51034,0,10.0,Mobile,1,25.0,Debit Card,Male,2.0,3,Laptop & Accessory,3,Married,4,0,17.0,0.0,1.0,2.0,157.68,4,2,3,9,Recent Customers
51035,0,12.0,Computer,1,10.0,Credit Card,Female,2.0,3,Laptop & Accessory,3,Single,1,0,13.0,3.0,3.0,8.0,150.42,1,4,2,7,At Risk
51036,0,18.0,Mobile,1,8.0,UPI,Female,2.0,4,Laptop & Accessory,1,Married,2,0,19.0,2.0,3.0,9.0,157.7,1,4,3,8,Loyal
51037,0,11.0,Mobile,1,8.0,Credit Card,Female,2.0,4,Fashion,3,Married,4,1,19.0,1.0,1.0,2.0,177.56,4,2,4,10,Recent Customers
51038,1,0.0,Mobile,3,16.0,Credit Card,Male,2.0,4,Fashion,5,Married,10,0,17.0,4.0,6.0,0.0,203.06,5,5,4,14,Champions
51039,0,10.0,Mobile,1,16.0,Credit Card,Female,3.0,3,Mobile Phone,4,Married,2,0,11.0,1.0,7.0,7.0,139.36,2,5,1,8,At Risk
51040,0,13.0,Mobile,1,22.0,Debit Card,Female,2.0,3,Fashion,1,Single,7,1,15.0,1.0,3.0,3.0,179.45,3,4,4,11,Champions
51041,0,17.0,Computer,2,6.0,UPI,Male,2.0,3,Laptop & Accessory,1,Married,5,1,11.0,1.0,1.0,2.0,157.43,4,2,3,9,Recent Customers
51042,0,21.0,Computer,1,10.0,Credit Card,Male,2.0,4,Grocery,1,Married,3,0,25.0,2.0,,2.0,252.02,4,5,5,14,Champions
51043,1,0.0,Mobile,3,21.0,Credit Card,Male,2.0,5,Laptop & Accessory,1,Married,7,1,14.0,1.0,2.0,2.0,154.4,4,3,3,10,Loyal
51044,0,0.0,Computer,1,8.0,Cash on Delivery,Female,2.0,3,Mobile Phone,1,Single,2,1,13.0,1.0,1.0,3.0,137.6,3,1,1,5,Hibernating
51045,0,0.0,Mobile,1,14.0,Credit Card,Female,2.0,1,Mobile,3,Married,8,0,17.0,0.0,1.0,2.0,135.17,4,1,1,6,Recent Customers
51046,0,0.0,Computer,1,,Credit Card,Male,2.0,3,Mobile,1,Single,3,0,13.0,0.0,1.0,2.0,125.8,4,1,1,6,Recent Customers
51047,1,,Mobile,1,13.0,Debit Card,Male,3.0,3,Mobile,5,Single,4,1,14.0,0.0,1.0,3.0,121.66,3,1,1,5,Hibernating
51048,0,2.0,Mobile,3,16.0,Credit Card,Male,2.0,4,Laptop & Accessory,3,Single,10,0,11.0,1.0,1.0,4.0,158.69,2,2,3,7,Hibernating
51049,0,9.0,Mobile,1,11.0,Debit Card,Female,2.0,3,Fashion,5,Married,5,0,12.0,1.0,1.0,2.0,180.08,4,2,4,10,Recent Customers
51050,0,0.0,Computer,1,8.0,Debit Card,Male,3.0,1,Laptop & Accessory,3,Married,2,0,17.0,0.0,1.0,7.0,152.06,2,1,2,5,Hibernating
51051,0,12.0,Mobile,1,18.0,Credit Card,Male,3.0,3,Laptop & Accessory,4,Married,5,0,21.0,1.0,1.0,0.0,152.95,5,1,2,8,Recent Customers
51052,0,22.0,Mobile,1,28.0,UPI,Female,3.0,3,Grocery,4,Married,4,0,16.0,,1.0,2.0,264.13,4,2,5,11,Recent Customers
51053,0,23.0,Mobile,1,23.0,Debit Card,Female,2.0,4,Fashion,5,Married,6,0,15.0,1.0,,11.0,232.69,1,5,5,11,Champions
51054,0,0.0,Mobile,3,8.0,Credit Card,Female,,3,Mobile,3,Single,2,0,19.0,0.0,2.0,2.0,127.83,4,2,1,7,Recent Customers
51055,0,7.0,Mobile,1,9.0,Debit Card,Female,3.0,3,Laptop & Accessory,4,Married,2,0,12.0,7.0,7.0,9.0,154.33,1,5,3,9,Loyal
51056,0,,Mobile,1,13.0,Debit Card,Male,3.0,3,Mobile,4,Single,3,0,11.0,0.0,1.0,3.0,120.13,3,1,1,5,Hibernating
51057,0,22.0,Mobile,1,12.0,Debit Card,Female,2.0,4,Grocery,3,Married,3,1,19.0,1.0,,12.0,239.66000000000005,1,5,5,11,Champions
51058,0,9.0,Computer,1,6.0,Credit Card,Female,2.0,4,Laptop & Accessory,3,Married,1,0,15.0,1.0,1.0,2.0,143.74,4,1,2,7,Recent Customers
51059,0,9.0,Mobile,1,9.0,Debit Card,Male,3.0,1,Laptop & Accessory,5,Married,7,0,20.0,1.0,1.0,4.0,168.42,2,2,3,7,Hibernating
51060,0,27.0,Mobile,1,28.0,Credit Card,Female,3.0,3,Grocery,3,Married,4,0,25.0,,4.0,7.0,274.26,2,4,5,11,Champions
51061,0,16.0,Mobile,1,21.0,Debit Card,Male,3.0,4,Grocery,3,Married,2,0,24.0,,6.0,11.0,276.03,1,5,5,11,Champions
51062,1,0.0,Computer,3,18.0,UPI,Male,2.0,3,Laptop & Accessory,1,Single,4,1,24.0,3.0,6.0,7.0,145.81,2,5,2,9,At Risk
51063,0,11.0,Computer,1,6.0,Debit Card,Male,2.0,3,Laptop & Accessory,1,Married,8,0,15.0,2.0,2.0,9.0,147.35,1,2,2,5,Hibernating
51064,0,2.0,Mobile,3,11.0,Credit Card,Male,2.0,4,Laptop & Accessory,4,Married,2,1,13.0,0.0,1.0,9.0,141.87,1,1,2,4,Hibernating
51065,0,6.0,Mobile,3,8.0,Credit Card,Male,3.0,3,Laptop & Accessory,1,Married,2,0,14.0,1.0,1.0,4.0,155.05,2,2,3,7,Hibernating
51066,0,5.0,Mobile,1,8.0,Credit Card,Male,2.0,3,Laptop & Accessory,4,Married,1,0,13.0,0.0,1.0,6.0,154.7,2,2,3,7,Hibernating
51067,0,4.0,Mobile,3,11.0,Debit Card,Female,3.0,3,Laptop & Accessory,1,Married,2,0,11.0,0.0,1.0,2.0,154.76,4,2,3,9,Recent Customers
51068,0,22.0,Mobile,1,,Credit Card,Female,3.0,3,Mobile,5,Married,5,1,16.0,1.0,2.0,2.0,125.87,4,2,1,7,Recent Customers
51069,0,11.0,Computer,1,,Credit Card,Female,2.0,4,Mobile,4,Single,2,0,22.0,1.0,3.0,3.0,124.4,3,4,1,8,Hibernating
51070,0,20.0,Mobile,3,8.0,Debit Card,Female,2.0,1,Grocery,4,Married,7,0,14.0,0.0,,2.0,259.72,4,5,5,14,Champions
51071,0,22.0,Mobile,1,6.0,Debit Card,Male,2.0,3,Grocery,3,Single,5,0,14.0,1.0,,0.0,253.79,5,5,5,15,Champions
51072,0,14.0,Mobile,3,29.0,Debit Card,Male,3.0,3,Fashion,3,Single,4,1,16.0,0.0,1.0,2.0,170.82,4,2,3,9,Recent Customers
51073,0,0.0,Mobile,3,15.0,Debit Card,Male,,3,Mobile,5,Single,2,0,11.0,0.0,1.0,2.0,127.28,4,1,1,6,Recent Customers
51074,0,6.0,Computer,3,22.0,Debit Card,Female,2.0,3,Laptop & Accessory,1,Married,2,1,25.0,0.0,1.0,2.0,153.68,4,1,3,8,Recent Customers
51075,0,9.0,Mobile,1,32.0,Debit Card,Male,3.0,3,Laptop & Accessory,3,Married,7,0,14.0,1.0,1.0,2.0,153.47,4,1,2,7,Recent Customers
51076,0,17.0,Mobile,2,6.0,Debit Card,Female,2.0,3,Mobile,1,Married,5,1,18.0,2.0,2.0,2.0,131.95,4,2,1,7,Recent Customers
51077,1,0.0,Mobile,1,14.0,Credit Card,Male,3.0,4,Mobile Phone,3,Single,2,1,11.0,1.0,1.0,2.0,139.89,4,1,1,6,Recent Customers
51078,0,11.0,Mobile,1,10.0,Credit Card,Female,2.0,3,Mobile,3,Married,8,0,19.0,0.0,1.0,0.0,133.06,5,1,1,7,Recent Customers
51079,0,26.0,Mobile,1,30.0,Credit Card,Male,2.0,1,Fashion,1,Married,4,0,15.0,0.0,1.0,2.0,170.05,4,2,3,9,Recent Customers
51080,1,11.0,Computer,3,,Credit Card,Female,3.0,3,Mobile,3,Married,3,1,11.0,4.0,7.0,7.0,126.55,2,5,1,8,At Risk
51081,1,,Mobile,1,8.0,Debit Card,Male,3.0,3,Mobile Phone,4,Single,2,0,12.0,1.0,1.0,0.0,113.93,5,1,1,7,Recent Customers
51082,0,0.0,Computer,1,,Credit Card,Male,3.0,3,Mobile,1,Single,2,0,20.0,5.0,5.0,7.0,125.7,2,4,1,7,At Risk
51083,0,28.0,Mobile,1,28.0,Cash on Delivery,Male,3.0,4,Mobile,4,Married,6,0,12.0,1.0,1.0,2.0,135.37,4,1,1,6,Recent Customers
51084,0,7.0,Mobile,1,11.0,Credit Card,Male,2.0,4,Laptop & Accessory,1,Married,2,0,14.0,4.0,4.0,13.0,139.86,1,4,1,6,At Risk
51085,0,30.0,Mobile,1,6.0,Credit Card,Male,3.0,5,Fashion,1,Married,4,0,20.0,0.0,1.0,0.0,208.83,5,2,5,12,Recent Customers
51086,0,,Mobile,1,27.0,Credit Card,Male,3.0,1,Mobile,4,Married,2,0,18.0,2.0,2.0,13.0,120.28,1,2,1,4,Hibernating
51087,0,10.0,Computer,3,6.0,Credit Card,Male,2.0,5,Laptop & Accessory,1,Married,2,0,14.0,0.0,1.0,3.0,195.25,3,2,4,9,Hibernating
51088,0,7.0,Mobile,1,25.0,Debit Card,Female,,4,Mobile,1,Married,2,0,12.0,3.0,8.0,7.0,129.29,2,5,1,8,At Risk
51089,1,,Mobile,3,13.0,Debit Card,Male,2.0,3,Mobile,1,Married,2,1,21.0,1.0,1.0,2.0,122.75,4,1,1,6,Recent Customers
51090,0,17.0,Mobile,1,8.0,Debit Card,Female,3.0,1,Fashion,1,Married,2,1,19.0,6.0,6.0,7.0,178.79,2,5,4,11,Champions
51091,0,8.0,Computer,1,8.0,Credit Card,Male,3.0,4,Mobile Phone,1,Single,1,1,14.0,1.0,1.0,4.0,149.3,2,1,2,5,Hibernating
51092,0,16.0,Mobile,3,8.0,Credit Card,Male,3.0,3,Laptop & Accessory,1,Married,2,1,17.0,0.0,8.0,8.0,178.47,2,5,4,11,Champions
51093,0,0.0,Mobile,1,15.0,Credit Card,Male,3.0,1,Mobile Phone,3,Married,2,0,16.0,0.0,1.0,4.0,144.01,2,1,2,5,Hibernating
51094,0,14.0,Mobile,3,12.0,E wallet,Male,2.0,3,Fashion,3,Single,2,0,12.0,6.0,8.0,7.0,192.41,2,5,4,11,Champions
51095,0,2.0,Mobile,1,15.0,Credit Card,Female,,3,Mobile,3,Married,10,0,17.0,1.0,1.0,2.0,129.74,4,1,1,6,Recent Customers
51096,0,9.0,Mobile,3,8.0,Debit Card,Female,2.0,3,Laptop & Accessory,1,Single,4,0,15.0,3.0,6.0,7.0,145.02,2,5,2,9,At Risk
51097,0,18.0,Computer,1,6.0,Debit Card,Male,3.0,4,Fashion,3,Married,4,0,23.0,3.0,14.0,4.0,207.48,3,5,4,12,Champions
51098,1,,Mobile,2,28.0,UPI,Male,2.0,5,Mobile Phone,3,Married,2,0,11.0,0.0,1.0,0.0,115.55,5,1,1,7,Recent Customers
51099,1,10.0,Computer,3,15.0,Debit Card,Male,2.0,5,Grocery,3,Married,8,0,11.0,1.0,14.0,,229.36,5,5,5,15,Champions
51100,0,,Mobile,1,23.0,Credit Card,Male,3.0,5,Mobile,3,Married,2,0,15.0,0.0,1.0,2.0,123.05,4,1,1,6,Recent Customers
51101,0,18.0,Mobile,1,34.0,Cash on Delivery,Female,2.0,4,Grocery,4,Single,2,0,11.0,,8.0,6.0,267.04,2,5,5,12,Champions
51102,0,5.0,Computer,1,16.0,Debit Card,Male,2.0,3,Mobile,3,Married,7,0,13.0,0.0,1.0,3.0,134.33,3,1,1,5,Hibernating
51103,0,4.0,Mobile,1,8.0,Debit Card,Male,3.0,3,Mobile,3,Married,2,0,14.0,0.0,1.0,3.0,134.77,3,1,1,5,Hibernating
51104,0,14.0,Computer,2,10.0,UPI,Male,2.0,5,Laptop & Accessory,4,Married,7,0,19.0,0.0,1.0,2.0,164.3,4,2,3,9,Recent Customers
51105,0,13.0,Mobile,1,14.0,Debit Card,Female,3.0,3,Laptop & Accessory,5,Married,3,1,16.0,0.0,1.0,0.0,165.16,5,2,3,10,Recent Customers
51106,0,0.0,Mobile,1,35.0,Credit Card,Male,3.0,3,Mobile Phone,5,Married,2,0,13.0,1.0,1.0,2.0,139.07,4,1,1,6,Recent Customers
51107,0,19.0,Mobile,1,19.0,Debit Card,Male,2.0,3,Laptop & Accessory,4,Single,7,0,14.0,1.0,1.0,9.0,155.62,1,2,3,6,Hibernating
51108,0,8.0,Mobile,1,33.0,Debit Card,Male,2.0,3,Laptop & Accessory,3,Married,3,0,16.0,0.0,1.0,7.0,168.83,2,2,3,7,Hibernating
51109,0,3.0,Mobile,1,22.0,Debit Card,Male,,3,Mobile,1,Married,2,0,12.0,0.0,1.0,8.0,128.62,1,1,1,3,Hibernating
51110,0,20.0,Computer,3,8.0,E wallet,Male,2.0,3,Laptop & Accessory,4,Married,8,0,11.0,0.0,1.0,0.0,149.78,5,1,2,8,Recent Customers
51111,0,19.0,Mobile,3,8.0,Debit Card,Male,3.0,3,Fashion,1,Married,5,1,12.0,0.0,1.0,3.0,203.68,3,2,4,9,Hibernating
51112,1,0.0,Mobile,3,19.0,E wallet,Male,3.0,4,Laptop & Accessory,5,Married,6,1,13.0,2.0,2.0,2.0,161.34,4,3,3,10,Loyal
51113,1,0.0,Mobile,3,6.0,Debit Card,Male,2.0,5,Laptop & Accessory,4,Single,7,0,15.0,0.0,1.0,0.0,167.35,5,2,3,10,Recent Customers
51114,0,0.0,Mobile,1,10.0,Credit Card,Female,2.0,3,Mobile,4,Single,2,0,13.0,1.0,1.0,2.0,132.95,4,1,1,6,Recent Customers
51115,0,4.0,Computer,1,30.0,Cash on Delivery,Female,1.0,3,Laptop & Accessory,1,Single,3,0,20.0,1.0,1.0,4.0,152.38,2,1,2,5,Hibernating
51116,0,12.0,Computer,1,6.0,Debit Card,Male,3.0,3,Laptop & Accessory,1,Married,2,1,15.0,3.0,5.0,8.0,164.72,1,4,3,8,Loyal
51117,0,5.0,Mobile,3,25.0,Debit Card,Male,3.0,5,Fashion,3,Married,4,0,13.0,1.0,1.0,2.0,196.1,4,2,4,10,Recent Customers
51118,0,13.0,Mobile,3,13.0,Credit Card,Male,2.0,3,Others,4,Single,2,0,,1.0,12.0,8.0,298.33,2,5,5,12,Champions
51119,0,18.0,Mobile,2,10.0,Debit Card,Female,2.0,5,Fashion,3,Married,5,0,21.0,1.0,1.0,3.0,197.56,3,2,4,9,Hibernating
51120,0,3.0,Computer,1,8.0,Cash on Delivery,Female,3.0,4,Mobile Phone,5,Single,1,0,16.0,0.0,1.0,7.0,149.68,2,1,2,5,Hibernating
51121,0,,Computer,2,16.0,Credit Card,Male,2.0,3,Mobile,1,Married,1,0,14.0,1.0,2.0,1.0,121.45,4,2,1,7,Recent Customers
51122,1,,Computer,2,14.0,UPI,Female,3.0,4,Mobile,1,Married,7,0,11.0,1.0,1.0,2.0,121.8,4,1,1,6,Recent Customers
51123,0,4.0,Mobile,3,11.0,Cash on Delivery,Male,2.0,3,Laptop & Accessory,3,Married,2,0,19.0,0.0,1.0,2.0,183.46,4,2,4,10,Recent Customers
51124,0,0.0,Mobile,1,14.0,Credit Card,Female,3.0,3,Mobile,1,Single,2,0,11.0,1.0,1.0,4.0,134.45,2,1,1,4,Hibernating
51125,1,0.0,Mobile,3,15.0,E wallet,Female,,5,Mobile,4,Single,2,0,13.0,1.0,2.0,2.0,127.6,4,2,1,7,Recent Customers
51126,0,2.0,Computer,1,6.0,Debit Card,Male,3.0,1,Laptop & Accessory,3,Single,9,1,12.0,0.0,1.0,2.0,162.94,4,2,3,9,Recent Customers
51127,0,3.0,Mobile,3,21.0,E wallet,Male,3.0,4,Fashion,5,Married,3,0,11.0,0.0,1.0,7.0,171.4,2,2,3,7,Hibernating
51128,0,7.0,Mobile,1,8.0,Credit Card,Male,,1,Mobile,1,Married,1,1,14.0,0.0,1.0,2.0,129.32,4,1,1,6,Recent Customers
51129,0,6.0,Computer,3,8.0,E wallet,Female,3.0,3,Laptop & Accessory,4,Single,9,0,15.0,0.0,1.0,7.0,151.47,2,1,2,5,Hibernating
51130,0,22.0,Mobile,3,17.0,E wallet,Female,3.0,3,Laptop & Accessory,1,Single,4,0,12.0,0.0,1.0,4.0,145.07,2,1,2,5,Hibernating
51131,1,0.0,Mobile,3,22.0,Debit Card,Female,3.0,3,Fashion,5,Single,3,1,20.0,0.0,1.0,0.0,185.64,5,2,4,11,Recent Customers
51132,0,11.0,Computer,1,,Credit Card,Female,3.0,4,Mobile,4,Married,5,0,14.0,0.0,1.0,5.0,124.68,2,1,1,4,Hibernating
51133,1,0.0,Mobile,3,22.0,E wallet,Male,3.0,3,Fashion,3,Married,3,0,13.0,1.0,1.0,0.0,181.61,5,2,4,11,Recent Customers
51134,0,,Mobile,1,10.0,Cash on Delivery,Female,3.0,4,Mobile,5,Married,2,0,13.0,0.0,1.0,0.0,121.09,5,1,1,7,Recent Customers
51135,0,0.0,Mobile,1,22.0,Debit Card,Male,2.0,1,Laptop & Accessory,3,Married,4,0,16.0,1.0,1.0,7.0,152.94,2,1,2,5,Hibernating
51136,0,5.0,Computer,1,11.0,Cash on Delivery,Male,,3,Mobile,4,Single,3,0,14.0,1.0,1.0,7.0,127.18,2,1,1,4,Hibernating
51137,0,11.0,Mobile,1,24.0,Credit Card,Male,2.0,5,Laptop & Accessory,1,Married,4,1,16.0,0.0,1.0,0.0,158.11,5,2,3,10,Recent Customers
51138,1,6.0,Computer,1,,Cash on Delivery,Male,2.0,4,Mobile,3,Married,10,1,16.0,1.0,1.0,0.0,124.37,5,1,1,7,Recent Customers
51139,0,15.0,Mobile,1,18.0,Credit Card,Male,,3,Mobile,4,Married,9,0,22.0,1.0,1.0,4.0,127.66,2,1,1,4,Hibernating
51140,0,28.0,Mobile,1,8.0,Credit Card,Male,2.0,4,Others,5,Married,9,0,12.0,,1.0,0.0,290.38,5,2,5,12,Recent Customers
51141,0,6.0,Computer,1,10.0,Cash on Delivery,Male,,3,Laptop & Accessory,4,Married,6,0,15.0,0.0,1.0,7.0,130.55,2,1,1,4,Hibernating
51142,0,,Mobile,1,15.0,Debit Card,Male,3.0,3,Mobile,5,Married,2,0,20.0,1.0,1.0,4.0,122.89,2,1,1,4,Hibernating
51143,0,7.0,Computer,3,16.0,Debit Card,Male,2.0,3,Laptop & Accessory,3,Married,2,1,14.0,1.0,1.0,7.0,140.01,2,1,1,4,Hibernating
51144,0,26.0,Computer,1,6.0,Credit Card,Female,2.0,4,Grocery,3,Married,5,1,20.0,0.0,1.0,,229.65,5,2,5,12,Recent Customers
51145,0,16.0,Mobile,2,8.0,Debit Card,Male,3.0,3,Mobile,1,Single,1,0,13.0,0.0,1.0,8.0,135.39,1,1,1,3,Hibernating
51146,0,7.0,Mobile,3,9.0,Debit Card,Female,2.0,5,Laptop & Accessory,1,Single,6,0,12.0,1.0,2.0,2.0,160.29,4,3,3,10,Loyal
51147,1,0.0,Mobile,3,13.0,E wallet,Male,,3,Mobile,4,Single,2,0,13.0,1.0,1.0,0.0,126.79,5,1,1,7,Recent Customers
51148,0,11.0,Mobile,1,12.0,UPI,Female,2.0,4,Mobile Phone,3,Married,2,0,11.0,0.0,1.0,4.0,137.02,2,1,1,4,Hibernating
51149,1,0.0,Mobile,1,,Credit Card,Female,3.0,3,Mobile,5,Married,2,1,17.0,0.0,1.0,0.0,123.98,5,1,1,7,Recent Customers
51150,0,4.0,Mobile,3,35.0,E wallet,Female,3.0,4,Laptop & Accessory,1,Married,2,0,14.0,2.0,5.0,7.0,154.68,2,4,3,9,Loyal
51151,0,24.0,Mobile,1,9.0,Cash on Delivery,Female,2.0,3,Fashion,3,Married,3,0,11.0,2.0,2.0,,231.16000000000005,5,4,5,14,Champions
51152,0,10.0,Mobile,3,15.0,E wallet,Male,2.0,4,Laptop & Accessory,4,Married,2,0,14.0,0.0,1.0,3.0,141.89,3,1,2,6,Hibernating
51153,0,19.0,Mobile,1,8.0,Credit Card,Male,2.0,3,Others,1,Married,8,1,,1.0,2.0,2.0,293.28,4,4,5,13,Champions
51154,0,9.0,Mobile,1,16.0,Debit Card,Male,2.0,3,Fashion,5,Married,8,1,13.0,1.0,5.0,7.0,183.21,2,4,4,10,Champions
51155,1,7.0,Computer,1,,Credit Card,Male,2.0,3,Mobile,4,Married,2,1,12.0,1.0,2.0,3.0,123.42,3,2,1,6,Hibernating
51156,0,10.0,Mobile,2,14.0,UPI,Male,2.0,3,Laptop & Accessory,4,Married,3,0,13.0,4.0,4.0,7.0,140.71,2,4,1,7,At Risk
51157,1,0.0,Mobile,3,33.0,Debit Card,Male,2.0,3,Laptop & Accessory,1,Single,2,1,18.0,0.0,7.0,7.0,158.13,2,5,3,10,Loyal
51158,0,6.0,Mobile,1,14.0,Debit Card,Male,,1,Mobile,5,Married,7,0,19.0,6.0,7.0,6.0,131.43,2,5,1,8,At Risk
51159,0,,Mobile,1,6.0,Debit Card,Male,2.0,3,Mobile,1,Married,2,0,11.0,0.0,1.0,3.0,120.44,3,1,1,5,Hibernating
51160,0,12.0,Mobile,1,16.0,Credit Card,Male,3.0,3,Fashion,3,Single,8,0,21.0,2.0,,2.0,234.64,4,5,5,14,Champions
51161,0,19.0,Computer,3,32.0,Debit Card,Male,3.0,4,Laptop & Accessory,4,Single,9,0,15.0,2.0,2.0,2.0,179.91,4,3,4,11,Loyal
51162,0,13.0,Mobile,1,8.0,Debit Card,Female,2.0,3,Mobile,5,Married,5,0,17.0,1.0,1.0,2.0,133.77,4,1,1,6,Recent Customers
51163,0,15.0,Mobile,1,19.0,Credit Card,Male,3.0,1,Laptop & Accessory,5,Married,6,0,18.0,1.0,1.0,0.0,155.38,5,2,3,10,Recent Customers
51164,0,8.0,Computer,1,8.0,Credit Card,Male,2.0,3,Laptop & Accessory,1,Married,3,0,14.0,0.0,1.0,7.0,157.62,2,2,3,7,Hibernating
51165,0,11.0,Computer,2,,UPI,Male,3.0,3,Mobile,4,Married,6,0,13.0,3.0,3.0,8.0,125.92,1,4,1,6,At Risk
51166,1,0.0,Computer,1,15.0,Debit Card,Male,3.0,3,Laptop & Accessory,5,Married,5,0,17.0,0.0,1.0,7.0,153.46,2,1,2,5,Hibernating
51167,1,0.0,Mobile,1,16.0,Credit Card,Male,2.0,3,Laptop & Accessory,5,Single,2,0,15.0,0.0,1.0,8.0,142.13,1,1,2,4,Hibernating
51168,0,12.0,Computer,3,26.0,Debit Card,Male,2.0,3,Laptop & Accessory,1,Married,3,0,18.0,1.0,2.0,2.0,141.27,4,2,2,8,Recent Customers
51169,0,16.0,Computer,1,,Debit Card,Male,2.0,3,Mobile,3,Single,5,0,13.0,0.0,1.0,2.0,124.38,4,1,1,6,Recent Customers
51170,0,14.0,Mobile,1,11.0,Debit Card,Male,2.0,1,Laptop & Accessory,4,Single,4,0,12.0,1.0,1.0,2.0,168.7,4,2,3,9,Recent Customers
51171,0,14.0,Mobile,3,10.0,E wallet,Female,2.0,3,Fashion,3,Married,1,1,13.0,0.0,13.0,5.0,204.47,2,5,4,11,Champions
51172,0,3.0,Mobile,1,16.0,Credit Card,Female,3.0,3,Fashion,3,Single,10,0,14.0,0.0,1.0,2.0,196.67,4,2,4,10,Recent Customers
51173,1,,Mobile,2,26.0,Credit Card,Female,3.0,3,Mobile,4,Married,1,1,11.0,0.0,1.0,4.0,121.48,2,1,1,4,Hibernating
51174,1,9.0,Mobile,1,27.0,Credit Card,Female,3.0,3,Laptop & Accessory,4,Married,5,0,22.0,1.0,3.0,7.0,189.26,2,4,4,10,Champions
51175,0,13.0,Mobile,1,6.0,Debit Card,Female,2.0,3,Laptop & Accessory,1,Married,5,0,17.0,0.0,1.0,3.0,165.13,3,2,3,8,Hibernating
51176,0,7.0,Mobile,3,14.0,Cash on Delivery,Male,3.0,1,Laptop & Accessory,3,Married,2,0,21.0,0.0,4.0,8.0,167.99,1,4,3,8,Loyal
51177,0,30.0,Computer,3,8.0,Credit Card,Male,2.0,3,Grocery,4,Married,5,0,22.0,10.0,14.0,14.0,0.0,1,5,1,7,At Risk
51178,0,8.0,Mobile,1,29.0,Credit Card,Male,,5,Mobile,3,Married,1,0,16.0,1.0,1.0,3.0,127.05,3,1,1,5,Hibernating
51179,0,20.0,Mobile,1,10.0,Debit Card,Female,3.0,4,Fashion,4,Married,9,1,12.0,2.0,14.0,10.0,203.33,1,5,4,10,Champions
51180,0,13.0,Mobile,1,18.0,Debit Card,Female,2.0,3,Laptop & Accessory,5,Married,3,0,12.0,7.0,7.0,7.0,144.48,2,5,2,9,At Risk
51181,0,27.0,Mobile,1,13.0,Credit Card,Female,3.0,3,Laptop & Accessory,1,Married,5,0,15.0,1.0,1.0,7.0,168.54,2,2,3,7,Hibernating
51182,0,4.0,Computer,3,13.0,E wallet,Female,3.0,3,Fashion,5,Married,3,0,14.0,2.0,2.0,2.0,196.37,4,4,4,12,Champions
51183,0,1.0,Mobile,1,6.0,Credit Card,Female,3.0,3,Mobile Phone,5,Married,2,0,25.0,1.0,1.0,2.0,135.91,4,1,1,6,Recent Customers
51184,0,11.0,Mobile,3,8.0,E wallet,Female,3.0,5,Laptop & Accessory,1,Married,3,1,20.0,0.0,1.0,3.0,154.05,3,2,3,8,Hibernating
51185,0,0.0,Mobile,3,16.0,Credit Card,Male,2.0,3,Laptop & Accessory,1,Single,2,0,13.0,0.0,1.0,2.0,146.84,4,1,2,7,Recent Customers
51186,0,30.0,Computer,1,21.0,Debit Card,Male,2.0,3,Grocery,3,Married,3,1,14.0,1.0,,2.0,257.87,4,5,5,14,Champions
51187,0,,Computer,1,20.0,Credit Card,Female,2.0,3,Mobile Phone,3,Single,2,0,16.0,1.0,1.0,0.0,115.14,5,1,1,7,Recent Customers
51188,1,0.0,Mobile,2,24.0,UPI,Male,,1,Mobile,5,Married,1,0,17.0,1.0,1.0,0.0,129.56,5,1,1,7,Recent Customers
51189,1,0.0,Mobile,2,,UPI,Male,2.0,4,Mobile,5,Married,5,1,15.0,1.0,2.0,0.0,123.35,5,2,1,8,Recent Customers
51190,0,18.0,Computer,3,8.0,Debit Card,Female,3.0,3,Laptop & Accessory,3,Married,5,0,22.0,3.0,5.0,7.0,151.54,2,4,2,8,At Risk
51191,0,9.0,Mobile,1,8.0,UPI,Female,3.0,3,Laptop & Accessory,4,Married,5,1,22.0,0.0,1.0,0.0,169.62,5,2,3,10,Recent Customers
51192,0,16.0,Computer,3,8.0,Debit Card,Male,3.0,3,Laptop & Accessory,1,Married,2,0,20.0,5.0,7.0,7.0,156.75,2,5,3,10,Loyal
51193,0,0.0,Computer,1,,Debit Card,Female,2.0,3,Mobile,1,Single,1,1,14.0,1.0,1.0,2.0,123.79,4,1,1,6,Recent Customers
51194,0,2.0,Computer,1,26.0,Credit Card,Male,2.0,3,Mobile Phone,1,Married,2,0,13.0,1.0,3.0,10.0,138.12,1,4,1,6,At Risk
51195,0,5.0,Computer,3,16.0,E wallet,Male,3.0,3,Laptop & Accessory,1,Single,9,0,13.0,1.0,1.0,0.0,146.48,5,1,2,8,Recent Customers
51196,0,15.0,Computer,1,16.0,Cash on Delivery,Male,,3,Mobile,3,Married,4,0,22.0,1.0,3.0,3.0,129.36,3,4,1,8,Hibernating
51197,0,,Mobile,1,15.0,Debit Card,Female,3.0,3,Mobile,3,Single,5,0,12.0,1.0,2.0,0.0,121.05,5,2,1,8,Recent Customers
51198,0,19.0,Mobile,1,8.0,Debit Card,Male,2.0,3,Fashion,1,Married,4,0,14.0,1.0,4.0,7.0,185.78,2,4,4,10,Champions
51199,0,1.0,Computer,2,6.0,Debit Card,Male,,3,Mobile,1,Married,2,0,15.0,0.0,2.0,2.0,127.06,4,2,1,7,Recent Customers
51200,0,2.0,Mobile,1,35.0,Debit Card,Male,3.0,5,Laptop & Accessory,3,Married,9,0,17.0,1.0,1.0,6.0,163.84,2,2,3,7,Hibernating
51201,0,15.0,Mobile,1,14.0,Debit Card,Male,2.0,3,Mobile Phone,3,Single,5,0,13.0,1.0,1.0,0.0,139.68,5,1,1,7,Recent Customers
51202,1,0.0,Mobile,3,8.0,E wallet,Male,2.0,4,Laptop & Accessory,4,Single,8,1,12.0,2.0,2.0,2.0,199.07,4,4,4,12,Champions
51203,0,19.0,Mobile,3,9.0,Cash on Delivery,Female,2.0,1,Grocery,5,Married,3,0,12.0,1.0,,8.0,232.25,2,5,5,12,Champions
51204,0,0.0,Mobile,3,29.0,Credit Card,Female,2.0,4,Laptop & Accessory,3,Married,2,0,21.0,4.0,5.0,8.0,135.4,1,4,1,6,At Risk
51205,0,2.0,Mobile,2,12.0,Credit Card,Male,,4,Mobile,4,Married,2,0,11.0,1.0,1.0,0.0,128.04,5,1,1,7,Recent Customers
51206,0,16.0,Mobile,1,12.0,Credit Card,Female,2.0,4,Others,3,Married,8,0,,3.0,6.0,14.0,293.92,1,5,5,11,Champions
51207,0,21.0,Mobile,1,16.0,Debit Card,Male,3.0,4,Others,4,Married,5,0,,3.0,12.0,9.0,296.65,1,5,5,11,Champions
51208,1,0.0,Computer,1,,Debit Card,Male,3.0,4,Mobile,1,Single,2,1,24.0,1.0,1.0,0.0,124.39,5,1,1,7,Recent Customers
51209,1,9.0,Mobile,3,16.0,Debit Card,Female,3.0,3,Fashion,4,Married,6,0,21.0,0.0,1.0,7.0,173.14,2,2,4,8,Hibernating
51210,0,0.0,Computer,1,21.0,Debit Card,Female,3.0,4,Mobile Phone,5,Married,1,0,19.0,7.0,7.0,3.0,147.74,4,5,2,11,Hibernating
51211,0,12.0,Mobile,1,25.0,UPI,Male,2.0,3,Laptop & Accessory,1,Married,9,0,14.0,1.0,2.0,2.0,139.02,4,2,1,7,Recent Customers
51212,0,28.0,Mobile,1,8.0,Cash on Delivery,Male,,4,Mobile,1,Married,9,0,20.0,0.0,1.0,4.0,126.62,2,1,1,4,Hibernating
51213,0,1.0,Mobile,3,9.0,Credit Card,Female,,3,Mobile,4,Married,2,0,19.0,1.0,1.0,0.0,128.56,5,1,1,7,Recent Customers
51214,1,0.0,Mobile,3,15.0,Credit Card,Male,2.0,3,Mobile Phone,1,Single,2,0,13.0,0.0,1.0,0.0,110.81,5,1,1,7,Recent Customers
51215,1,0.0,Mobile,1,,Debit Card,Male,3.0,3,Mobile,4,Single,2,1,23.0,1.0,1.0,0.0,124.72,5,1,1,7,Recent Customers
51216,0,9.0,Mobile,3,16.0,Cash on Delivery,Female,3.0,4,Laptop & Accessory,3,Married,2,1,13.0,1.0,1.0,7.0,156.73,2,2,3,7,Hibernating
51217,0,4.0,Mobile,1,26.0,Debit Card,Male,2.0,3,Laptop & Accessory,3,Married,2,0,11.0,0.0,1.0,2.0,141.97,4,1,2,7,Recent Customers
51218,0,7.0,Mobile,3,10.0,Debit Card,Male,3.0,3,Fashion,1,Married,3,1,13.0,0.0,1.0,0.0,197.13,5,2,4,11,Recent Customers
51219,0,,Mobile,1,13.0,Debit Card,Male,2.0,3,Mobile,5,Single,4,0,14.0,0.0,1.0,2.0,120.62,4,1,1,6,Recent Customers
51220,0,10.0,Mobile,1,13.0,Credit Card,Male,3.0,3,Laptop & Accessory,5,Married,6,1,22.0,0.0,1.0,4.0,142.84,2,1,2,5,Hibernating
51221,0,8.0,Mobile,1,22.0,UPI,Female,2.0,4,Laptop & Accessory,4,Married,1,1,11.0,1.0,1.0,2.0,147.88,4,1,2,7,Recent Customers
51222,0,18.0,Mobile,1,31.0,Debit Card,Female,3.0,4,Laptop & Accessory,1,Married,1,0,13.0,0.0,3.0,8.0,159.06,1,4,3,8,Loyal
51223,0,9.0,Computer,2,8.0,UPI,Male,3.0,4,Laptop & Accessory,1,Single,2,0,21.0,1.0,1.0,8.0,138.86,1,1,1,3,Hibernating
51224,0,13.0,Mobile,1,6.0,Debit Card,Male,3.0,3,Grocery,5,Married,3,0,11.0,,11.0,16.0,268.23,1,5,5,11,Champions
51225,0,0.0,Mobile,1,6.0,Debit Card,Female,,4,Mobile,3,Married,2,1,13.0,0.0,1.0,0.0,129.33,5,1,1,7,Recent Customers
51226,0,0.0,Mobile,3,8.0,Credit Card,Female,2.0,1,Laptop & Accessory,3,Single,1,0,14.0,0.0,1.0,7.0,165.0,2,2,3,7,Hibernating
51227,0,21.0,Computer,1,28.0,Credit Card,Female,2.0,3,Grocery,1,Married,4,0,11.0,,4.0,7.0,271.74,2,4,5,11,Champions
51228,0,17.0,Mobile,1,6.0,Debit Card,Male,3.0,1,Laptop & Accessory,5,Married,3,0,15.0,2.0,2.0,2.0,150.33,4,3,2,9,Hibernating
51229,1,,Computer,1,22.0,Cash on Delivery,Male,2.0,5,Mobile,5,Married,2,1,23.0,3.0,3.0,0.0,123.07,5,4,1,10,Hibernating
51230,1,19.0,Mobile,1,,Debit Card,Male,3.0,3,Mobile,1,Single,2,0,16.0,0.0,1.0,0.0,125.87,5,1,1,7,Recent Customers
51231,0,9.0,Mobile,3,23.0,E wallet,Male,2.0,4,Laptop & Accessory,4,Married,3,0,16.0,1.0,1.0,3.0,155.07,3,2,3,8,Hibernating
51232,0,14.0,Mobile,3,14.0,E wallet,Female,2.0,3,Laptop & Accessory,4,Married,6,0,21.0,1.0,1.0,4.0,143.93,2,1,2,5,Hibernating
51233,0,15.0,Mobile,1,12.0,Credit Card,Male,2.0,3,Fashion,5,Married,10,0,13.0,3.0,,7.0,233.48,2,5,5,12,Champions
51234,0,4.0,Mobile,3,16.0,Credit Card,Female,2.0,3,Laptop & Accessory,1,Married,3,1,11.0,0.0,1.0,4.0,165.83,2,2,3,7,Hibernating
51235,0,7.0,Mobile,3,9.0,Credit Card,Female,3.0,4,Laptop & Accessory,1,Married,4,1,12.0,0.0,1.0,1.0,181.03,4,2,4,10,Recent Customers
51236,0,4.0,Mobile,1,10.0,Credit Card,Female,3.0,1,Mobile Phone,3,Married,9,0,12.0,2.0,2.0,2.0,139.78,4,2,1,7,Recent Customers
51237,0,0.0,Computer,1,,UPI,Male,3.0,1,Mobile,1,Married,1,0,18.0,2.0,7.0,7.0,125.44,2,5,1,8,At Risk
51238,0,18.0,Computer,1,6.0,Credit Card,Male,2.0,3,Laptop & Accessory,3,Single,5,0,12.0,1.0,1.0,3.0,153.99,3,2,3,8,Hibernating
51239,0,6.0,Mobile,3,16.0,E wallet,Male,2.0,3,Laptop & Accessory,3,Single,2,0,14.0,0.0,1.0,9.0,154.87,1,2,3,6,Hibernating
51240,0,1.0,Computer,3,6.0,Debit Card,Male,2.0,4,Laptop & Accessory,1,Married,2,1,12.0,0.0,1.0,7.0,168.34,2,2,3,7,Hibernating
51241,1,0.0,Computer,3,30.0,Cash on Delivery,Male,2.0,1,Mobile Phone,5,Single,2,0,17.0,1.0,1.0,0.0,110.91,5,1,1,7,Recent Customers
51242,0,12.0,Computer,3,27.0,Debit Card,Female,2.0,5,Laptop & Accessory,3,Married,7,0,19.0,0.0,1.0,2.0,157.36,4,2,3,9,Recent Customers
51243,0,,Mobile,1,8.0,Cash on Delivery,Male,2.0,3,Mobile,4,Married,2,0,11.0,1.0,1.0,2.0,122.26,4,1,1,6,Recent Customers
51244,0,7.0,Computer,1,28.0,UPI,Male,2.0,4,Laptop & Accessory,1,Married,2,1,15.0,3.0,6.0,11.0,157.47,1,5,3,9,Loyal
51245,1,0.0,Mobile,3,19.0,E wallet,Female,2.0,3,Laptop & Accessory,3,Single,4,1,11.0,2.0,2.0,2.0,198.54,4,4,4,12,Champions
51246,0,20.0,Computer,1,20.0,Cash on Delivery,Male,3.0,3,Laptop & Accessory,4,Married,9,0,18.0,0.0,1.0,7.0,154.67,2,2,3,7,Hibernating
51247,0,29.0,Mobile,3,17.0,E wallet,Female,2.0,4,Laptop & Accessory,5,Married,5,0,16.0,0.0,1.0,0.0,153.8,5,2,3,10,Recent Customers
51248,0,12.0,Mobile,1,15.0,Credit Card,Male,2.0,3,Laptop & Accessory,5,Married,2,0,25.0,4.0,7.0,9.0,151.51,1,5,2,8,At Risk
51249,0,,Computer,1,14.0,Credit Card,Female,2.0,4,Laptop & Accessory,4,Married,2,1,16.0,1.0,1.0,7.0,121.33,2,1,1,4,Hibernating
51250,0,30.0,Mobile,3,27.0,Debit Card,Female,3.0,3,Grocery,1,Married,5,1,13.0,,1.0,0.0,278.75,5,2,5,12,Recent Customers
51251,1,0.0,Computer,1,,Debit Card,Female,2.0,1,Mobile,3,Single,4,1,14.0,0.0,1.0,3.0,124.32,3,1,1,5,Hibernating
51252,0,11.0,Mobile,1,15.0,Debit Card,Male,3.0,3,Mobile Phone,1,Married,3,0,19.0,1.0,1.0,3.0,147.71,3,1,2,6,Hibernating
51253,0,22.0,Computer,1,8.0,Debit Card,Male,2.0,3,Others,1,Married,4,0,15.0,,4.0,3.0,291.61,3,4,5,12,Champions
51254,0,15.0,Mobile,3,18.0,E wallet,Male,3.0,3,Laptop & Accessory,1,Married,4,1,12.0,0.0,1.0,0.0,150.87,5,1,2,8,Recent Customers
51255,1,0.0,Computer,2,28.0,UPI,Female,,4,Mobile,4,Married,2,0,12.0,1.0,1.0,0.0,128.63,5,1,1,7,Recent Customers
51256,0,8.0,Mobile,3,24.0,Credit Card,Male,3.0,3,Laptop & Accessory,5,Married,1,0,16.0,0.0,1.0,4.0,0.0,2,1,1,4,Hibernating
51257,0,,Computer,1,22.0,Credit Card,Male,2.0,3,Mobile,3,Single,2,0,14.0,0.0,1.0,4.0,121.44,2,1,1,4,Hibernating
51258,0,4.0,Computer,1,9.0,Credit Card,Male,,3,Mobile,5,Married,2,1,13.0,0.0,2.0,3.0,130.65,3,2,1,6,Hibernating
51259,0,9.0,Computer,1,15.0,Debit Card,Male,,1,Mobile,4,Married,2,0,22.0,1.0,1.0,2.0,128.1,4,1,1,6,Recent Customers
51260,0,7.0,Mobile,3,6.0,E wallet,Male,2.0,3,Fashion,1,Single,2,0,21.0,1.0,2.0,1.0,198.88,5,4,4,13,Champions
51261,0,7.0,Mobile,3,19.0,Credit Card,Male,2.0,3,Fashion,3,Married,2,0,18.0,1.0,1.0,1.0,186.28,4,2,4,10,Recent Customers
51262,0,0.0,Mobile,1,6.0,Credit Card,Male,,3,Mobile,5,Single,1,0,13.0,3.0,7.0,6.0,128.67,2,5,1,8,At Risk
51263,0,2.0,Mobile,1,6.0,Debit Card,Male,2.0,3,Laptop & Accessory,5,Married,1,0,12.0,1.0,1.0,2.0,153.73,4,1,3,8,Recent Customers
51264,0,5.0,Computer,1,21.0,Credit Card,Female,2.0,3,Laptop & Accessory,1,Married,6,0,18.0,0.0,1.0,2.0,166.67,4,2,3,9,Recent Customers
51265,0,4.0,Computer,1,6.0,Debit Card,Male,2.0,5,Laptop & Accessory,5,Married,2,0,21.0,1.0,8.0,7.0,150.03,2,5,2,9,At Risk
51266,1,0.0,Mobile,1,,Cash on Delivery,Male,2.0,4,Mobile,1,Married,6,0,12.0,0.0,1.0,3.0,123.67,3,1,1,5,Hibernating
51267,0,11.0,Mobile,3,6.0,Debit Card,Male,,4,Mobile,5,Single,5,0,14.0,0.0,1.0,0.0,128.58,5,1,1,7,Recent Customers
51268,0,8.0,Mobile,3,13.0,Debit Card,Female,2.0,3,Laptop & Accessory,1,Married,2,1,11.0,1.0,1.0,9.0,152.04,1,1,2,4,Hibernating
51269,0,0.0,Mobile,3,15.0,E wallet,Male,2.0,3,Laptop & Accessory,1,Single,2,0,14.0,0.0,1.0,7.0,141.05,2,1,2,5,Hibernating
51270,0,5.0,Mobile,1,11.0,Debit Card,Male,2.0,4,Laptop & Accessory,1,Single,9,0,24.0,0.0,1.0,0.0,196.79,5,2,4,11,Recent Customers
51271,1,0.0,Computer,3,32.0,E wallet,Male,3.0,3,Laptop & Accessory,1,Married,2,1,11.0,0.0,1.0,8.0,156.17,1,2,3,6,Hibernating
51272,1,16.0,Mobile,3,30.0,Debit Card,Male,3.0,3,Fashion,5,Single,7,1,13.0,2.0,2.0,2.0,204.48,4,4,4,12,Champions
51273,0,27.0,Mobile,1,15.0,Debit Card,Female,,3,Laptop & Accessory,3,Married,4,0,11.0,0.0,2.0,3.0,128.97,3,2,1,6,Hibernating
51274,0,6.0,Computer,1,13.0,Debit Card,Male,2.0,3,Laptop & Accessory,3,Married,2,0,20.0,2.0,2.0,8.0,159.68,1,3,3,7,Loyal
51275,0,16.0,Mobile,1,17.0,Debit Card,Male,1.0,3,Fashion,3,Married,2,0,17.0,1.0,1.0,9.0,175.1,1,2,4,7,Hibernating
51276,0,11.0,Computer,2,6.0,UPI,Male,,3,Mobile,4,Married,1,1,11.0,1.0,1.0,2.0,129.91,4,1,1,6,Recent Customers
51277,0,28.0,Mobile,2,32.0,UPI,Male,3.0,1,Others,4,Married,5,1,,1.0,1.0,4.0,296.36,2,2,5,9,Hibernating
51278,0,4.0,Mobile,1,8.0,Credit Card,Female,2.0,5,Mobile Phone,1,Married,2,1,11.0,1.0,1.0,0.0,111.29,5,1,1,7,Recent Customers
51279,0,12.0,Mobile,3,21.0,E wallet,Male,3.0,3,Grocery,5,Single,1,0,12.0,4.0,,10.0,233.41000000000005,1,5,5,11,Champions
51280,0,15.0,Computer,1,29.0,Debit Card,Male,2.0,4,Laptop & Accessory,3,Single,2,0,12.0,2.0,3.0,7.0,143.32,2,4,2,8,At Risk
51281,0,4.0,Computer,1,16.0,Credit Card,Female,2.0,3,Fashion,3,Married,5,0,20.0,3.0,4.0,,210.31,5,4,5,14,Champions
51282,0,27.0,Mobile,1,16.0,Credit Card,Female,3.0,3,Laptop & Accessory,5,Single,7,1,19.0,0.0,1.0,4.0,144.4,2,1,2,5,Hibernating
51283,0,0.0,Mobile,1,6.0,Debit Card,Male,2.0,4,Laptop & Accessory,3,Single,2,0,12.0,1.0,1.0,2.0,146.17,4,1,2,7,Recent Customers
51284,0,0.0,Mobile,1,,UPI,Male,3.0,3,Mobile,1,Single,2,0,13.0,1.0,1.0,4.0,126.47,2,1,1,4,Hibernating
51285,0,13.0,Computer,1,17.0,Cash on Delivery,Female,3.0,3,Laptop & Accessory,3,Married,2,0,11.0,2.0,9.0,4.0,163.23,3,5,3,11,Loyal
51286,0,13.0,Mobile,3,8.0,E wallet,Female,3.0,3,Laptop & Accessory,4,Married,4,0,14.0,1.0,5.0,10.0,156.77,1,4,3,8,Loyal
51287,0,,Mobile,2,8.0,UPI,Female,2.0,3,Mobile,4,Married,5,0,14.0,0.0,1.0,2.0,121.87,4,1,1,6,Recent Customers
51288,0,3.0,Mobile,1,6.0,Credit Card,Male,3.0,3,Mobile Phone,4,Married,2,0,13.0,0.0,1.0,7.0,137.48,2,1,1,4,Hibernating
51289,0,0.0,Mobile,1,8.0,UPI,Male,2.0,3,Mobile Phone,3,Married,7,1,19.0,0.0,1.0,2.0,139.77,4,1,1,6,Recent Customers
51290,0,20.0,Mobile,1,31.0,Credit Card,Male,2.0,3,Fashion,3,Single,3,0,23.0,1.0,12.0,11.0,186.33,1,5,4,10,Champions
51291,0,,Computer,1,6.0,Credit Card,Male,2.0,4,Mobile,3,Married,2,0,12.0,0.0,1.0,0.0,120.08,5,1,1,7,Recent Customers
51292,0,11.0,Mobile,3,6.0,Debit Card,Male,2.0,3,Laptop & Accessory,4,Married,1,0,15.0,4.0,5.0,8.0,144.4,1,4,2,7,At Risk
51293,0,4.0,Mobile,3,8.0,Debit Card,Male,,3,Mobile,3,Married,1,0,19.0,1.0,1.0,2.0,130.67,4,1,1,6,Recent Customers
51294,0,11.0,Computer,1,12.0,Debit Card,Male,3.0,4,Laptop & Accessory,3,Married,3,0,11.0,2.0,7.0,7.0,153.21,2,5,2,9,At Risk
51295,0,15.0,Mobile,1,24.0,Debit Card,Male,2.0,3,Laptop & Accessory,5,Married,7,1,17.0,0.0,1.0,2.0,154.1,4,2,3,9,Recent Customers
51296,0,14.0,Mobile,1,6.0,Debit Card,Male,,3,Mobile,1,Married,4,0,22.0,0.0,1.0,0.0,127.82,5,1,1,7,Recent Customers
51297,0,20.0,Computer,1,6.0,Credit Card,Female,3.0,3,Fashion,4,Married,1,0,18.0,0.0,5.0,,219.57,5,4,5,14,Champions
51298,0,8.0,Mobile,1,17.0,Credit Card,Male,2.0,3,Mobile,3,Married,8,1,11.0,0.0,2.0,2.0,126.6,4,2,1,7,Recent Customers
51299,0,0.0,Mobile,1,6.0,Debit Card,Male,3.0,3,Mobile,3,Single,1,0,12.0,0.0,1.0,2.0,133.75,4,1,1,6,Recent Customers
51300,0,8.0,Mobile,1,15.0,Credit Card,Male,2.0,3,Laptop & Accessory,3,Single,2,0,19.0,0.0,1.0,8.0,150.98,1,1,2,4,Hibernating
51301,0,6.0,Mobile,1,21.0,Credit Card,Female,3.0,3,Laptop & Accessory,1,Married,1,1,13.0,5.0,8.0,1.0,12.0,5,5,1,11,Hibernating
51302,0,5.0,Mobile,1,35.0,Debit Card,Female,,4,Mobile,4,Single,2,0,13.0,3.0,4.0,1.0,128.37,5,4,1,10,Hibernating
51303,0,13.0,Mobile,1,,Debit Card,Male,2.0,3,Mobile,1,Married,9,0,19.0,0.0,1.0,0.0,124.06,5,1,1,7,Recent Customers
51304,0,,Mobile,3,6.0,Credit Card,Male,3.0,4,Mobile,4,Married,1,0,14.0,0.0,2.0,2.0,122.69,4,2,1,7,Recent Customers
51305,0,12.0,Mobile,1,30.0,Debit Card,Male,2.0,3,Laptop & Accessory,1,Single,8,0,13.0,1.0,1.0,7.0,141.08,2,1,2,5,Hibernating
51306,0,11.0,Mobile,1,16.0,Credit Card,Female,2.0,5,Fashion,3,Married,4,0,12.0,1.0,,11.0,232.06,1,5,5,11,Champions
51307,0,5.0,Mobile,3,6.0,E wallet,Female,2.0,3,Fashion,1,Married,2,0,19.0,3.0,5.0,7.0,204.22,2,4,4,10,Champions
51308,0,10.0,Mobile,1,16.0,Debit Card,Female,2.0,1,Fashion,1,Married,2,1,25.0,0.0,,8.0,237.44,2,5,5,12,Champions
51309,0,0.0,Mobile,3,14.0,UPI,Female,2.0,3,Laptop & Accessory,3,Married,1,1,22.0,1.0,1.0,4.0,149.07,2,1,2,5,Hibernating
51310,0,25.0,Computer,3,126.0,Debit Card,Male,2.0,3,Mobile,1,Married,3,0,15.0,1.0,1.0,0.0,134.82,5,1,1,7,Recent Customers
51311,0,17.0,Mobile,1,,Credit Card,Male,2.0,3,Mobile,1,Single,7,1,12.0,0.0,1.0,2.0,124.36,4,1,1,6,Recent Customers
51312,0,0.0,Mobile,3,,Credit Card,Male,2.0,3,Mobile,5,Single,2,1,11.0,1.0,1.0,2.0,123.8,4,1,1,6,Recent Customers
51313,0,12.0,Computer,1,15.0,Debit Card,Male,2.0,3,Others,1,Single,3,0,,0.0,1.0,3.0,294.31,3,2,5,10,Hibernating
51314,1,,Computer,3,15.0,E wallet,Male,2.0,3,Mobile Phone,5,Married,2,0,19.0,1.0,1.0,0.0,117.9,5,1,1,7,Recent Customers
51315,0,9.0,Mobile,3,9.0,Credit Card,Female,3.0,4,Fashion,1,Married,1,0,19.0,3.0,3.0,4.0,176.44,3,4,4,11,Champions
51316,0,9.0,Computer,1,10.0,Debit Card,Female,3.0,3,Laptop & Accessory,4,Married,8,0,13.0,1.0,1.0,2.0,151.31,4,1,2,7,Recent Customers
51317,0,29.0,Computer,1,6.0,Debit Card,Male,2.0,3,Laptop & Accessory,3,Married,2,0,21.0,0.0,1.0,9.0,163.06,1,2,3,6,Hibernating
51318,1,0.0,Mobile,1,6.0,Credit Card,Male,2.0,3,Mobile Phone,1,Married,10,1,14.0,2.0,2.0,2.0,147.87,4,2,2,8,Recent Customers
51319,0,15.0,Mobile,1,8.0,Debit Card,Male,2.0,3,Others,3,Married,6,0,11.0,,4.0,14.0,288.8,1,4,5,10,Champions
51320,1,19.0,Mobile,1,,Cash on Delivery,Male,3.0,3,Mobile,3,Married,9,0,11.0,6.0,9.0,8.0,123.39,2,5,1,8,At Risk
51321,0,14.0,Mobile,1,34.0,Debit Card,Female,2.0,4,Grocery,4,Married,1,0,23.0,1.0,,10.0,235.7,1,5,5,11,Champions
51322,0,7.0,Mobile,3,34.0,E wallet,Female,3.0,4,Laptop & Accessory,3,Married,2,0,21.0,1.0,1.0,7.0,167.12,2,2,3,7,Hibernating
51323,0,9.0,Computer,3,21.0,E wallet,Male,2.0,5,Laptop & Accessory,1,Married,2,0,24.0,4.0,11.0,11.0,154.06,1,5,3,9,Loyal
51324,0,14.0,Mobile,3,9.0,Debit Card,Male,2.0,4,Laptop & Accessory,4,Married,3,0,11.0,0.0,1.0,4.0,189.38,2,2,4,8,Hibernating
51325,0,5.0,Mobile,1,,Cash on Delivery,Male,3.0,3,Mobile,5,Single,2,0,14.0,1.0,1.0,2.0,124.39,4,1,1,6,Recent Customers
51326,0,8.0,Mobile,2,32.0,Debit Card,Female,2.0,3,Fashion,1,Single,2,1,16.0,1.0,1.0,7.0,188.37,2,2,4,8,Hibernating
51327,0,11.0,Mobile,3,16.0,Debit Card,Female,3.0,3,Laptop & Accessory,1,Married,2,0,11.0,0.0,1.0,9.0,153.43,1,1,2,4,Hibernating
51328,1,13.0,Computer,3,6.0,Debit Card,Male,3.0,3,Laptop & Accessory,3,Married,8,0,12.0,1.0,1.0,1.0,167.28,4,2,3,9,Recent Customers
51329,0,9.0,Mobile,3,17.0,E wallet,Female,3.0,4,Laptop & Accessory,1,Married,5,0,13.0,1.0,1.0,0.0,166.52,5,2,3,10,Recent Customers
51330,0,18.0,Mobile,3,26.0,Debit Card,Female,2.0,3,Laptop & Accessory,3,Single,9,0,15.0,1.0,1.0,1.0,148.5,4,1,2,7,Recent Customers
51331,0,13.0,Mobile,1,8.0,Debit Card,Male,,4,Mobile,3,Single,3,0,14.0,0.0,2.0,2.0,128.09,4,2,1,7,Recent Customers
51332,0,8.0,Computer,1,24.0,Debit Card,Male,3.0,3,Laptop & Accessory,3,Married,2,1,14.0,1.0,1.0,2.0,156.89,4,2,3,9,Recent Customers
51333,0,,Mobile,1,8.0,Credit Card,Female,3.0,3,Mobile,3,Married,3,0,14.0,1.0,1.0,2.0,120.01,4,1,1,6,Recent Customers
51334,0,8.0,Mobile,1,6.0,Debit Card,Female,,5,Mobile,1,Married,2,0,12.0,0.0,1.0,1.0,129.77,4,1,1,6,Recent Customers
51335,0,2.0,Mobile,1,19.0,UPI,Male,2.0,4,Laptop & Accessory,4,Married,5,1,13.0,1.0,1.0,3.0,140.25,3,1,1,5,Hibernating
51336,0,2.0,Mobile,1,34.0,Credit Card,Female,3.0,4,Mobile Phone,5,Single,2,0,14.0,0.0,1.0,4.0,137.85,2,1,1,4,Hibernating
51337,1,13.0,Mobile,3,34.0,E wallet,Male,2.0,4,Fashion,5,Married,5,1,13.0,0.0,2.0,0.0,208.54,5,4,4,13,Champions
51338,0,12.0,Mobile,3,30.0,E wallet,Female,2.0,4,Grocery,1,Married,1,0,11.0,1.0,9.0,,220.31,5,5,5,15,Champions
51339,0,4.0,Computer,1,11.0,Credit Card,Male,3.0,3,Laptop & Accessory,5,Single,1,0,19.0,0.0,1.0,7.0,199.36,2,2,4,8,Hibernating
51340,0,0.0,Mobile,3,11.0,UPI,Female,,4,Mobile,3,Single,1,0,18.0,0.0,1.0,0.0,129.66,5,1,1,7,Recent Customers
51341,0,9.0,Computer,1,,Credit Card,Male,2.0,1,Laptop & Accessory,1,Married,5,0,17.0,0.0,1.0,3.0,125.71,3,1,1,5,Hibernating
51342,0,12.0,Mobile,1,12.0,Credit Card,Male,2.0,4,Fashion,5,Married,5,0,15.0,1.0,1.0,7.0,199.91,2,2,4,8,Hibernating
51343,0,0.0,Mobile,1,10.0,Debit Card,Male,2.0,1,Laptop & Accessory,4,Married,2,1,20.0,1.0,1.0,3.0,161.42,3,2,3,8,Hibernating
51344,0,22.0,Computer,3,8.0,Credit Card,Male,3.0,4,Laptop & Accessory,4,Married,3,0,14.0,1.0,1.0,8.0,153.9,1,2,3,6,Hibernating
51345,0,7.0,Mobile,1,14.0,Credit Card,Male,2.0,1,Laptop & Accessory,3,Married,3,0,12.0,0.0,1.0,2.0,144.04,4,1,2,7,Recent Customers
51346,1,4.0,Mobile,3,6.0,Debit Card,Female,3.0,3,Laptop & Accessory,1,Single,9,1,11.0,0.0,1.0,5.0,159.93,2,2,3,7,Hibernating
51347,0,22.0,Computer,1,14.0,Debit Card,Male,3.0,4,Laptop & Accessory,4,Married,2,0,23.0,0.0,1.0,7.0,151.3,2,1,2,5,Hibernating
51348,1,,Mobile,1,8.0,UPI,Male,3.0,4,Mobile,3,Single,7,1,15.0,0.0,1.0,0.0,120.9,5,1,1,7,Recent Customers
51349,0,6.0,Computer,1,9.0,Debit Card,Female,,3,Mobile,3,Married,2,1,11.0,2.0,3.0,0.0,129.09,5,4,1,10,Hibernating
51350,0,0.0,Mobile,1,8.0,Credit Card,Male,2.0,3,Mobile,4,Married,10,0,12.0,1.0,2.0,2.0,134.68,4,2,1,7,Recent Customers
51351,0,5.0,Computer,1,8.0,Debit Card,Male,,3,Mobile,1,Single,1,0,13.0,1.0,3.0,6.0,130.68,2,4,1,7,At Risk
51352,0,30.0,Mobile,1,9.0,Credit Card,Female,,1,Mobile,5,Married,5,1,20.0,0.0,1.0,0.0,126.7,5,1,1,7,Recent Customers
51353,0,3.0,Mobile,1,30.0,Debit Card,Male,,3,Mobile,3,Married,2,0,22.0,1.0,1.0,0.0,126.93,5,1,1,7,Recent Customers
51354,0,11.0,Computer,1,29.0,Debit Card,Male,2.0,4,Fashion,3,Single,1,0,21.0,1.0,1.0,8.0,195.26,1,2,4,7,Hibernating
51355,0,9.0,Mobile,1,33.0,Credit Card,Male,3.0,3,Laptop & Accessory,3,Married,7,0,13.0,0.0,7.0,7.0,152.37,2,5,2,9,At Risk
51356,0,8.0,Mobile,1,,Credit Card,Male,2.0,1,Mobile,4,Married,1,0,13.0,1.0,1.0,3.0,124.26,3,1,1,5,Hibernating
51357,0,2.0,Mobile,1,21.0,Debit Card,Female,2.0,4,Laptop & Accessory,3,Single,1,1,12.0,1.0,1.0,8.0,141.93,1,1,2,4,Hibernating
51358,0,4.0,Mobile,1,32.0,Debit Card,Male,,3,Mobile,3,Married,2,0,17.0,3.0,4.0,3.0,129.11,3,4,1,8,Hibernating
51359,0,7.0,Mobile,1,25.0,Credit Card,Male,3.0,3,Mobile,1,Married,1,0,11.0,0.0,1.0,2.0,126.61,4,1,1,6,Recent Customers
51360,1,,Mobile,1,30.0,Debit Card,Male,2.0,4,Mobile,3,Single,6,1,14.0,0.0,1.0,3.0,120.28,3,1,1,5,Hibernating
51361,0,2.0,Mobile,1,27.0,Debit Card,Female,2.0,1,Fashion,5,Married,2,0,11.0,6.0,8.0,8.0,199.8,2,5,4,11,Champions
51362,0,5.0,Mobile,1,11.0,Debit Card,Male,3.0,1,Mobile,4,Married,1,1,12.0,1.0,1.0,5.0,132.98,2,1,1,4,Hibernating
51363,0,0.0,Computer,1,22.0,Credit Card,Male,,1,Mobile,1,Married,2,1,13.0,0.0,1.0,0.0,129.35,5,1,1,7,Recent Customers
51364,0,26.0,Mobile,3,8.0,Debit Card,Female,3.0,4,Grocery,1,Married,3,0,16.0,0.0,,7.0,254.27,2,5,5,12,Champions
51365,0,11.0,Mobile,1,8.0,Debit Card,Male,2.0,3,Mobile Phone,1,Single,6,1,11.0,0.0,1.0,2.0,139.44,4,1,1,6,Recent Customers
51366,0,0.0,Computer,1,17.0,UPI,Female,3.0,1,Laptop & Accessory,3,Married,1,0,18.0,0.0,1.0,3.0,140.11,3,1,1,5,Hibernating
51367,1,0.0,Mobile,3,15.0,Debit Card,Male,2.0,4,Mobile,5,Single,8,0,23.0,0.0,1.0,3.0,134.07,3,1,1,5,Hibernating
51368,0,7.0,Mobile,1,13.0,Debit Card,Female,2.0,3,Fashion,4,Single,1,0,11.0,0.0,2.0,,219.94,5,4,5,14,Champions
51369,0,,Mobile,1,21.0,Debit Card,Male,3.0,3,Mobile Phone,1,Single,2,0,14.0,1.0,1.0,0.0,112.32,5,1,1,7,Recent Customers
51370,1,0.0,Mobile,1,12.0,Credit Card,Male,,3,Mobile,5,Single,3,0,11.0,0.0,1.0,3.0,129.6,3,1,1,5,Hibernating
51371,0,26.0,Mobile,1,11.0,UPI,Female,2.0,3,Others,3,Married,5,0,11.0,,4.0,8.0,290.94,1,4,5,10,Champions
51372,1,0.0,Computer,1,22.0,Debit Card,Female,3.0,5,Mobile Phone,5,Single,2,1,22.0,0.0,6.0,7.0,139.19,2,5,1,8,At Risk
51373,0,15.0,Mobile,3,14.0,E wallet,Male,2.0,3,Laptop & Accessory,4,Married,1,0,11.0,2.0,4.0,2.0,168.25,4,4,3,11,Loyal
51374,0,17.0,Mobile,1,13.0,Credit Card,Female,2.0,4,Fashion,1,Married,4,0,14.0,0.0,5.0,17.0,202.48,1,4,4,9,Champions
51375,0,19.0,Mobile,3,8.0,E wallet,Female,2.0,3,Others,5,Single,4,0,12.0,,2.0,1.0,289.47,5,4,5,14,Champions
51376,0,6.0,Mobile,1,,Credit Card,Male,3.0,3,Mobile,1,Single,5,0,11.0,0.0,1.0,0.0,124.96,5,1,1,7,Recent Customers
51377,0,17.0,Mobile,1,16.0,UPI,Male,2.0,3,Laptop & Accessory,1,Married,3,1,13.0,0.0,1.0,3.0,164.65,3,2,3,8,Hibernating
51378,0,,Mobile,1,15.0,Credit Card,Male,2.0,4,Mobile,3,Single,2,0,13.0,0.0,1.0,8.0,122.06,1,1,1,3,Hibernating
51379,1,,Mobile,3,11.0,Cash on Delivery,Male,2.0,3,Laptop & Accessory,1,Married,4,0,14.0,0.0,1.0,0.0,120.86,5,1,1,7,Recent Customers
51380,1,,Mobile,1,6.0,Credit Card,Male,3.0,3,Mobile,1,Married,3,1,16.0,0.0,2.0,0.0,122.93,5,2,1,8,Recent Customers
51381,0,16.0,Mobile,1,,Credit Card,Female,3.0,1,Mobile,3,Married,2,0,12.0,1.0,1.0,4.0,126.45,2,1,1,4,Hibernating
51382,1,13.0,Mobile,3,9.0,E wallet,Male,,4,Mobile,3,Married,2,1,14.0,1.0,1.0,2.0,126.83,4,1,1,6,Recent Customers
51383,0,,Mobile,3,8.0,E wallet,Female,3.0,3,Mobile,1,Married,2,0,13.0,2.0,2.0,2.0,120.14,4,2,1,7,Recent Customers
51384,0,9.0,Mobile,1,11.0,Debit Card,Female,2.0,4,Mobile,5,Married,10,1,14.0,1.0,1.0,0.0,134.19,5,1,1,7,Recent Customers
51385,0,6.0,Computer,3,6.0,Debit Card,Female,2.0,1,Laptop & Accessory,5,Married,3,0,19.0,0.0,1.0,3.0,153.76,3,2,3,8,Hibernating
51386,0,,Mobile,1,10.0,UPI,Male,3.0,3,Mobile,1,Married,2,0,12.0,1.0,1.0,0.0,119.51,5,1,1,7,Recent Customers
51387,0,0.0,Mobile,1,,Debit Card,Female,2.0,3,Mobile,5,Married,2,0,13.0,1.0,1.0,0.0,123.41,5,1,1,7,Recent Customers
51388,1,,Mobile,1,31.0,Debit Card,Male,2.0,5,Mobile,3,Single,2,0,12.0,0.0,1.0,1.0,122.93,4,1,1,6,Recent Customers
51389,0,0.0,Computer,3,14.0,Debit Card,Male,2.0,3,Fashion,3,Single,2,0,15.0,1.0,1.0,7.0,187.26,2,2,4,8,Hibernating
51390,0,3.0,Computer,1,6.0,Credit Card,Female,2.0,3,Laptop & Accessory,1,Single,2,0,23.0,1.0,3.0,7.0,140.11,2,4,1,7,At Risk
51391,1,4.0,Mobile,1,18.0,Cash on Delivery,Female,2.0,3,Others,3,Married,2,0,,1.0,15.0,8.0,295.45,2,5,5,12,Champions
51392,0,7.0,Computer,3,29.0,E wallet,Male,3.0,3,Laptop & Accessory,3,Single,1,0,20.0,0.0,8.0,7.0,145.68,2,5,2,9,At Risk
51393,0,10.0,Mobile,1,25.0,Debit Card,Male,,3,Mobile,4,Married,5,0,21.0,0.0,1.0,0.0,130.22,5,1,1,7,Recent Customers
51394,0,19.0,Computer,3,11.0,E wallet,Male,3.0,3,Laptop & Accessory,1,Single,5,1,21.0,1.0,1.0,8.0,157.72,1,2,3,6,Hibernating
51395,0,,Mobile,1,14.0,Debit Card,Male,2.0,1,Mobile,1,Married,2,0,19.0,1.0,1.0,1.0,122.69,4,1,1,6,Recent Customers
51396,1,11.0,Mobile,1,6.0,Debit Card,Male,3.0,4,Fashion,3,Single,10,1,13.0,0.0,1.0,0.0,153.81,5,2,3,10,Recent Customers
51397,1,0.0,Mobile,1,11.0,Cash on Delivery,Male,2.0,3,Mobile,3,Single,2,1,13.0,0.0,2.0,2.0,134.41,4,2,1,7,Recent Customers
51398,0,17.0,Mobile,3,6.0,E wallet,Female,3.0,3,Laptop & Accessory,5,Married,6,1,21.0,1.0,1.0,3.0,154.54,3,2,3,8,Hibernating
51399,0,8.0,Computer,1,17.0,Credit Card,Male,3.0,4,Fashion,5,Married,3,1,13.0,1.0,2.0,3.0,198.84,3,4,4,11,Champions
51400,0,0.0,Mobile,3,29.0,E wallet,Female,2.0,4,Laptop & Accessory,1,Married,8,1,19.0,0.0,1.0,0.0,141.57,5,1,2,8,Recent Customers
51401,0,6.0,Computer,1,29.0,Debit Card,Female,3.0,3,Fashion,1,Single,2,1,12.0,3.0,,12.0,234.58,1,5,5,11,Champions
51402,0,8.0,Computer,3,5.0,Debit Card,Male,3.0,3,Fashion,5,Married,2,0,22.0,0.0,1.0,8.0,190.69,1,2,4,7,Hibernating
51403,0,8.0,Mobile,1,29.0,Credit Card,Female,1.0,3,Mobile Phone,5,Married,4,1,15.0,0.0,2.0,2.0,140.14,4,2,1,7,Recent Customers
51404,0,4.0,Mobile,1,13.0,Debit Card,Male,2.0,3,Laptop & Accessory,1,Married,4,0,22.0,0.0,1.0,7.0,159.15,2,2,3,7,Hibernating
51405,0,10.0,Mobile,1,6.0,Debit Card,Male,2.0,4,Laptop & Accessory,3,Married,2,0,18.0,0.0,1.0,7.0,159.93,2,2,3,7,Hibernating
51406,0,5.0,Mobile,1,6.0,Credit Card,Male,2.0,3,Laptop & Accessory,1,Married,2,1,22.0,5.0,7.0,8.0,161.62,1,5,3,9,Loyal
51407,0,11.0,Computer,1,,Debit Card,Female,2.0,3,Laptop & Accessory,1,Single,2,0,11.0,6.0,9.0,9.0,124.06,1,5,1,7,At Risk
51408,0,23.0,Mobile,1,13.0,Credit Card,Female,2.0,4,Others,3,Married,6,1,12.0,,13.0,8.0,287.4,2,5,5,12,Champions
51409,0,30.0,Mobile,3,31.0,Debit Card,Female,4.0,3,Fashion,5,Single,8,0,11.0,6.0,7.0,9.0,176.37,1,5,4,10,Champions
51410,0,9.0,Mobile,1,14.0,Cash on Delivery,Female,2.0,3,Fashion,3,Married,2,0,13.0,7.0,12.0,8.0,200.96,2,5,4,11,Champions
51411,0,28.0,Mobile,1,14.0,Credit Card,Female,2.0,3,Grocery,3,Married,3,1,14.0,1.0,,2.0,247.56,4,5,5,14,Champions
51412,0,9.0,Computer,1,17.0,Debit Card,Male,3.0,4,Laptop & Accessory,4,Single,2,0,13.0,1.0,1.0,3.0,164.99,3,2,3,8,Hibernating
51413,0,18.0,Mobile,1,13.0,Debit Card,Male,2.0,3,Fashion,5,Married,3,0,17.0,0.0,1.0,0.0,197.24,5,2,4,11,Recent Customers
51414,0,,Computer,1,6.0,Credit Card,Male,3.0,3,Mobile,5,Married,5,0,13.0,0.0,1.0,2.0,121.94,4,1,1,6,Recent Customers
51415,1,0.0,Mobile,1,15.0,Credit Card,Male,3.0,4,Mobile,3,Married,1,1,17.0,1.0,1.0,0.0,133.88,5,1,1,7,Recent Customers
51416,0,30.0,Computer,3,6.0,Debit Card,Female,2.0,4,Laptop & Accessory,3,Single,8,0,11.0,1.0,1.0,3.0,154.73,3,2,3,8,Hibernating
51417,0,2.0,Mobile,1,8.0,Debit Card,Male,,3,Mobile,4,Married,1,0,23.0,1.0,1.0,4.0,127.03,2,1,1,4,Hibernating
51418,0,4.0,Mobile,1,,Credit Card,Male,2.0,3,Mobile,4,Single,2,0,17.0,1.0,1.0,0.0,125.01,5,1,1,7,Recent Customers
51419,0,5.0,Mobile,1,6.0,Debit Card,Male,3.0,3,Laptop & Accessory,4,Married,2,0,17.0,1.0,1.0,9.0,162.2,1,2,3,6,Hibernating
51420,0,9.0,Mobile,1,12.0,Debit Card,Female,,1,Mobile,1,Married,4,0,12.0,0.0,1.0,0.0,130.38,5,1,1,7,Recent Customers
51421,0,4.0,Mobile,1,14.0,Debit Card,Female,3.0,3,Laptop & Accessory,1,Single,2,0,23.0,1.0,1.0,8.0,144.24,1,1,2,4,Hibernating
51422,0,8.0,Mobile,3,6.0,E wallet,Male,2.0,4,Laptop & Accessory,5,Single,1,0,14.0,1.0,2.0,8.0,143.12,1,2,2,5,Hibernating
51423,0,18.0,Mobile,1,12.0,UPI,Male,2.0,3,Fashion,5,Married,5,1,14.0,1.0,,0.0,232.45,5,5,5,15,Champions
51424,0,10.0,Mobile,1,13.0,Credit Card,Male,1.0,3,Fashion,3,Single,5,0,13.0,0.0,,2.0,236.64,4,5,5,14,Champions
51425,0,19.0,Mobile,2,11.0,Credit Card,Male,3.0,3,Laptop & Accessory,4,Married,2,1,22.0,1.0,1.0,2.0,150.21,4,1,2,7,Recent Customers
51426,0,3.0,Mobile,1,6.0,Debit Card,Male,2.0,4,Laptop & Accessory,1,Married,2,1,12.0,1.0,3.0,0.0,151.26,5,4,2,11,Hibernating
51427,0,8.0,Mobile,1,6.0,Credit Card,Male,,4,Mobile,3,Single,2,0,18.0,1.0,1.0,4.0,128.59,2,1,1,4,Hibernating
51428,0,28.0,Mobile,3,6.0,Debit Card,Male,3.0,3,Fashion,1,Married,4,0,14.0,0.0,1.0,0.0,202.39,5,2,4,11,Recent Customers
51429,0,11.0,Computer,1,12.0,Credit Card,Female,3.0,5,Laptop & Accessory,1,Married,8,1,12.0,0.0,1.0,9.0,153.29,1,1,2,4,Hibernating
51430,0,7.0,Mobile,1,6.0,Credit Card,Male,3.0,3,Laptop & Accessory,4,Married,2,0,15.0,1.0,1.0,3.0,143.25,3,1,2,6,Hibernating
51431,0,29.0,Mobile,1,13.0,Debit Card,Male,2.0,5,Fashion,1,Single,5,0,11.0,0.0,1.0,2.0,172.6,4,2,3,9,Recent Customers
51432,0,0.0,Mobile,3,,Cash on Delivery,Male,3.0,3,Mobile,5,Married,4,0,13.0,1.0,1.0,0.0,123.22,5,1,1,7,Recent Customers
51433,0,,Mobile,1,15.0,Debit Card,Male,3.0,3,Mobile,1,Married,4,0,23.0,1.0,1.0,3.0,120.75,3,1,1,5,Hibernating
51434,0,3.0,Mobile,1,8.0,Debit Card,Male,4.0,4,Laptop & Accessory,1,Married,2,0,19.0,3.0,10.0,8.0,141.52,2,5,2,9,At Risk
51435,1,9.0,Mobile,3,15.0,Credit Card,Male,3.0,4,Fashion,1,Single,2,0,16.0,3.0,4.0,7.0,196.19,2,4,4,10,Champions
51436,0,13.0,Computer,1,6.0,Debit Card,Male,3.0,4,Grocery,4,Married,2,0,22.0,5.0,,11.0,235.03,1,5,5,11,Champions
51437,0,24.0,Mobile,3,27.0,E wallet,Male,3.0,3,Laptop & Accessory,1,Single,1,1,22.0,0.0,1.0,0.0,154.41,5,2,3,10,Recent Customers
51438,0,3.0,Mobile,3,10.0,Credit Card,Female,3.0,4,Laptop & Accessory,4,Married,2,1,12.0,2.0,2.0,7.0,152.09,2,3,2,7,At Risk
51439,0,19.0,Computer,1,6.0,Credit Card,Male,2.0,4,Fashion,5,Married,3,1,13.0,4.0,9.0,5.0,206.73,2,5,4,11,Champions
51440,0,5.0,Mobile,3,12.0,Credit Card,Male,2.0,3,Laptop & Accessory,3,Single,2,0,16.0,5.0,5.0,7.0,150.1,2,4,2,8,At Risk
51441,0,27.0,Mobile,1,8.0,Cash on Delivery,Female,2.0,3,Fashion,3,Married,10,0,12.0,0.0,,3.0,235.49,4,5,5,14,Champions
51442,0,0.0,Mobile,3,9.0,UPI,Female,2.0,3,Laptop & Accessory,3,Married,1,0,21.0,0.0,1.0,2.0,149.99,4,1,2,7,Recent Customers
51443,0,1.0,Computer,3,10.0,Credit Card,Male,2.0,3,Laptop & Accessory,3,Married,2,0,15.0,0.0,1.0,4.0,142.21,2,1,2,5,Hibernating
51444,0,30.0,Mobile,3,16.0,Credit Card,Male,2.0,3,Grocery,3,Single,1,0,13.0,0.0,,8.0,238.72000000000003,2,5,5,12,Champions
51445,0,,Computer,1,29.0,Credit Card,Male,3.0,3,Laptop & Accessory,4,Married,5,0,12.0,0.0,1.0,2.0,120.42,4,1,1,6,Recent Customers
51446,1,,Mobile,2,12.0,UPI,Male,3.0,3,Mobile,5,Married,5,1,22.0,0.0,1.0,2.0,120.73,4,1,1,6,Recent Customers
51447,0,5.0,Mobile,1,6.0,Debit Card,Male,,3,Mobile,5,Single,2,0,13.0,0.0,1.0,0.0,129.56,5,1,1,7,Recent Customers
51448,1,0.0,Computer,1,12.0,Debit Card,Female,,4,Mobile,1,Single,2,1,18.0,0.0,1.0,0.0,129.26,5,1,1,7,Recent Customers
51449,0,7.0,Mobile,1,12.0,UPI,Female,2.0,3,Laptop & Accessory,3,Single,2,0,14.0,0.0,2.0,10.0,148.09,1,2,2,5,Hibernating
51450,0,10.0,Computer,1,8.0,Debit Card,Male,3.0,4,Laptop & Accessory,1,Married,6,0,14.0,1.0,1.0,0.0,151.63,5,1,2,8,Recent Customers
51451,0,30.0,Computer,2,8.0,UPI,Female,2.0,4,Others,1,Married,10,0,21.0,,2.0,2.0,288.44,4,4,5,13,Champions
51452,0,23.0,Computer,1,6.0,Debit Card,Female,3.0,3,Others,4,Married,4,1,19.0,,1.0,7.0,281.72,2,2,5,9,Hibernating
51453,1,0.0,Mobile,3,11.0,E wallet,Male,2.0,4,Laptop & Accessory,3,Single,2,1,11.0,0.0,1.0,3.0,157.44,3,2,3,8,Hibernating
51454,0,0.0,Mobile,1,13.0,Credit Card,Male,,4,Mobile,1,Married,2,0,11.0,0.0,2.0,1.0,128.89,4,2,1,7,Recent Customers
51455,0,0.0,Mobile,1,21.0,Credit Card,Female,,3,Mobile,1,Single,2,0,15.0,1.0,1.0,0.0,128.71,5,1,1,7,Recent Customers
51456,0,24.0,Computer,1,6.0,Credit Card,Female,1.0,4,Fashion,5,Single,4,0,20.0,4.0,12.0,8.0,174.84,2,5,4,11,Champions
51457,1,0.0,Computer,1,13.0,Debit Card,Male,3.0,5,Laptop & Accessory,3,Single,2,1,24.0,1.0,1.0,6.0,160.74,2,2,3,7,Hibernating
51458,0,27.0,Computer,2,32.0,UPI,Female,1.0,1,Grocery,1,Single,3,1,12.0,,4.0,4.0,273.28,3,4,5,12,Champions
51459,0,0.0,Mobile,1,24.0,Debit Card,Male,,3,Mobile,3,Married,1,0,12.0,0.0,1.0,2.0,127.74,4,1,1,6,Recent Customers
51460,0,7.0,Mobile,1,12.0,Debit Card,Female,2.0,4,Laptop & Accessory,4,Married,7,0,15.0,1.0,1.0,0.0,145.05,5,1,2,8,Recent Customers
51461,0,10.0,Mobile,3,9.0,Debit Card,Male,2.0,3,Fashion,1,Single,3,0,12.0,0.0,1.0,3.0,174.28,3,2,4,9,Hibernating
51462,0,7.0,Mobile,1,11.0,Credit Card,Female,2.0,4,Fashion,5,Single,3,0,12.0,2.0,5.0,,216.31,5,4,5,14,Champions
51463,0,9.0,Computer,3,17.0,Cash on Delivery,Female,3.0,3,Fashion,1,Married,1,0,14.0,0.0,2.0,8.0,197.38,1,4,4,9,Champions
51464,0,9.0,Mobile,1,9.0,Debit Card,Female,,3,Mobile,1,Married,6,0,22.0,0.0,1.0,0.0,128.35,5,1,1,7,Recent Customers
51465,0,16.0,Computer,3,32.0,Debit Card,Male,3.0,3,Grocery,1,Married,2,1,12.0,,4.0,12.0,269.59,1,4,5,10,Champions
51466,0,3.0,Computer,1,,Debit Card,Male,3.0,5,Mobile,3,Married,2,0,25.0,0.0,1.0,9.0,126.13,1,1,1,3,Hibernating
51467,0,6.0,Computer,3,28.0,E wallet,Male,3.0,3,Laptop & Accessory,4,Married,1,0,13.0,0.0,1.0,7.0,161.46,2,2,3,7,Hibernating
51468,1,19.0,Mobile,1,20.0,Debit Card,Female,3.0,3,Mobile Phone,4,Married,10,1,18.0,3.0,4.0,3.0,149.63,3,4,2,9,Hibernating
51469,0,24.0,Mobile,1,12.0,Debit Card,Male,2.0,3,Others,3,Single,8,0,,8.0,15.0,15.0,295.37,1,5,5,11,Champions
51470,1,0.0,Mobile,3,12.0,Debit Card,Male,3.0,5,Laptop & Accessory,3,Married,5,1,18.0,0.0,7.0,7.0,161.72,2,5,3,10,Loyal
51471,0,0.0,Mobile,1,,UPI,Female,2.0,4,Mobile,4,Married,2,0,19.0,2.0,4.0,3.0,123.68,3,4,1,8,Hibernating
51472,1,20.0,Mobile,1,29.0,Credit Card,Female,3.0,3,Fashion,1,Married,2,0,12.0,7.0,15.0,6.0,203.12,2,5,4,11,Champions
51473,1,,Mobile,3,28.0,E wallet,Male,2.0,3,Mobile Phone,3,Single,2,1,19.0,1.0,1.0,0.0,116.75,5,1,1,7,Recent Customers
51474,0,0.0,Mobile,1,,Cash on Delivery,Male,3.0,3,Mobile,1,Married,1,0,14.0,2.0,2.0,1.0,125.23,4,2,1,7,Recent Customers
51475,0,22.0,Mobile,1,26.0,Credit Card,Female,3.0,3,Laptop & Accessory,5,Married,2,0,14.0,5.0,5.0,11.0,165.67,1,4,3,8,Loyal
51476,0,16.0,Computer,1,34.0,Credit Card,Female,3.0,1,Mobile Phone,3,Single,5,0,12.0,0.0,1.0,2.0,147.39,4,1,2,7,Recent Customers
51477,0,23.0,Computer,3,18.0,E wallet,Female,3.0,3,Fashion,1,Single,5,0,11.0,1.0,2.0,1.0,192.08,5,3,4,12,Loyal
51478,1,0.0,Mobile,3,26.0,Debit Card,Female,3.0,5,Laptop & Accessory,3,Married,4,1,11.0,0.0,2.0,2.0,145.59,4,2,2,8,Recent Customers
51479,0,14.0,Mobile,3,15.0,Debit Card,Male,3.0,3,Fashion,3,Married,4,1,13.0,0.0,1.0,7.0,181.89,2,2,4,8,Hibernating
51480,0,0.0,Mobile,2,31.0,Debit Card,Female,,3,Mobile,3,Married,2,0,23.0,2.0,5.0,7.0,129.42,2,4,1,7,At Risk
51481,0,9.0,Mobile,1,12.0,Credit Card,Male,2.0,3,Laptop & Accessory,4,Married,7,0,20.0,0.0,1.0,1.0,149.41,4,1,2,7,Recent Customers
51482,1,14.0,Computer,1,14.0,Debit Card,Male,2.0,5,Fashion,1,Single,3,0,15.0,1.0,1.0,3.0,206.5,3,2,4,9,Hibernating
51483,0,12.0,Mobile,3,10.0,Debit Card,Female,2.0,4,Laptop & Accessory,3,Married,5,0,14.0,5.0,5.0,9.0,159.02,1,4,3,8,Loyal
51484,0,0.0,Mobile,3,34.0,Debit Card,Male,2.0,4,Laptop & Accessory,3,Married,3,0,18.0,1.0,2.0,2.0,186.39,4,3,4,11,Loyal
51485,0,3.0,Mobile,2,15.0,UPI,Male,2.0,3,Laptop & Accessory,1,Married,1,1,19.0,4.0,4.0,7.0,163.47,2,4,3,9,Loyal
51486,1,0.0,Mobile,1,15.0,Credit Card,Female,2.0,3,Mobile Phone,5,Single,8,0,22.0,1.0,1.0,4.0,142.0,2,1,2,5,Hibernating
51487,0,18.0,Mobile,1,35.0,Credit Card,Male,2.0,3,Mobile,1,Single,6,0,13.0,1.0,1.0,3.0,134.52,3,1,1,5,Hibernating
51488,0,11.0,Mobile,1,9.0,Cash on Delivery,Female,2.0,3,Laptop & Accessory,3,Single,4,1,20.0,2.0,2.0,2.0,143.17,4,2,2,8,Recent Customers
51489,0,3.0,Mobile,1,,Debit Card,Female,3.0,3,Mobile,3,Single,2,0,14.0,1.0,1.0,4.0,126.32,2,1,1,4,Hibernating
51490,0,5.0,Computer,3,15.0,Credit Card,Male,2.0,5,Laptop & Accessory,1,Married,1,0,17.0,0.0,1.0,7.0,146.68,2,1,2,5,Hibernating
51491,0,3.0,Mobile,1,11.0,Cash on Delivery,Female,2.0,3,Mobile,5,Married,6,0,14.0,0.0,2.0,30.0,132.04,1,2,1,4,Hibernating
51492,0,3.0,Mobile,1,8.0,Credit Card,Male,,4,Mobile,1,Single,1,0,13.0,0.0,1.0,2.0,127.2,4,1,1,6,Recent Customers
51493,0,14.0,Computer,1,16.0,Debit Card,Male,3.0,4,Grocery,5,Married,5,0,13.0,,7.0,7.0,271.81,2,5,5,12,Champions
51494,0,,Mobile,1,15.0,Debit Card,Male,3.0,3,Mobile,5,Married,3,0,21.0,0.0,1.0,4.0,122.38,2,1,1,4,Hibernating
51495,0,,Mobile,1,9.0,Credit Card,Female,3.0,3,Mobile Phone,4,Single,2,0,14.0,1.0,1.0,0.0,114.83,5,1,1,7,Recent Customers
51496,0,13.0,Computer,1,32.0,Credit Card,Female,2.0,3,Laptop & Accessory,4,Married,2,0,11.0,0.0,2.0,13.0,156.05,1,3,3,7,Loyal
51497,0,8.0,Mobile,3,6.0,E wallet,Male,3.0,3,Fashion,4,Married,2,0,13.0,0.0,1.0,6.0,172.95,2,2,3,7,Hibernating
51498,0,,Mobile,3,12.0,E wallet,Male,2.0,3,Laptop & Accessory,3,Married,3,1,20.0,0.0,4.0,5.0,123.06,2,4,1,7,At Risk
51499,0,18.0,Mobile,1,,Debit Card,Male,2.0,3,Laptop & Accessory,4,Married,9,0,18.0,1.0,1.0,15.0,123.48,1,1,1,3,Hibernating
51500,0,5.0,Computer,3,14.0,E wallet,Female,2.0,3,Fashion,1,Single,2,0,14.0,2.0,3.0,7.0,189.98,2,4,4,10,Champions
51501,0,2.0,Computer,1,6.0,Cash on Delivery,Male,2.0,3,Laptop & Accessory,3,Married,2,0,13.0,0.0,1.0,9.0,143.19,1,1,2,4,Hibernating
51502,0,24.0,Mobile,1,13.0,Credit Card,Male,2.0,4,Laptop & Accessory,3,Married,3,0,17.0,1.0,1.0,0.0,161.32,5,2,3,10,Recent Customers
51503,0,30.0,Mobile,1,15.0,Credit Card,Female,3.0,4,Mobile,4,Married,5,1,20.0,1.0,1.0,0.0,133.46,5,1,1,7,Recent Customers
51504,0,13.0,Mobile,3,10.0,E wallet,Male,3.0,4,Fashion,1,Married,8,0,11.0,1.0,2.0,11.0,208.55,1,4,4,9,Champions
51505,0,,Computer,3,8.0,E wallet,Female,3.0,3,Mobile,3,Married,7,0,18.0,0.0,1.0,2.0,122.31,4,1,1,6,Recent Customers
51506,0,0.0,Mobile,1,,Credit Card,Male,3.0,3,Mobile,1,Married,2,0,24.0,2.0,2.0,2.0,123.23,4,2,1,7,Recent Customers
51507,0,,Computer,1,15.0,Credit Card,Male,2.0,3,Mobile,4,Married,7,0,18.0,2.0,2.0,2.0,120.24,4,2,1,7,Recent Customers
51508,0,1.0,Mobile,1,27.0,Credit Card,Male,,3,Mobile,1,Married,2,0,11.0,0.0,1.0,2.0,127.13,4,1,1,6,Recent Customers
51509,0,30.0,Mobile,1,30.0,Debit Card,Male,2.0,1,Fashion,1,Married,4,1,16.0,1.0,1.0,4.0,194.39,2,2,4,8,Hibernating
51510,0,0.0,Computer,1,,Credit Card,Male,3.0,4,Mobile,3,Married,2,1,15.0,0.0,1.0,1.0,125.66,4,1,1,6,Recent Customers
51511,0,23.0,Mobile,1,17.0,Debit Card,Female,2.0,3,Others,4,Single,4,0,,0.0,4.0,4.0,299.26,3,4,5,12,Champions
51512,0,14.0,Mobile,1,,Debit Card,Male,2.0,3,Mobile,3,Married,5,0,12.0,1.0,1.0,8.0,124.51,1,1,1,3,Hibernating
51513,0,3.0,Mobile,3,11.0,Debit Card,Female,2.0,3,Fashion,1,Married,3,0,12.0,1.0,7.0,4.0,194.19,3,5,4,12,Champions
51514,0,11.0,Mobile,3,6.0,Debit Card,Female,2.0,4,Laptop & Accessory,1,Single,5,0,22.0,0.0,1.0,7.0,186.86,2,2,4,8,Hibernating
51515,0,5.0,Mobile,1,12.0,Debit Card,Male,,3,Mobile,3,Single,4,0,20.0,0.0,1.0,4.0,130.38,2,1,1,4,Hibernating
51516,0,0.0,Mobile,1,23.0,Cash on Delivery,Male,,3,Mobile,4,Married,1,1,16.0,0.0,1.0,1.0,130.58,4,1,1,6,Recent Customers
51517,1,0.0,Computer,3,,Cash on Delivery,Female,3.0,5,Mobile,5,Single,1,0,21.0,1.0,1.0,0.0,123.25,5,1,1,7,Recent Customers
51518,0,,Computer,1,9.0,Credit Card,Male,1.0,3,Mobile,4,Single,5,0,12.0,2.0,7.0,2.0,120.88,4,5,1,10,Hibernating
51519,0,3.0,Computer,1,15.0,Credit Card,Male,,3,Laptop & Accessory,5,Married,2,0,11.0,5.0,6.0,10.0,130.72,1,5,1,7,At Risk
51520,0,18.0,Mobile,3,10.0,Debit Card,Female,1.0,3,Laptop & Accessory,5,Married,5,1,11.0,0.0,1.0,3.0,150.06,3,1,2,6,Hibernating
51521,0,29.0,Mobile,1,14.0,Debit Card,Female,3.0,3,Mobile Phone,5,Married,5,1,18.0,2.0,2.0,2.0,142.57,4,2,2,8,Recent Customers
51522,0,6.0,Mobile,1,,Debit Card,Male,2.0,3,Mobile,1,Single,1,0,14.0,1.0,1.0,2.0,125.0,4,1,1,6,Recent Customers
51523,1,0.0,Mobile,1,8.0,Debit Card,Male,2.0,4,Mobile Phone,1,Single,2,0,22.0,1.0,1.0,0.0,111.02,5,1,1,7,Recent Customers
51524,0,19.0,Mobile,3,6.0,E wallet,Female,3.0,3,Fashion,5,Married,2,0,25.0,8.0,15.0,7.0,204.53,2,5,4,11,Champions
51525,0,,Mobile,1,15.0,Debit Card,Female,3.0,3,Mobile,1,Single,2,0,12.0,1.0,2.0,1.0,122.88,4,2,1,7,Recent Customers
51526,0,4.0,Mobile,1,18.0,Credit Card,Female,3.0,3,Mobile Phone,1,Married,9,1,23.0,1.0,1.0,2.0,139.29,4,1,1,6,Recent Customers
51527,0,,Mobile,1,33.0,Credit Card,Female,3.0,3,Mobile,4,Single,3,0,15.0,0.0,1.0,2.0,123.11,4,1,1,6,Recent Customers
51528,1,4.0,Mobile,3,26.0,E wallet,Female,,3,Mobile,4,Single,2,1,22.0,0.0,1.0,2.0,131.4,4,1,1,6,Recent Customers
51529,0,23.0,Mobile,1,6.0,Credit Card,Male,2.0,4,Mobile Phone,3,Married,3,0,15.0,1.0,1.0,2.0,136.9,4,1,1,6,Recent Customers
51530,0,26.0,Mobile,1,19.0,Credit Card,Female,2.0,1,Laptop & Accessory,5,Married,2,0,11.0,1.0,1.0,3.0,144.5,3,1,2,6,Hibernating
51531,0,6.0,Mobile,1,20.0,Credit Card,Female,,3,Mobile,4,Married,2,0,13.0,1.0,1.0,6.0,127.56,2,1,1,4,Hibernating
51532,0,13.0,Mobile,1,10.0,Credit Card,Female,2.0,3,Others,3,Married,2,0,14.0,,9.0,9.0,290.33,1,5,5,11,Champions
51533,0,28.0,Mobile,1,20.0,Credit Card,Male,3.0,1,Others,4,Single,9,0,11.0,,2.0,15.0,287.22,1,4,5,10,Champions
51534,0,7.0,Computer,1,8.0,Debit Card,Male,2.0,4,Laptop & Accessory,3,Married,2,0,17.0,0.0,1.0,9.0,195.47,1,2,4,7,Hibernating
51535,0,24.0,Mobile,1,9.0,Credit Card,Female,3.0,3,Grocery,4,Single,4,0,18.0,1.0,,0.0,237.34,5,5,5,15,Champions
51536,0,25.0,Mobile,1,6.0,Debit Card,Male,3.0,4,Others,3,Married,1,0,,7.0,11.0,9.0,299.99,1,5,5,11,Champions
51537,0,,Mobile,1,15.0,Credit Card,Female,4.0,3,Mobile,4,Single,2,0,16.0,0.0,1.0,3.0,122.79,3,1,1,5,Hibernating
51538,1,0.0,Mobile,1,29.0,Debit Card,Male,2.0,4,Laptop & Accessory,3,Married,4,1,13.0,1.0,1.0,1.0,159.16,4,2,3,9,Recent Customers
51539,0,,Computer,1,13.0,Credit Card,Male,2.0,1,Mobile,1,Married,5,0,14.0,1.0,2.0,2.0,120.89,4,2,1,7,Recent Customers
51540,0,18.0,Computer,1,8.0,Credit Card,Male,3.0,4,Grocery,1,Married,10,0,23.0,,11.0,8.0,267.92,2,5,5,12,Champions
51541,0,10.0,Mobile,1,27.0,Debit Card,Male,3.0,1,Mobile Phone,5,Married,2,1,12.0,1.0,1.0,7.0,135.64,2,1,1,4,Hibernating
51542,0,8.0,Computer,1,8.0,Credit Card,Female,2.0,3,Laptop & Accessory,4,Single,6,0,11.0,0.0,1.0,2.0,144.25,4,1,2,7,Recent Customers
51543,0,15.0,Computer,1,27.0,Credit Card,Female,2.0,3,Laptop & Accessory,3,Married,3,0,16.0,0.0,1.0,2.0,152.65,4,1,2,7,Recent Customers
51544,0,11.0,Mobile,1,8.0,Debit Card,Male,2.0,3,Laptop & Accessory,3,Married,10,0,14.0,1.0,1.0,0.0,165.53,5,2,3,10,Recent Customers
51545,0,11.0,Mobile,1,35.0,Cash on Delivery,Male,2.0,3,Laptop & Accessory,1,Married,4,0,18.0,0.0,1.0,7.0,162.61,2,2,3,7,Hibernating
51546,0,0.0,Computer,1,6.0,Cash on Delivery,Male,2.0,4,Laptop & Accessory,5,Married,6,0,19.0,2.0,2.0,0.0,142.98,5,2,2,9,Recent Customers
51547,0,22.0,Computer,1,24.0,Debit Card,Male,3.0,3,Laptop & Accessory,1,Married,2,1,15.0,0.0,1.0,7.0,168.04,2,2,3,7,Hibernating
51548,0,7.0,Computer,1,16.0,Credit Card,Male,2.0,3,Mobile Phone,3,Married,2,1,17.0,2.0,2.0,0.0,138.15,5,2,1,8,Recent Customers
51549,0,13.0,Mobile,1,25.0,Credit Card,Male,,3,Laptop & Accessory,1,Married,9,1,15.0,3.0,3.0,7.0,127.41,2,4,1,7,At Risk
51550,1,1.0,Mobile,1,35.0,Credit Card,Male,3.0,3,Laptop & Accessory,5,Married,8,1,19.0,1.0,1.0,0.0,166.73,5,2,3,10,Recent Customers
51551,1,0.0,Mobile,3,33.0,E wallet,Female,2.0,3,Fashion,1,Married,2,0,22.0,0.0,1.0,9.0,176.39,1,2,4,7,Hibernating
51552,0,0.0,Mobile,1,,Debit Card,Male,2.0,1,Mobile,4,Married,2,1,16.0,2.0,2.0,2.0,123.28,4,2,1,7,Recent Customers
51553,0,,Computer,1,24.0,Credit Card,Female,3.0,3,Mobile,1,Single,2,0,13.0,0.0,1.0,7.0,121.53,2,1,1,4,Hibernating
51554,0,13.0,Computer,1,15.0,Debit Card,Male,3.0,4,Laptop & Accessory,1,Married,10,0,14.0,0.0,1.0,2.0,148.76,4,1,2,7,Recent Customers
51555,0,19.0,Mobile,1,6.0,Credit Card,Male,3.0,3,Fashion,5,Married,8,0,16.0,0.0,1.0,3.0,193.96,3,2,4,9,Hibernating
51556,1,0.0,Mobile,3,10.0,Credit Card,Male,2.0,5,Fashion,1,Married,2,0,11.0,6.0,9.0,8.0,204.0,2,5,4,11,Champions
51557,0,3.0,Computer,1,6.0,Debit Card,Male,2.0,4,Fashion,3,Single,2,0,22.0,4.0,5.0,8.0,184.74,1,4,4,9,Champions
51558,0,0.0,Computer,3,26.0,Debit Card,Female,2.0,3,Laptop & Accessory,3,Single,2,0,14.0,1.0,1.0,7.0,199.81,2,2,4,8,Hibernating
51559,0,24.0,Mobile,1,14.0,Debit Card,Male,2.0,4,Fashion,4,Married,6,0,16.0,2.0,4.0,,224.9,5,4,5,14,Champions
51560,1,0.0,Mobile,1,,Cash on Delivery,Female,2.0,3,Mobile,5,Single,6,1,11.0,0.0,1.0,4.0,126.57,2,1,1,4,Hibernating
51561,0,14.0,Mobile,3,12.0,Debit Card,Female,3.0,3,Fashion,1,Single,4,1,18.0,0.0,,0.0,235.91000000000005,5,5,5,15,Champions
51562,1,0.0,Computer,3,32.0,E wallet,Female,2.0,4,Laptop & Accessory,5,Single,6,0,15.0,1.0,1.0,1.0,166.96,4,2,3,9,Recent Customers
51563,1,,Mobile,1,6.0,Cash on Delivery,Male,2.0,3,Mobile,3,Single,1,0,14.0,0.0,1.0,5.0,120.58,2,1,1,4,Hibernating
51564,0,18.0,Computer,3,12.0,Credit Card,Female,2.0,4,Fashion,1,Single,7,0,12.0,5.0,12.0,8.0,188.65,2,5,4,11,Champions
51565,0,27.0,Mobile,3,9.0,E wallet,Female,2.0,3,Laptop & Accessory,5,Married,3,0,14.0,1.0,1.0,5.0,159.4,2,2,3,7,Hibernating
51566,0,9.0,Mobile,1,11.0,Debit Card,Male,3.0,3,Laptop & Accessory,4,Single,9,0,16.0,2.0,3.0,7.0,159.14,2,4,3,9,Loyal
51567,0,6.0,Mobile,1,,Credit Card,Female,2.0,4,Mobile,4,Married,7,0,21.0,0.0,1.0,1.0,126.22,4,1,1,6,Recent Customers
51568,0,10.0,Computer,1,17.0,UPI,Male,2.0,3,Fashion,1,Married,2,1,14.0,1.0,1.0,,221.85,5,2,5,12,Recent Customers
51569,0,11.0,Mobile,3,9.0,Debit Card,Male,3.0,3,Fashion,3,Married,1,0,12.0,1.0,5.0,13.0,206.09,1,4,4,9,Champions
51570,0,4.0,Computer,1,6.0,Credit Card,Male,2.0,5,Laptop & Accessory,3,Married,1,0,12.0,0.0,1.0,4.0,143.45,2,1,2,5,Hibernating
51571,0,,Mobile,1,9.0,Debit Card,Male,3.0,4,Mobile,1,Married,4,0,17.0,0.0,1.0,0.0,121.77,5,1,1,7,Recent Customers
51572,0,10.0,Computer,3,10.0,E wallet,Male,,3,Mobile,1,Married,5,0,17.0,3.0,5.0,8.0,127.93,1,4,1,6,At Risk
51573,0,2.0,Computer,3,6.0,Credit Card,Female,2.0,3,Fashion,1,Married,2,0,14.0,4.0,4.0,1.0,179.18,5,4,4,13,Champions
51574,0,8.0,Computer,3,6.0,E wallet,Female,3.0,3,Fashion,3,Single,2,0,14.0,1.0,1.0,8.0,187.89,1,2,4,7,Hibernating
51575,1,0.0,Mobile,1,,Credit Card,Male,2.0,4,Mobile,1,Single,2,1,13.0,0.0,1.0,1.0,123.89,4,1,1,6,Recent Customers
51576,0,25.0,Mobile,1,8.0,Debit Card,Female,2.0,4,Mobile,1,Single,8,0,15.0,2.0,2.0,2.0,132.12,4,2,1,7,Recent Customers
51577,0,15.0,Mobile,1,10.0,Cash on Delivery,Male,2.0,3,Others,1,Married,2,0,,0.0,11.0,15.0,292.32,1,5,5,11,Champions
51578,0,,Mobile,2,12.0,Credit Card,Male,2.0,3,Mobile,3,Married,9,0,17.0,0.0,2.0,2.0,122.67,4,2,1,7,Recent Customers
51579,0,23.0,Mobile,3,6.0,Credit Card,Female,3.0,3,Others,1,Married,4,0,,1.0,1.0,6.0,295.17,2,2,5,9,Hibernating
51580,1,0.0,Mobile,1,,Credit Card,Male,2.0,3,Mobile,1,Married,6,1,13.0,1.0,1.0,4.0,124.36,2,1,1,4,Hibernating
51581,0,16.0,Mobile,3,22.0,E wallet,Female,3.0,3,Grocery,1,Married,6,1,22.0,0.0,,9.0,260.64,1,5,5,11,Champions
51582,1,0.0,Mobile,1,8.0,Debit Card,Female,,3,Mobile,5,Married,8,0,20.0,1.0,1.0,7.0,127.07,2,1,1,4,Hibernating
51583,0,25.0,Computer,3,8.0,Debit Card,Male,3.0,4,Others,3,Single,2,1,18.0,,15.0,12.0,290.68,1,5,5,11,Champions
51584,0,5.0,Mobile,3,10.0,Debit Card,Female,2.0,3,Mobile Phone,4,Married,3,0,11.0,1.0,1.0,2.0,139.31,4,1,1,6,Recent Customers
51585,1,0.0,Mobile,1,6.0,Debit Card,Male,3.0,4,Mobile Phone,3,Single,1,1,14.0,0.0,1.0,2.0,137.3,4,1,1,6,Recent Customers
51586,0,,Mobile,1,6.0,Credit Card,Female,3.0,3,Mobile,3,Married,8,0,14.0,1.0,1.0,2.0,122.32,4,1,1,6,Recent Customers
51587,0,5.0,Computer,3,32.0,E wallet,Male,3.0,3,Laptop & Accessory,1,Married,1,0,18.0,2.0,2.0,2.0,144.65,4,2,2,8,Recent Customers
51588,0,14.0,Mobile,1,25.0,Debit Card,Male,,3,Laptop & Accessory,5,Married,3,0,16.0,0.0,1.0,0.0,130.72,5,1,1,7,Recent Customers
51589,0,13.0,Mobile,1,30.0,Cash on Delivery,Male,3.0,3,Laptop & Accessory,1,Married,2,0,17.0,2.0,4.0,7.0,133.19,2,4,1,7,At Risk
51590,0,18.0,Mobile,1,6.0,UPI,Male,3.0,1,Others,1,Married,1,0,,1.0,1.0,7.0,292.02,2,2,5,9,Hibernating
51591,0,4.0,Computer,1,9.0,Credit Card,Male,3.0,3,Fashion,3,Married,10,0,12.0,2.0,,2.0,236.75,4,5,5,14,Champions
51592,0,6.0,Mobile,1,11.0,Debit Card,Female,,4,Mobile,1,Married,2,0,13.0,0.0,1.0,2.0,129.11,4,1,1,6,Recent Customers
51593,0,7.0,Mobile,1,8.0,Debit Card,Male,2.0,4,Laptop & Accessory,5,Married,7,0,13.0,0.0,5.0,9.0,159.57,1,4,3,8,Loyal
51594,0,10.0,Mobile,1,6.0,Credit Card,Female,2.0,4,Mobile Phone,5,Married,3,0,14.0,0.0,1.0,2.0,139.2,4,1,1,6,Recent Customers
51595,0,18.0,Computer,1,13.0,Debit Card,Male,3.0,1,Laptop & Accessory,3,Married,5,0,17.0,1.0,1.0,2.0,164.34,4,2,3,9,Recent Customers
51596,1,0.0,Computer,1,16.0,Credit Card,Male,3.0,3,Fashion,3,Married,7,0,11.0,0.0,1.0,0.0,200.48,5,2,4,11,Recent Customers
51597,0,12.0,Computer,1,8.0,Cash on Delivery,Female,3.0,3,Fashion,3,Single,1,0,25.0,6.0,11.0,,209.38,5,5,5,15,Champions
51598,0,2.0,Mobile,1,,Debit Card,Male,2.0,3,Mobile,1,Single,2,0,19.0,1.0,1.0,5.0,123.4,2,1,1,4,Hibernating
51599,0,15.0,Mobile,1,23.0,Debit Card,Female,2.0,1,Laptop & Accessory,5,Single,4,1,13.0,1.0,1.0,2.0,165.45,4,2,3,9,Recent Customers
51600,0,2.0,Mobile,3,26.0,E wallet,Male,2.0,3,Laptop & Accessory,1,Married,3,0,14.0,1.0,1.0,2.0,169.31,4,2,3,9,Recent Customers
51601,0,0.0,Mobile,1,6.0,Debit Card,Female,3.0,3,Laptop & Accessory,3,Married,1,0,12.0,1.0,1.0,2.0,148.98,4,1,2,7,Recent Customers
51602,0,15.0,Mobile,1,,Credit Card,Female,2.0,4,Mobile,5,Married,1,1,11.0,7.0,7.0,8.0,125.93,1,5,1,7,At Risk
51603,0,13.0,Mobile,1,8.0,Credit Card,Male,2.0,3,Others,3,Married,1,0,,3.0,3.0,9.0,294.36,1,4,5,10,Champions
51604,0,24.0,Mobile,1,6.0,Debit Card,Male,,3,Mobile,1,Married,2,0,11.0,1.0,1.0,0.0,127.23,5,1,1,7,Recent Customers
51605,1,0.0,Computer,1,35.0,Credit Card,Male,3.0,4,Mobile,4,Single,1,0,11.0,0.0,1.0,4.0,134.79,2,1,1,4,Hibernating
51606,0,5.0,Computer,1,13.0,Debit Card,Male,,1,Mobile,4,Married,2,0,20.0,0.0,1.0,3.0,127.94,3,1,1,5,Hibernating
51607,0,11.0,Computer,3,8.0,Debit Card,Male,2.0,4,Laptop & Accessory,1,Married,4,0,18.0,1.0,7.0,5.0,152.49,2,5,2,9,At Risk
51608,0,,Mobile,1,8.0,Cash on Delivery,Male,2.0,4,Laptop & Accessory,5,Single,5,0,13.0,0.0,1.0,4.0,121.76,2,1,1,4,Hibernating
51609,0,19.0,Mobile,3,8.0,Cash on Delivery,Female,3.0,5,Grocery,4,Married,4,1,12.0,,7.0,7.0,268.72,2,5,5,12,Champions
51610,1,0.0,Mobile,1,8.0,Debit Card,Male,3.0,3,Mobile,3,Single,3,0,11.0,0.0,1.0,0.0,134.85,5,1,1,7,Recent Customers
51611,0,2.0,Mobile,3,8.0,Credit Card,Male,3.0,4,Laptop & Accessory,4,Married,3,0,19.0,1.0,1.0,0.0,166.44,5,2,3,10,Recent Customers
51612,0,4.0,Mobile,1,29.0,Credit Card,Male,3.0,4,Laptop & Accessory,1,Married,1,0,21.0,0.0,7.0,8.0,155.82,1,5,3,9,Loyal
51613,0,0.0,Computer,1,11.0,Debit Card,Male,2.0,1,Laptop & Accessory,5,Married,2,0,12.0,1.0,1.0,5.0,140.0,2,1,1,4,Hibernating
51614,0,18.0,Mobile,1,26.0,Credit Card,Male,3.0,3,Grocery,1,Married,1,1,14.0,2.0,,10.0,234.96,1,5,5,11,Champions
51615,0,9.0,Mobile,1,12.0,Debit Card,Male,2.0,3,Mobile,1,Married,1,0,11.0,1.0,10.0,11.0,132.1,1,5,1,7,At Risk
51616,0,28.0,Mobile,1,6.0,Credit Card,Male,2.0,3,Others,5,Single,1,1,14.0,,4.0,13.0,290.45,1,4,5,10,Champions
51617,1,10.0,Computer,1,35.0,Debit Card,Male,2.0,3,Fashion,4,Married,2,1,12.0,4.0,9.0,,218.49,5,5,5,15,Champions
51618,0,,Mobile,1,15.0,Credit Card,Male,3.0,3,Mobile,1,Married,2,0,23.0,1.0,1.0,4.0,120.7,2,1,1,4,Hibernating
51619,0,10.0,Mobile,3,12.0,Credit Card,Male,3.0,3,Laptop & Accessory,1,Married,5,0,14.0,1.0,1.0,1.0,165.02,4,2,3,9,Recent Customers
51620,0,0.0,Mobile,1,9.0,Credit Card,Male,3.0,4,Mobile,3,Single,2,0,17.0,1.0,1.0,0.0,132.3,5,1,1,7,Recent Customers
51621,0,10.0,Computer,1,6.0,Credit Card,Female,3.0,3,Fashion,1,Married,3,1,18.0,0.0,,2.0,236.03,4,5,5,14,Champions
51622,0,8.0,Mobile,1,28.0,Debit Card,Female,3.0,1,Fashion,4,Married,8,0,18.0,5.0,6.0,,219.96,5,5,5,15,Champions
51623,0,11.0,Mobile,3,13.0,Credit Card,Female,2.0,1,Laptop & Accessory,5,Married,2,1,24.0,4.0,7.0,7.0,156.05,2,5,3,10,Loyal
51624,0,0.0,Computer,1,6.0,Debit Card,Female,2.0,3,Laptop & Accessory,4,Married,2,0,20.0,1.0,1.0,4.0,163.97,2,2,3,7,Hibernating
51625,0,23.0,Mobile,1,10.0,Debit Card,Male,3.0,3,Others,4,Married,4,0,14.0,,1.0,6.0,291.44,2,2,5,9,Hibernating
51626,0,26.0,Mobile,1,9.0,Credit Card,Male,2.0,3,Grocery,3,Married,4,1,16.0,,1.0,3.0,275.84,3,2,5,10,Hibernating
51627,0,15.0,Mobile,3,6.0,Debit Card,Male,1.0,3,Laptop & Accessory,3,Married,2,0,25.0,6.0,11.0,6.0,149.07,2,5,2,9,At Risk
51628,0,2.0,Computer,3,8.0,Debit Card,Male,2.0,3,Laptop & Accessory,1,Single,2,0,18.0,0.0,1.0,9.0,145.54,1,1,2,4,Hibernating
51629,0,28.0,Mobile,1,26.0,Cash on Delivery,Male,2.0,3,Laptop & Accessory,1,Married,4,1,19.0,0.0,1.0,8.0,154.15,1,2,3,6,Hibernating
51630,0,0.0,Computer,1,17.0,Credit Card,Male,2.0,3,Laptop & Accessory,5,Married,2,1,13.0,1.0,3.0,3.0,147.41,3,4,2,9,Hibernating
51631,0,,Mobile,1,6.0,Debit Card,Female,2.0,3,Mobile,1,Single,2,0,12.0,1.0,5.0,7.0,121.15,2,4,1,7,At Risk
51632,1,7.0,Computer,1,30.0,Debit Card,Male,,3,Mobile,3,Married,4,1,22.0,0.0,1.0,0.0,131.61,5,1,1,7,Recent Customers
51633,0,11.0,Mobile,1,29.0,Debit Card,Male,2.0,3,Laptop & Accessory,1,Married,10,0,14.0,0.0,1.0,2.0,157.45,4,2,3,9,Recent Customers
51634,1,0.0,Mobile,1,,Credit Card,Male,2.0,3,Mobile,4,Married,3,1,13.0,1.0,1.0,2.0,123.73,4,1,1,6,Recent Customers
51635,0,1.0,Mobile,1,14.0,Debit Card,Female,3.0,3,Mobile,1,Single,2,0,21.0,1.0,1.0,2.0,133.1,4,1,1,6,Recent Customers
51636,0,22.0,Computer,1,16.0,Debit Card,Female,2.0,3,Others,5,Single,10,1,11.0,,1.0,2.0,286.65,4,2,5,11,Recent Customers
51637,0,9.0,Mobile,1,9.0,Cash on Delivery,Male,1.0,3,Laptop & Accessory,4,Single,5,0,12.0,2.0,7.0,7.0,144.85,2,5,2,9,At Risk
51638,0,4.0,Computer,3,11.0,E wallet,Female,,3,Mobile,4,Married,2,0,11.0,0.0,2.0,2.0,127.89,4,2,1,7,Recent Customers
51639,1,0.0,Mobile,3,10.0,E wallet,Male,2.0,4,Laptop & Accessory,1,Single,2,1,12.0,4.0,7.0,4.0,158.28,3,5,3,11,Loyal
51640,0,10.0,Computer,1,,Credit Card,Male,2.0,3,Mobile,1,Married,2,1,12.0,0.0,1.0,2.0,123.26,4,1,1,6,Recent Customers
51641,0,15.0,Computer,3,32.0,E wallet,Female,3.0,3,Grocery,4,Married,6,0,14.0,3.0,,8.0,235.25,2,5,5,12,Champions
51642,1,,Mobile,1,9.0,Debit Card,Male,2.0,3,Mobile Phone,3,Single,2,0,13.0,1.0,1.0,0.0,114.2,5,1,1,7,Recent Customers
51643,0,8.0,Mobile,3,22.0,E wallet,Male,3.0,3,Fashion,4,Married,1,0,15.0,3.0,6.0,9.0,180.2,1,5,4,10,Champions
51644,0,9.0,Computer,1,24.0,Debit Card,Male,2.0,1,Mobile Phone,1,Married,5,0,18.0,1.0,1.0,0.0,136.88,5,1,1,7,Recent Customers
51645,0,24.0,Mobile,1,8.0,Credit Card,Male,2.0,5,Laptop & Accessory,4,Married,6,0,18.0,0.0,1.0,2.0,154.82,4,2,3,9,Recent Customers
51646,0,14.0,Mobile,3,8.0,Debit Card,Male,2.0,3,Grocery,4,Single,2,0,19.0,1.0,,4.0,260.15,3,5,5,13,Champions
51647,0,,Mobile,3,16.0,Credit Card,Female,3.0,4,Mobile Phone,3,Single,2,0,12.0,0.0,1.0,0.0,112.0,5,1,1,7,Recent Customers
51648,0,1.0,Mobile,1,22.0,Credit Card,Male,3.0,1,Laptop & Accessory,5,Single,1,0,19.0,0.0,1.0,7.0,156.61,2,2,3,7,Hibernating
51649,0,4.0,Mobile,3,13.0,Cash on Delivery,Male,3.0,1,Laptop & Accessory,1,Married,5,0,11.0,3.0,7.0,7.0,169.29,2,5,3,10,Loyal
51650,0,12.0,Mobile,1,6.0,Credit Card,Male,2.0,1,Fashion,1,Married,1,0,17.0,1.0,3.0,7.0,196.13,2,4,4,10,Champions
51651,0,9.0,Computer,1,30.0,Debit Card,Female,2.0,3,Laptop & Accessory,4,Married,8,0,15.0,1.0,1.0,8.0,156.74,1,2,3,6,Hibernating
51652,0,5.0,Mobile,3,13.0,Debit Card,Male,3.0,4,Laptop & Accessory,3,Married,2,0,14.0,3.0,4.0,8.0,154.84,1,4,3,8,Loyal
51653,0,11.0,Mobile,1,31.0,Debit Card,Female,2.0,4,Fashion,4,Married,4,0,17.0,0.0,1.0,,220.61,5,2,5,12,Recent Customers
51654,0,30.0,Computer,1,6.0,Debit Card,Male,2.0,5,Laptop & Accessory,3,Married,3,1,13.0,1.0,1.0,2.0,156.6,4,2,3,9,Recent Customers
51655,0,4.0,Mobile,1,11.0,Cash on Delivery,Male,2.0,3,Mobile Phone,1,Married,1,1,12.0,1.0,1.0,3.0,148.21,3,1,2,6,Hibernating
51656,0,4.0,Mobile,2,8.0,UPI,Male,3.0,4,Laptop & Accessory,5,Married,4,0,12.0,0.0,1.0,0.0,164.1,5,2,3,10,Recent Customers
51657,0,18.0,Computer,1,13.0,Debit Card,Male,3.0,3,Fashion,5,Married,2,0,18.0,2.0,9.0,11.0,152.1,1,5,2,8,At Risk
51658,0,4.0,Mobile,1,8.0,Debit Card,Male,,3,Mobile,1,Married,1,1,18.0,2.0,2.0,2.0,126.95,4,2,1,7,Recent Customers
51659,0,6.0,Computer,1,11.0,Debit Card,Female,3.0,3,Fashion,4,Married,7,0,11.0,7.0,8.0,,218.78,5,5,5,15,Champions
51660,0,0.0,Mobile,1,16.0,Credit Card,Male,3.0,3,Grocery,5,Married,2,1,14.0,,11.0,10.0,270.68,1,5,5,11,Champions
51661,0,16.0,Computer,1,,Debit Card,Female,2.0,3,Mobile,1,Single,1,0,19.0,0.0,1.0,7.0,124.55,2,1,1,4,Hibernating
51662,0,22.0,Mobile,1,6.0,Cash on Delivery,Female,2.0,4,Grocery,3,Single,8,1,12.0,0.0,,7.0,239.64,2,5,5,12,Champions
51663,1,15.0,Mobile,1,14.0,Credit Card,Male,2.0,4,Laptop & Accessory,4,Married,3,0,15.0,7.0,7.0,7.0,149.41,2,5,2,9,At Risk
51664,0,0.0,Mobile,1,,Debit Card,Female,2.0,3,Mobile,4,Single,2,1,12.0,0.0,1.0,2.0,124.78,4,1,1,6,Recent Customers
51665,0,5.0,Mobile,3,14.0,Cash on Delivery,Female,3.0,4,Laptop & Accessory,4,Married,2,1,11.0,11.0,11.0,9.0,152.28,1,5,2,8,At Risk
51666,0,0.0,Mobile,3,8.0,Debit Card,Male,3.0,3,Laptop & Accessory,3,Single,2,1,11.0,0.0,1.0,4.0,144.78,2,1,2,5,Hibernating
51667,0,4.0,Mobile,3,13.0,E wallet,Male,3.0,3,Laptop & Accessory,1,Married,5,0,12.0,0.0,1.0,7.0,175.47,2,2,4,8,Hibernating
51668,0,5.0,Mobile,1,8.0,Credit Card,Female,3.0,1,Laptop & Accessory,1,Single,8,0,16.0,0.0,1.0,7.0,150.55,2,1,2,5,Hibernating
51669,1,0.0,Mobile,1,8.0,Credit Card,Male,2.0,5,Mobile,1,Married,6,1,13.0,1.0,2.0,2.0,134.64,4,2,1,7,Recent Customers
51670,0,3.0,Mobile,1,34.0,Credit Card,Female,3.0,3,Laptop & Accessory,1,Married,2,0,13.0,1.0,1.0,9.0,157.75,1,2,3,6,Hibernating
51671,0,4.0,Computer,1,13.0,Debit Card,Female,2.0,4,Fashion,3,Married,2,0,24.0,7.0,8.0,9.0,189.43,1,5,4,10,Champions
51672,0,12.0,Computer,1,13.0,Credit Card,Male,2.0,4,Others,1,Married,2,0,,6.0,13.0,3.0,292.72,4,5,5,14,Champions
51673,1,2.0,Mobile,3,9.0,Credit Card,Female,2.0,3,Laptop & Accessory,3,Married,5,1,18.0,1.0,1.0,0.0,152.38,5,1,2,8,Recent Customers
51674,0,6.0,Computer,3,16.0,E wallet,Male,2.0,4,Laptop & Accessory,1,Single,4,0,14.0,1.0,1.0,1.0,146.82,4,1,2,7,Recent Customers
51675,0,20.0,Mobile,1,11.0,Debit Card,Male,2.0,3,Others,3,Married,5,0,11.0,,1.0,1.0,283.0,4,2,5,11,Recent Customers
51676,0,16.0,Computer,1,16.0,Debit Card,Female,2.0,4,Laptop & Accessory,3,Married,2,0,11.0,1.0,1.0,0.0,152.57,5,1,2,8,Recent Customers
51677,0,0.0,Computer,3,6.0,E wallet,Male,3.0,3,Laptop & Accessory,4,Married,1,1,13.0,0.0,1.0,4.0,163.49,2,2,3,7,Hibernating
51678,0,27.0,Computer,1,26.0,Debit Card,Female,2.0,3,Laptop & Accessory,3,Single,4,0,12.0,0.0,1.0,3.0,148.69,3,1,2,6,Hibernating
51679,0,16.0,Mobile,1,13.0,Debit Card,Female,2.0,3,Fashion,5,Married,9,0,16.0,1.0,1.0,0.0,199.85,5,2,4,11,Recent Customers
51680,0,18.0,Mobile,1,14.0,UPI,Male,3.0,3,Laptop & Accessory,1,Married,10,0,14.0,8.0,9.0,8.0,136.97,2,5,1,8,At Risk
51681,0,13.0,Mobile,3,6.0,Credit Card,Male,2.0,5,Laptop & Accessory,1,Married,3,1,22.0,1.0,1.0,2.0,174.57,4,2,4,10,Recent Customers
51682,1,,Mobile,1,14.0,UPI,Male,3.0,5,Mobile,5,Married,2,1,11.0,0.0,1.0,7.0,121.19,2,1,1,4,Hibernating
51683,0,2.0,Mobile,1,15.0,UPI,Male,1.0,4,Mobile Phone,1,Single,1,0,17.0,1.0,2.0,2.0,139.83,4,2,1,7,Recent Customers
51684,0,3.0,Mobile,3,11.0,E wallet,Female,1.0,4,Laptop & Accessory,3,Married,2,0,13.0,1.0,1.0,2.0,161.18,4,2,3,9,Recent Customers
51685,0,0.0,Mobile,3,14.0,E wallet,Female,2.0,3,Laptop & Accessory,4,Married,2,0,18.0,0.0,1.0,7.0,162.14,2,2,3,7,Hibernating
51686,0,10.0,Mobile,1,11.0,Credit Card,Male,3.0,3,Laptop & Accessory,1,Married,8,0,16.0,1.0,1.0,4.0,163.47,2,2,3,7,Hibernating
51687,0,11.0,Mobile,1,21.0,Debit Card,Male,3.0,4,Fashion,1,Married,1,1,14.0,2.0,2.0,,215.1,5,4,5,14,Champions
51688,0,4.0,Mobile,1,13.0,Credit Card,Female,2.0,3,Fashion,1,Single,2,1,14.0,4.0,4.0,10.0,171.43,1,4,3,8,Loyal
51689,0,2.0,Mobile,3,16.0,E wallet,Female,2.0,4,Laptop & Accessory,4,Married,2,1,14.0,1.0,1.0,7.0,182.68,2,2,4,8,Hibernating
51690,0,8.0,Mobile,1,11.0,Cash on Delivery,Male,3.0,3,Fashion,4,Single,1,0,13.0,1.0,1.0,13.0,180.95,1,2,4,7,Hibernating
51691,0,0.0,Mobile,1,32.0,Debit Card,Male,,3,Mobile,1,Married,2,0,12.0,0.0,1.0,2.0,129.04,4,1,1,6,Recent Customers
51692,0,14.0,Mobile,1,12.0,Credit Card,Male,3.0,4,Laptop & Accessory,4,Single,7,1,15.0,1.0,1.0,2.0,160.32,4,2,3,9,Recent Customers
51693,0,20.0,Computer,3,10.0,Credit Card,Male,,3,Laptop & Accessory,3,Single,4,0,19.0,0.0,1.0,0.0,129.76,5,1,1,7,Recent Customers
51694,0,15.0,Mobile,1,29.0,Debit Card,Female,2.0,3,Grocery,1,Single,3,0,14.0,0.0,,0.0,259.92,5,5,5,15,Champions
51695,0,2.0,Computer,3,8.0,Debit Card,Male,3.0,3,Laptop & Accessory,3,Married,2,0,14.0,1.0,1.0,2.0,146.49,4,1,2,7,Recent Customers
51696,0,15.0,Mobile,2,8.0,Cash on Delivery,Male,,3,Mobile,3,Married,1,1,11.0,1.0,1.0,0.0,126.96,5,1,1,7,Recent Customers
51697,0,5.0,Mobile,1,,Credit Card,Female,3.0,3,Mobile,4,Married,2,0,13.0,0.0,1.0,7.0,123.7,2,1,1,4,Hibernating
51698,0,21.0,Mobile,3,35.0,Credit Card,Female,3.0,3,Fashion,3,Married,4,0,21.0,0.0,1.0,,225.04,5,2,5,12,Recent Customers
51699,0,10.0,Mobile,1,12.0,Credit Card,Male,2.0,1,Laptop & Accessory,5,Married,5,1,13.0,6.0,6.0,7.0,159.74,2,5,3,10,Loyal
51700,0,3.0,Computer,3,31.0,Cash on Delivery,Female,2.0,3,Laptop & Accessory,3,Married,8,1,12.0,2.0,2.0,2.0,147.36,4,2,2,8,Recent Customers
51701,0,0.0,Mobile,3,6.0,Debit Card,Male,2.0,3,Laptop & Accessory,3,Married,2,0,17.0,0.0,7.0,7.0,152.96,2,5,2,9,At Risk
51702,0,15.0,Mobile,1,8.0,UPI,Male,3.0,4,Laptop & Accessory,1,Single,4,0,23.0,1.0,1.0,0.0,167.81,5,2,3,10,Recent Customers
51703,1,,Computer,3,6.0,Cash on Delivery,Female,3.0,4,Mobile,4,Single,2,1,11.0,1.0,1.0,2.0,121.74,4,1,1,6,Recent Customers
51704,0,9.0,Computer,3,6.0,Credit Card,Female,2.0,3,Laptop & Accessory,1,Single,5,0,15.0,1.0,1.0,0.0,166.53,5,2,3,10,Recent Customers
51705,0,9.0,Computer,3,9.0,Credit Card,Male,2.0,4,Fashion,1,Married,5,0,11.0,0.0,1.0,12.0,196.99,1,2,4,7,Hibernating
51706,0,30.0,Mobile,1,6.0,Credit Card,Male,2.0,3,Laptop & Accessory,3,Married,3,0,11.0,0.0,1.0,2.0,167.55,4,2,3,9,Recent Customers
51707,0,,Mobile,1,16.0,Debit Card,Female,2.0,1,Mobile,3,Married,4,1,13.0,0.0,1.0,7.0,122.13,2,1,1,4,Hibernating
51708,0,0.0,Computer,3,,Credit Card,Male,2.0,3,Mobile,1,Single,2,0,24.0,2.0,2.0,2.0,126.1,4,2,1,7,Recent Customers
51709,1,0.0,Mobile,3,11.0,E wallet,Female,,3,Mobile,3,Single,2,1,13.0,0.0,1.0,0.0,128.51,5,1,1,7,Recent Customers
51710,0,10.0,Mobile,1,16.0,Credit Card,Female,3.0,3,Mobile,5,Married,7,0,20.0,1.0,1.0,3.0,134.52,3,1,1,5,Hibernating
51711,0,19.0,Computer,1,13.0,Credit Card,Female,1.0,3,Laptop & Accessory,3,Married,3,0,14.0,1.0,1.0,0.0,152.58,5,1,2,8,Recent Customers
51712,1,4.0,Computer,3,10.0,E wallet,Male,2.0,3,Laptop & Accessory,4,Single,2,0,18.0,4.0,7.0,7.0,193.55,2,5,4,11,Champions
51713,0,23.0,Mobile,1,16.0,Cash on Delivery,Male,3.0,4,Fashion,1,Single,7,0,15.0,1.0,1.0,3.0,204.96,3,2,4,9,Hibernating
51714,1,3.0,Mobile,3,28.0,E wallet,Male,3.0,4,Laptop & Accessory,3,Married,3,1,12.0,1.0,1.0,0.0,163.8,5,2,3,10,Recent Customers
51715,0,4.0,Mobile,1,,Debit Card,Male,2.0,4,Mobile,4,Single,1,1,16.0,2.0,2.0,2.0,126.57,4,2,1,7,Recent Customers
51716,1,0.0,Mobile,3,18.0,Debit Card,Female,,1,Mobile,4,Single,2,0,15.0,0.0,1.0,0.0,127.16,5,1,1,7,Recent Customers
51717,0,,Mobile,1,29.0,Debit Card,Male,2.0,3,Mobile,1,Single,10,0,16.0,0.0,1.0,2.0,122.01,4,1,1,6,Recent Customers
51718,0,8.0,Mobile,1,15.0,Debit Card,Male,3.0,4,Laptop & Accessory,4,Single,10,0,19.0,0.0,1.0,0.0,165.4,5,2,3,10,Recent Customers
51719,0,0.0,Mobile,1,6.0,Credit Card,Male,2.0,3,Mobile Phone,4,Married,2,0,11.0,0.0,1.0,4.0,138.16,2,1,1,4,Hibernating
51720,0,1.0,Mobile,3,15.0,Debit Card,Male,3.0,3,Laptop & Accessory,1,Single,2,0,16.0,1.0,1.0,7.0,152.53,2,1,2,5,Hibernating
51721,0,22.0,Mobile,1,13.0,UPI,Male,2.0,4,Fashion,3,Single,9,0,24.0,1.0,1.0,,209.65,5,2,5,12,Recent Customers
51722,0,24.0,Mobile,3,20.0,Debit Card,Female,2.0,3,Laptop & Accessory,1,Married,5,0,11.0,1.0,1.0,7.0,149.36,2,1,2,5,Hibernating
51723,0,9.0,Mobile,1,,Debit Card,Female,3.0,3,Mobile,3,Married,5,0,13.0,2.0,2.0,2.0,125.43,4,2,1,7,Recent Customers
51724,1,0.0,Computer,3,25.0,E wallet,Male,3.0,1,Laptop & Accessory,1,Single,9,1,13.0,0.0,1.0,4.0,153.04,2,1,2,5,Hibernating
51725,0,28.0,Mobile,1,8.0,Debit Card,Female,3.0,3,Grocery,1,Single,3,1,13.0,,1.0,2.0,266.59,4,2,5,11,Recent Customers
51726,0,0.0,Mobile,3,16.0,E wallet,Female,3.0,3,Laptop & Accessory,3,Married,2,1,12.0,0.0,1.0,3.0,142.6,3,1,2,6,Hibernating
51727,0,3.0,Mobile,3,,Cash on Delivery,Male,3.0,3,Mobile,4,Married,2,0,18.0,1.0,1.0,0.0,124.76,5,1,1,7,Recent Customers
51728,1,0.0,Computer,1,9.0,Cash on Delivery,Male,,3,Mobile,5,Single,1,0,22.0,0.0,1.0,4.0,131.02,2,1,1,4,Hibernating
51729,0,,Mobile,1,17.0,Credit Card,Female,2.0,3,Mobile,4,Married,2,0,13.0,1.0,1.0,2.0,122.44,4,1,1,6,Recent Customers
51730,0,9.0,Mobile,3,8.0,Credit Card,Male,3.0,4,Fashion,3,Married,2,0,13.0,8.0,9.0,0.0,175.96,5,5,4,14,Champions
51731,1,,Computer,1,10.0,Cash on Delivery,Male,2.0,3,Mobile,1,Single,10,1,23.0,1.0,1.0,0.0,122.85,5,1,1,7,Recent Customers
51732,0,10.0,Mobile,1,20.0,Debit Card,Female,,3,Mobile,5,Married,2,0,12.0,10.0,12.0,17.0,130.34,1,5,1,7,At Risk
51733,0,13.0,Mobile,3,8.0,E wallet,Female,2.0,3,Laptop & Accessory,4,Married,8,0,12.0,0.0,1.0,3.0,157.15,3,2,3,8,Hibernating
51734,0,15.0,Mobile,1,,Debit Card,Female,3.0,3,Mobile,5,Married,4,0,16.0,0.0,1.0,2.0,125.76,4,1,1,6,Recent Customers
51735,0,10.0,Mobile,1,16.0,Debit Card,Male,2.0,3,Laptop & Accessory,4,Single,3,1,12.0,0.0,1.0,1.0,141.97,4,1,2,7,Recent Customers
51736,0,16.0,Mobile,1,18.0,Debit Card,Male,2.0,4,Grocery,4,Married,2,0,11.0,3.0,,9.0,243.36,1,5,5,11,Champions
51737,0,13.0,Mobile,1,8.0,Credit Card,Female,3.0,4,Laptop & Accessory,3,Married,7,0,22.0,1.0,1.0,0.0,134.48,5,1,1,7,Recent Customers
51738,0,27.0,Mobile,1,11.0,Credit Card,Male,2.0,3,Others,5,Married,5,0,,1.0,1.0,2.0,294.06,4,2,5,11,Recent Customers
51739,0,7.0,Computer,3,10.0,E wallet,Female,3.0,3,Laptop & Accessory,3,Married,10,0,15.0,0.0,1.0,2.0,165.38,4,2,3,9,Recent Customers
51740,0,4.0,Mobile,1,13.0,Credit Card,Female,2.0,3,Laptop & Accessory,5,Married,2,0,12.0,3.0,3.0,12.0,143.06,1,4,2,7,At Risk
51741,0,,Computer,1,27.0,Credit Card,Male,3.0,3,Mobile,1,Married,8,0,20.0,1.0,1.0,2.0,122.58,4,1,1,6,Recent Customers
51742,0,16.0,Mobile,1,14.0,UPI,Female,3.0,3,Laptop & Accessory,3,Married,5,1,14.0,1.0,1.0,2.0,145.22,4,1,2,7,Recent Customers
51743,0,0.0,Mobile,3,10.0,Debit Card,Female,3.0,4,Laptop & Accessory,1,Single,2,1,11.0,0.0,1.0,3.0,144.87,3,1,2,6,Hibernating
51744,0,10.0,Computer,1,31.0,Credit Card,Female,3.0,3,Laptop & Accessory,3,Married,4,1,15.0,4.0,10.0,7.0,144.49,2,5,2,9,At Risk
51745,0,,Mobile,1,6.0,Debit Card,Male,3.0,4,Mobile,5,Married,2,0,12.0,3.0,3.0,2.0,122.18,4,4,1,9,Hibernating
51746,0,12.0,Computer,1,6.0,Debit Card,Male,2.0,3,Others,3,Married,2,1,14.0,0.0,1.0,6.0,291.97,2,2,5,9,Hibernating
51747,0,29.0,Computer,3,12.0,Debit Card,Female,2.0,1,Grocery,5,Married,10,0,11.0,6.0,,7.0,232.12,2,5,5,12,Champions
51748,0,3.0,Mobile,3,18.0,Cash on Delivery,Female,2.0,3,Laptop & Accessory,3,Single,1,0,11.0,3.0,4.0,4.0,165.77,3,4,3,10,Loyal
51749,0,14.0,Mobile,3,6.0,E wallet,Male,2.0,1,Fashion,5,Married,2,0,16.0,1.0,1.0,7.0,183.92,2,2,4,8,Hibernating
51750,0,1.0,Mobile,1,23.0,Credit Card,Male,3.0,3,Laptop & Accessory,5,Married,2,0,12.0,0.0,1.0,8.0,145.58,1,1,2,4,Hibernating
51751,1,0.0,Mobile,1,9.0,Credit Card,Male,3.0,3,Mobile Phone,5,Married,6,0,13.0,1.0,1.0,2.0,140.31,4,1,1,6,Recent Customers
51752,0,25.0,Mobile,1,9.0,Credit Card,Male,2.0,4,Fashion,3,Married,3,1,14.0,1.0,1.0,4.0,179.69,2,2,4,8,Hibernating
51753,0,18.0,Mobile,1,,Debit Card,Male,3.0,3,Mobile,1,Married,4,0,21.0,0.0,1.0,2.0,126.54,4,1,1,6,Recent Customers
51754,0,25.0,Mobile,1,10.0,Debit Card,Female,1.0,3,Grocery,1,Married,3,0,13.0,,1.0,4.0,265.55,2,2,5,9,Hibernating
51755,0,15.0,Computer,1,35.0,Debit Card,Female,3.0,3,Laptop & Accessory,3,Married,3,0,11.0,1.0,1.0,2.0,145.56,4,1,2,7,Recent Customers
51756,0,3.0,Mobile,1,8.0,Debit Card,Female,2.0,5,Laptop & Accessory,1,Single,3,0,20.0,1.0,1.0,2.0,160.91,4,2,3,9,Recent Customers
51757,0,30.0,Mobile,1,13.0,Debit Card,Female,2.0,3,Others,5,Married,6,0,,1.0,11.0,10.0,295.66,1,5,5,11,Champions
51758,0,19.0,Mobile,1,24.0,Credit Card,Female,2.0,3,Laptop & Accessory,3,Married,3,0,14.0,1.0,1.0,8.0,148.1,1,1,2,4,Hibernating
51759,0,15.0,Computer,1,34.0,Cash on Delivery,Female,2.0,4,Laptop & Accessory,1,Married,1,0,11.0,0.0,1.0,4.0,145.23,2,1,2,5,Hibernating
51760,1,0.0,Mobile,3,6.0,Cash on Delivery,Female,3.0,3,Mobile,4,Single,2,1,16.0,0.0,1.0,4.0,132.02,2,1,1,4,Hibernating
51761,1,0.0,Computer,3,,E wallet,Female,2.0,5,Mobile,3,Married,1,0,16.0,0.0,1.0,0.0,123.51,5,1,1,7,Recent Customers
51762,0,,Computer,1,8.0,Debit Card,Male,2.0,3,Mobile Phone,1,Married,2,1,23.0,1.0,1.0,0.0,117.02,5,1,1,7,Recent Customers
51763,0,13.0,Mobile,3,8.0,Debit Card,Female,3.0,3,Others,3,Married,1,0,14.0,,1.0,12.0,280.41,1,2,5,8,Hibernating
51764,0,0.0,Mobile,1,29.0,Debit Card,Female,,3,Mobile,1,Married,2,0,22.0,0.0,1.0,2.0,128.86,4,1,1,6,Recent Customers
51765,0,,Computer,1,9.0,Debit Card,Male,2.0,3,Mobile,1,Married,5,0,15.0,1.0,1.0,4.0,120.97,2,1,1,4,Hibernating
51766,0,2.0,Mobile,1,9.0,Credit Card,Male,3.0,4,Fashion,3,Married,2,0,18.0,0.0,1.0,,219.35,5,2,5,12,Recent Customers
51767,1,0.0,Mobile,1,,Cash on Delivery,Female,3.0,4,Mobile,4,Married,6,0,16.0,1.0,1.0,1.0,125.46,4,1,1,6,Recent Customers
51768,1,0.0,Mobile,2,,Cash on Delivery,Male,2.0,4,Mobile,1,Single,2,0,12.0,0.0,1.0,0.0,125.64,5,1,1,7,Recent Customers
51769,0,3.0,Computer,3,28.0,UPI,Female,3.0,3,Fashion,5,Married,1,0,11.0,3.0,7.0,8.0,184.12,2,5,4,11,Champions
51770,0,30.0,Mobile,3,35.0,E wallet,Male,2.0,4,Grocery,1,Married,4,0,12.0,1.0,,0.0,241.18,5,5,5,15,Champions
51771,0,23.0,Mobile,1,35.0,Debit Card,Male,2.0,4,Grocery,3,Married,1,0,15.0,,15.0,7.0,270.46,2,5,5,12,Champions
51772,0,3.0,Computer,1,,Credit Card,Female,2.0,3,Mobile,1,Single,1,0,14.0,1.0,6.0,7.0,125.64,2,5,1,8,At Risk
51773,0,30.0,Computer,3,34.0,E wallet,Female,3.0,4,Fashion,5,Married,5,0,19.0,3.0,13.0,11.0,202.66,1,5,4,10,Champions
51774,0,20.0,Mobile,1,8.0,Credit Card,Female,3.0,3,Laptop & Accessory,1,Married,6,0,13.0,0.0,1.0,4.0,150.7,2,1,2,5,Hibernating
51775,0,19.0,Mobile,1,8.0,Debit Card,Male,2.0,3,Grocery,3,Married,7,0,13.0,,1.0,1.0,278.61,4,2,5,11,Recent Customers
51776,0,8.0,Mobile,1,28.0,Debit Card,Male,2.0,5,Mobile Phone,3,Single,1,0,15.0,1.0,4.0,3.0,142.3,3,4,2,9,Hibernating
51777,0,27.0,Mobile,1,5.0,Debit Card,Female,2.0,3,Laptop & Accessory,3,Single,8,0,11.0,0.0,1.0,0.0,137.8,5,1,1,7,Recent Customers
51778,0,7.0,Mobile,1,8.0,Debit Card,Male,,4,Mobile,3,Married,4,0,12.0,3.0,5.0,7.0,127.68,2,4,1,7,At Risk
51779,0,5.0,Mobile,3,16.0,E wallet,Female,3.0,4,Fashion,1,Married,3,1,19.0,0.0,1.0,2.0,190.71,4,2,4,10,Recent Customers
51780,0,4.0,Mobile,1,15.0,Debit Card,Male,2.0,3,Fashion,4,Married,2,0,25.0,0.0,1.0,8.0,206.48,1,2,4,7,Hibernating
51781,1,0.0,Mobile,1,21.0,Credit Card,Male,2.0,3,Fashion,3,Married,8,1,12.0,3.0,,7.0,236.1,2,5,5,12,Champions
51782,1,0.0,Mobile,1,16.0,Credit Card,Male,2.0,5,Mobile,1,Married,8,0,13.0,0.0,1.0,3.0,134.08,3,1,1,5,Hibernating
51783,0,3.0,Mobile,3,13.0,E wallet,Male,,3,Mobile,4,Single,1,0,14.0,0.0,1.0,2.0,129.83,4,1,1,6,Recent Customers
51784,0,8.0,Mobile,1,22.0,Debit Card,Male,3.0,3,Fashion,3,Married,5,1,12.0,0.0,1.0,0.0,176.32,5,2,4,11,Recent Customers
51785,1,0.0,Computer,1,26.0,Debit Card,Male,3.0,3,Fashion,3,Married,4,0,12.0,1.0,1.0,0.0,198.24,5,2,4,11,Recent Customers
51786,1,0.0,Computer,2,29.0,UPI,Female,2.0,3,Fashion,5,Married,10,1,15.0,1.0,1.0,2.0,199.5,4,2,4,10,Recent Customers
51787,0,,Computer,1,11.0,UPI,Male,3.0,3,Mobile,3,Married,5,0,17.0,0.0,2.0,0.0,120.93,5,2,1,8,Recent Customers
51788,0,9.0,Computer,3,16.0,Credit Card,Male,2.0,3,Fashion,1,Single,2,0,14.0,8.0,9.0,7.0,199.8,2,5,4,11,Champions
51789,1,0.0,Computer,1,10.0,Cash on Delivery,Male,3.0,4,Mobile Phone,3,Single,6,0,16.0,0.0,1.0,2.0,138.94,4,1,1,6,Recent Customers
51790,0,21.0,Mobile,3,8.0,E wallet,Female,2.0,3,Laptop & Accessory,1,Married,3,0,14.0,6.0,6.0,7.0,140.51,2,5,1,8,At Risk
51791,0,28.0,Mobile,3,24.0,Debit Card,Female,2.0,3,Grocery,4,Single,4,0,23.0,,7.0,8.0,268.35,2,5,5,12,Champions
51792,0,14.0,Computer,3,16.0,Debit Card,Male,2.0,3,Laptop & Accessory,1,Single,8,0,14.0,0.0,1.0,10.0,162.3,1,2,3,6,Hibernating
51793,0,8.0,Mobile,3,6.0,E wallet,Male,2.0,3,Laptop & Accessory,3,Married,10,0,11.0,0.0,6.0,9.0,147.17,1,5,2,8,At Risk
51794,0,13.0,Mobile,1,12.0,Debit Card,Female,3.0,3,Grocery,3,Single,8,0,15.0,4.0,,13.0,232.37,1,5,5,11,Champions
51795,0,12.0,Computer,1,14.0,Debit Card,Female,2.0,3,Mobile Phone,3,Married,2,0,11.0,1.0,1.0,7.0,137.55,2,1,1,4,Hibernating
51796,0,4.0,Mobile,3,8.0,Debit Card,Male,3.0,3,Laptop & Accessory,1,Single,5,1,13.0,1.0,1.0,5.0,165.82,2,2,3,7,Hibernating
51797,0,15.0,Mobile,1,30.0,Credit Card,Male,2.0,3,Fashion,5,Married,2,1,21.0,5.0,5.0,8.0,174.06,1,4,4,9,Champions
51798,0,18.0,Mobile,3,8.0,UPI,Male,3.0,3,Laptop & Accessory,4,Married,1,0,19.0,3.0,3.0,7.0,148.05,2,4,2,8,At Risk
51799,1,0.0,Computer,2,23.0,Debit Card,Female,,3,Mobile,3,Married,1,1,11.0,0.0,1.0,0.0,127.41,5,1,1,7,Recent Customers
51800,0,2.0,Mobile,1,25.0,Cash on Delivery,Male,2.0,3,Laptop & Accessory,1,Married,5,0,12.0,1.0,1.0,2.0,142.62,4,1,2,7,Recent Customers
51801,0,6.0,Mobile,1,6.0,Credit Card,Female,3.0,1,Grocery,3,Married,5,0,19.0,,1.0,5.0,261.84,2,2,5,9,Hibernating
51802,0,4.0,Mobile,3,13.0,Debit Card,Male,2.0,4,Fashion,1,Married,10,0,21.0,1.0,1.0,,215.57,5,2,5,12,Recent Customers
51803,1,,Computer,3,11.0,E wallet,Male,3.0,3,Mobile Phone,4,Single,2,1,14.0,1.0,1.0,0.0,118.78,5,1,1,7,Recent Customers
51804,0,13.0,Computer,3,34.0,UPI,Male,2.0,5,Fashion,5,Married,4,0,15.0,0.0,1.0,,209.32,5,2,5,12,Recent Customers
51805,0,14.0,Computer,1,8.0,UPI,Female,3.0,4,Laptop & Accessory,3,Single,3,1,17.0,0.0,1.0,7.0,168.11,2,2,3,7,Hibernating
51806,0,0.0,Mobile,3,35.0,Credit Card,Male,2.0,3,Laptop & Accessory,3,Married,6,0,12.0,0.0,1.0,0.0,143.06,5,1,2,8,Recent Customers
51807,0,8.0,Mobile,3,6.0,Credit Card,Female,3.0,3,Laptop & Accessory,3,Single,2,0,16.0,1.0,1.0,3.0,148.59,3,1,2,6,Hibernating
51808,0,7.0,Mobile,3,27.0,Debit Card,Male,3.0,1,Laptop & Accessory,1,Single,2,0,12.0,0.0,5.0,7.0,153.37,2,4,2,8,At Risk
51809,1,0.0,Mobile,1,,Cash on Delivery,Male,3.0,5,Mobile,1,Single,2,1,18.0,0.0,1.0,0.0,123.4,5,1,1,7,Recent Customers
51810,0,10.0,Mobile,1,6.0,Cash on Delivery,Female,2.0,3,Fashion,1,Single,5,0,17.0,1.0,1.0,2.0,174.91,4,2,4,10,Recent Customers
51811,0,19.0,Computer,1,24.0,Credit Card,Female,2.0,3,Fashion,3,Married,6,0,11.0,0.0,1.0,2.0,205.27,4,2,4,10,Recent Customers
51812,0,14.0,Mobile,3,8.0,Debit Card,Female,3.0,3,Grocery,5,Married,8,0,16.0,,11.0,8.0,265.95,2,5,5,12,Champions
51813,0,10.0,Computer,3,15.0,Credit Card,Male,3.0,3,Fashion,4,Married,2,0,13.0,1.0,7.0,7.0,188.34,2,5,4,11,Champions
51814,0,25.0,Mobile,1,12.0,Cash on Delivery,Male,3.0,3,Laptop & Accessory,5,Married,4,1,12.0,2.0,6.0,9.0,155.77,1,5,3,9,Loyal
51815,1,0.0,Computer,3,17.0,UPI,Male,2.0,1,Laptop & Accessory,3,Married,9,0,12.0,1.0,1.0,2.0,147.07,4,1,2,7,Recent Customers
51816,0,0.0,Computer,3,,Credit Card,Male,2.0,3,Mobile,1,Married,1,0,13.0,1.0,2.0,1.0,124.0,4,2,1,7,Recent Customers
51817,0,11.0,Mobile,1,16.0,Credit Card,Female,3.0,3,Laptop & Accessory,3,Married,4,0,19.0,0.0,1.0,0.0,198.24,5,2,4,11,Recent Customers
51818,0,10.0,Mobile,1,6.0,Debit Card,Female,3.0,3,Laptop & Accessory,4,Married,7,0,12.0,4.0,4.0,3.0,164.47,3,4,3,10,Loyal
51819,0,22.0,Mobile,1,24.0,Debit Card,Male,2.0,4,Others,3,Married,2,1,,1.0,1.0,9.0,295.02,1,2,5,8,Hibernating
51820,0,0.0,Mobile,1,29.0,Credit Card,Male,,1,Mobile,1,Married,2,1,11.0,0.0,1.0,4.0,127.25,2,1,1,4,Hibernating
51821,0,0.0,Mobile,3,34.0,E wallet,Male,3.0,3,Laptop & Accessory,4,Married,2,0,20.0,0.0,1.0,4.0,162.72,2,2,3,7,Hibernating
51822,0,,Mobile,1,23.0,UPI,Male,3.0,4,Mobile,4,Married,2,0,21.0,1.0,1.0,0.0,121.27,5,1,1,7,Recent Customers
51823,0,23.0,Computer,2,9.0,Credit Card,Male,3.0,3,Others,4,Married,2,0,11.0,,10.0,7.0,282.0,2,5,5,12,Champions
51824,0,,Mobile,3,19.0,Credit Card,Male,2.0,3,Mobile,3,Married,2,0,11.0,1.0,1.0,6.0,120.96,2,1,1,4,Hibernating
51825,1,0.0,Computer,1,13.0,Debit Card,Female,,3,Mobile,3,Married,2,1,16.0,0.0,1.0,2.0,128.86,4,1,1,6,Recent Customers
51826,1,,Computer,3,18.0,Debit Card,Male,3.0,4,Mobile,5,Married,2,0,18.0,1.0,1.0,0.0,120.33,5,1,1,7,Recent Customers
51827,0,7.0,Mobile,1,6.0,Debit Card,Male,2.0,4,Mobile Phone,1,Married,2,1,13.0,1.0,1.0,3.0,136.22,3,1,1,5,Hibernating
51828,1,0.0,Mobile,3,19.0,Credit Card,Male,2.0,3,Laptop & Accessory,5,Married,3,0,17.0,0.0,1.0,2.0,142.33,4,1,2,7,Recent Customers
51829,0,8.0,Mobile,1,31.0,UPI,Male,2.0,4,Laptop & Accessory,1,Single,5,0,14.0,1.0,1.0,2.0,136.81,4,1,1,6,Recent Customers
51830,0,4.0,Mobile,3,12.0,Credit Card,Male,3.0,1,Laptop & Accessory,1,Married,5,0,22.0,5.0,5.0,7.0,154.6,2,4,3,9,Loyal
51831,0,,Mobile,1,12.0,Credit Card,Female,3.0,4,Mobile,3,Married,1,0,12.0,0.0,1.0,3.0,121.87,3,1,1,5,Hibernating
51832,0,10.0,Mobile,3,8.0,E wallet,Male,3.0,3,Laptop & Accessory,3,Married,5,1,11.0,0.0,1.0,0.0,196.02,5,2,4,11,Recent Customers
51833,0,0.0,Mobile,1,6.0,Debit Card,Female,,4,Mobile,4,Single,2,0,13.0,0.0,1.0,0.0,128.36,5,1,1,7,Recent Customers
51834,0,15.0,Mobile,1,8.0,Debit Card,Female,2.0,3,Laptop & Accessory,1,Married,2,0,13.0,0.0,2.0,2.0,140.89,4,2,2,8,Recent Customers
51835,0,16.0,Mobile,1,12.0,UPI,Male,2.0,4,Grocery,1,Married,5,1,14.0,,1.0,0.0,266.27,5,2,5,12,Recent Customers
51836,0,11.0,Mobile,1,,Debit Card,Female,2.0,3,Mobile,5,Single,4,0,17.0,0.0,1.0,0.0,126.19,5,1,1,7,Recent Customers
51837,0,16.0,Computer,1,15.0,Credit Card,Male,3.0,3,Laptop & Accessory,3,Married,4,1,13.0,1.0,4.0,7.0,156.79,2,4,3,9,Loyal
51838,0,21.0,Mobile,1,6.0,Debit Card,Female,2.0,4,Grocery,5,Married,8,0,11.0,0.0,,2.0,254.02,4,5,5,14,Champions
51839,0,17.0,Mobile,2,6.0,Debit Card,Female,2.0,4,Laptop & Accessory,3,Single,5,0,11.0,1.0,1.0,2.0,159.85,4,2,3,9,Recent Customers
51840,0,7.0,Mobile,3,,Cash on Delivery,Female,2.0,3,Mobile,3,Married,2,1,18.0,1.0,1.0,6.0,125.79,2,1,1,4,Hibernating
51841,1,0.0,Mobile,3,8.0,E wallet,Male,,3,Mobile,5,Married,1,0,11.0,1.0,1.0,2.0,130.41,4,1,1,6,Recent Customers
51842,0,0.0,Mobile,3,28.0,Cash on Delivery,Male,2.0,3,Mobile,3,Single,2,0,11.0,0.0,1.0,2.0,134.47,4,1,1,6,Recent Customers
51843,0,17.0,Mobile,1,9.0,UPI,Male,2.0,3,Others,1,Married,5,1,,0.0,1.0,1.0,295.13,4,2,5,11,Recent Customers
51844,0,0.0,Mobile,1,12.0,Credit Card,Male,,3,Mobile,3,Married,1,0,20.0,1.0,2.0,2.0,127.73,4,2,1,7,Recent Customers
51845,0,6.0,Mobile,3,14.0,E wallet,Male,2.0,3,Laptop & Accessory,3,Married,1,0,12.0,0.0,1.0,2.0,171.04,4,2,3,9,Recent Customers
51846,0,5.0,Mobile,1,15.0,Debit Card,Female,3.0,3,Laptop & Accessory,1,Married,2,1,12.0,1.0,1.0,5.0,163.22,2,2,3,7,Hibernating
51847,0,,Computer,1,9.0,Credit Card,Female,3.0,3,Mobile,3,Married,2,0,20.0,1.0,1.0,0.0,120.83,5,1,1,7,Recent Customers
51848,0,26.0,Mobile,3,6.0,Credit Card,Female,2.0,3,Laptop & Accessory,5,Single,8,0,20.0,4.0,8.0,10.0,183.81,1,5,4,10,Champions
51849,0,7.0,Mobile,1,6.0,Debit Card,Male,,3,Mobile,1,Married,2,0,12.0,1.0,8.0,8.0,126.91,2,5,1,8,At Risk
51850,1,8.0,Computer,3,32.0,Debit Card,Female,3.0,3,Laptop & Accessory,5,Married,3,0,14.0,0.0,1.0,0.0,142.86,5,1,2,8,Recent Customers
51851,0,0.0,Mobile,1,12.0,Debit Card,Female,3.0,3,Mobile Phone,1,Married,2,1,13.0,0.0,1.0,2.0,56.0,4,1,1,6,Recent Customers
51852,0,10.0,Mobile,1,9.0,UPI,Male,2.0,3,Fashion,3,Married,2,0,15.0,7.0,7.0,8.0,194.34,2,5,4,11,Champions
51853,0,2.0,Mobile,3,9.0,Credit Card,Female,3.0,3,Laptop & Accessory,3,Married,2,0,14.0,0.0,1.0,2.0,155.61,4,2,3,9,Recent Customers
51854,0,8.0,Mobile,1,12.0,Debit Card,Male,2.0,5,Laptop & Accessory,1,Single,2,0,13.0,0.0,11.0,8.0,166.46,2,5,3,10,Loyal
51855,0,6.0,Computer,1,12.0,Debit Card,Male,1.0,3,Laptop & Accessory,1,Married,4,0,23.0,3.0,4.0,7.0,177.25,2,4,4,10,Champions
51856,0,27.0,Mobile,2,25.0,Credit Card,Male,2.0,3,Fashion,4,Married,3,0,15.0,2.0,7.0,1.0,207.25,5,5,4,14,Champions
51857,0,9.0,Mobile,1,15.0,Credit Card,Male,2.0,4,Laptop & Accessory,4,Married,3,1,11.0,0.0,1.0,2.0,188.47,4,2,4,10,Recent Customers
51858,0,,Mobile,1,9.0,Credit Card,Male,2.0,4,Mobile,1,Single,1,0,13.0,1.0,1.0,1.0,120.45,4,1,1,6,Recent Customers
51859,1,0.0,Mobile,1,16.0,Credit Card,Male,2.0,3,Mobile Phone,3,Single,2,1,11.0,1.0,1.0,1.0,110.09,4,1,1,6,Recent Customers
51860,1,0.0,Computer,1,9.0,Debit Card,Male,3.0,3,Mobile,5,Single,2,1,11.0,5.0,9.0,7.0,133.48,2,5,1,8,At Risk
51861,0,,Computer,1,9.0,Debit Card,Male,2.0,4,Mobile Phone,3,Married,2,0,18.0,1.0,1.0,0.0,112.81,5,1,1,7,Recent Customers
51862,0,0.0,Mobile,1,10.0,Credit Card,Male,,1,Mobile,5,Married,3,0,16.0,0.0,1.0,2.0,128.19,4,1,1,6,Recent Customers
51863,0,0.0,Mobile,3,14.0,Debit Card,Male,2.0,1,Laptop & Accessory,4,Married,1,0,22.0,1.0,1.0,2.0,148.51,4,1,2,7,Recent Customers
51864,0,11.0,Mobile,3,13.0,E wallet,Female,2.0,4,Laptop & Accessory,1,Single,1,0,20.0,1.0,1.0,5.0,140.28,2,1,1,4,Hibernating
51865,0,2.0,Computer,1,6.0,Debit Card,Male,,5,Mobile,1,Married,2,0,18.0,0.0,2.0,8.0,127.2,1,2,1,4,Hibernating
51866,0,21.0,Mobile,3,8.0,E wallet,Male,2.0,1,Laptop & Accessory,4,Married,4,0,12.0,0.0,2.0,2.0,181.2,4,3,4,11,Loyal
51867,0,0.0,Computer,3,9.0,Credit Card,Female,3.0,1,Laptop & Accessory,1,Married,2,1,20.0,1.0,1.0,4.0,146.47,2,1,2,5,Hibernating
51868,0,10.0,Mobile,1,16.0,Debit Card,Male,3.0,1,Mobile Phone,1,Single,4,0,17.0,1.0,1.0,0.0,146.8,5,1,2,8,Recent Customers
51869,0,23.0,Mobile,1,34.0,Credit Card,Male,3.0,1,Mobile,3,Married,2,1,11.0,0.0,3.0,8.0,132.21,1,4,1,6,At Risk
51870,0,7.0,Mobile,1,15.0,Credit Card,Female,2.0,4,Fashion,4,Single,2,0,14.0,4.0,7.0,7.0,186.21,2,5,4,11,Champions
51871,1,0.0,Mobile,3,9.0,Debit Card,Female,3.0,3,Laptop & Accessory,3,Single,10,0,14.0,1.0,2.0,0.0,145.77,5,2,2,9,Recent Customers
51872,0,12.0,Mobile,1,8.0,Cash on Delivery,Female,3.0,4,Laptop & Accessory,3,Single,2,0,11.0,1.0,11.0,10.0,145.53,1,5,2,8,At Risk
51873,0,5.0,Mobile,3,16.0,E wallet,Male,2.0,3,Laptop & Accessory,1,Single,2,0,12.0,1.0,1.0,8.0,153.96,1,2,3,6,Hibernating
51874,1,13.0,Computer,3,14.0,Cash on Delivery,Male,2.0,3,Laptop & Accessory,3,Married,4,1,14.0,0.0,1.0,3.0,167.96,3,2,3,8,Hibernating
51875,0,11.0,Mobile,1,6.0,Debit Card,Female,2.0,1,Laptop & Accessory,1,Single,1,0,13.0,0.0,1.0,8.0,176.25,1,2,4,7,Hibernating
51876,0,0.0,Mobile,1,6.0,Debit Card,Female,3.0,3,Fashion,5,Married,2,0,11.0,0.0,1.0,7.0,174.12,2,2,4,8,Hibernating
51877,0,5.0,Mobile,1,9.0,Debit Card,Female,2.0,3,Fashion,1,Single,4,0,15.0,6.0,7.0,,211.59,5,5,5,15,Champions
51878,0,20.0,Mobile,3,20.0,E wallet,Male,2.0,3,Laptop & Accessory,5,Single,3,0,12.0,1.0,1.0,7.0,149.6,2,1,2,5,Hibernating
51879,0,13.0,Computer,3,11.0,Debit Card,Male,2.0,4,Fashion,5,Married,6,1,21.0,0.0,1.0,12.0,204.75,1,2,4,7,Hibernating
51880,0,26.0,Mobile,1,13.0,Debit Card,Male,2.0,1,Grocery,3,Married,4,0,19.0,0.0,,3.0,248.14,4,5,5,14,Champions
51881,0,14.0,Mobile,2,16.0,UPI,Male,3.0,4,Others,1,Married,4,0,15.0,,12.0,6.0,291.41,2,5,5,12,Champions
51882,0,30.0,Mobile,3,22.0,E wallet,Male,2.0,3,Laptop & Accessory,5,Single,9,0,14.0,2.0,2.0,2.0,154.05,4,3,3,10,Loyal
51883,0,0.0,Computer,1,16.0,Debit Card,Male,2.0,3,Fashion,5,Married,2,0,21.0,0.0,1.0,7.0,187.93,2,2,4,8,Hibernating
51884,0,14.0,Mobile,2,6.0,UPI,Male,2.0,4,Others,3,Married,2,0,12.0,,2.0,10.0,291.89,1,4,5,10,Champions
51885,0,23.0,Mobile,3,14.0,E wallet,Male,2.0,3,Mobile Phone,4,Married,8,0,15.0,0.0,2.0,2.0,138.75,4,2,1,7,Recent Customers
51886,1,,Mobile,1,6.0,Debit Card,Female,3.0,5,Mobile,4,Single,8,1,13.0,1.0,3.0,7.0,122.16,2,4,1,7,At Risk
51887,0,9.0,Computer,1,14.0,Debit Card,Female,3.0,1,Fashion,5,Married,10,0,14.0,0.0,1.0,,217.13,5,2,5,12,Recent Customers
51888,0,11.0,Mobile,1,6.0,Debit Card,Female,2.0,3,Fashion,3,Single,5,1,14.0,0.0,1.0,0.0,178.61,5,2,4,11,Recent Customers
51889,0,17.0,Computer,1,30.0,Credit Card,Male,2.0,5,Mobile Phone,3,Single,3,0,14.0,0.0,1.0,4.0,137.08,2,1,1,4,Hibernating
51890,0,20.0,Computer,3,9.0,Credit Card,Female,2.0,3,Grocery,3,Married,10,1,12.0,1.0,,13.0,237.7,1,5,5,11,Champions
51891,0,3.0,Mobile,3,33.0,E wallet,Male,3.0,3,Laptop & Accessory,1,Married,8,0,23.0,2.0,7.0,7.0,153.04,2,5,2,9,At Risk
51892,0,2.0,Mobile,3,,Debit Card,Male,3.0,3,Mobile,3,Single,2,0,11.0,1.0,1.0,0.0,126.42,5,1,1,7,Recent Customers
51893,1,5.0,Computer,1,25.0,Credit Card,Male,,1,Mobile,3,Married,7,1,12.0,0.0,2.0,2.0,127.59,4,2,1,7,Recent Customers
51894,0,16.0,Computer,3,21.0,Debit Card,Male,2.0,4,Laptop & Accessory,1,Married,4,0,18.0,1.0,2.0,2.0,168.04,4,3,3,10,Loyal
51895,0,7.0,Mobile,1,14.0,Credit Card,Female,3.0,3,Laptop & Accessory,3,Single,4,0,11.0,0.0,4.0,3.0,161.42,3,4,3,10,Loyal
51896,0,0.0,Mobile,1,,Credit Card,Male,2.0,3,Mobile,5,Married,2,0,14.0,1.0,1.0,2.0,125.0,4,1,1,6,Recent Customers
51897,0,12.0,Mobile,2,9.0,UPI,Female,2.0,1,Laptop & Accessory,4,Married,10,0,15.0,0.0,3.0,6.0,163.89,2,4,3,9,Loyal
51898,0,29.0,Mobile,1,15.0,Credit Card,Male,2.0,3,Grocery,1,Married,8,0,11.0,0.0,1.0,,211.03,5,2,5,12,Recent Customers
51899,0,13.0,Mobile,1,,Credit Card,Female,2.0,4,Mobile,1,Single,1,1,20.0,0.0,2.0,3.0,123.42,3,2,1,6,Hibernating
51900,0,0.0,Mobile,1,13.0,Credit Card,Female,2.0,4,Laptop & Accessory,5,Single,9,0,19.0,1.0,1.0,7.0,168.11,2,2,3,7,Hibernating
51901,0,,Mobile,3,16.0,E wallet,Male,2.0,3,Mobile,4,Married,2,0,14.0,2.0,2.0,2.0,122.97,4,2,1,7,Recent Customers
51902,0,26.0,Mobile,1,,Debit Card,Male,2.0,3,Laptop & Accessory,1,Single,3,0,17.0,2.0,2.0,2.0,124.5,4,2,1,7,Recent Customers
51903,0,8.0,Computer,1,8.0,Debit Card,Female,3.0,3,Laptop & Accessory,5,Married,3,0,11.0,1.0,1.0,0.0,150.93,5,1,2,8,Recent Customers
51904,0,5.0,Computer,1,30.0,Debit Card,Male,3.0,3,Laptop & Accessory,1,Married,2,0,15.0,1.0,4.0,7.0,153.09,2,4,2,8,At Risk
51905,0,11.0,Mobile,1,8.0,Credit Card,Male,,3,Mobile,3,Married,7,1,13.0,0.0,1.0,1.0,130.57,4,1,1,6,Recent Customers
51906,0,7.0,Mobile,1,14.0,Debit Card,Female,2.0,3,Laptop & Accessory,5,Married,4,0,14.0,1.0,1.0,0.0,151.21,5,1,2,8,Recent Customers
51907,0,25.0,Mobile,3,9.0,E wallet,Male,2.0,4,Grocery,5,Married,2,0,11.0,,1.0,16.0,268.56,1,2,5,8,Hibernating
51908,1,0.0,Mobile,1,6.0,UPI,Male,,3,Mobile,1,Single,2,1,13.0,6.0,7.0,8.0,126.86,1,5,1,7,At Risk
51909,0,0.0,Mobile,3,32.0,Credit Card,Female,2.0,3,Laptop & Accessory,1,Single,2,0,23.0,0.0,1.0,4.0,161.8,2,2,3,7,Hibernating
51910,0,18.0,Mobile,3,8.0,Cash on Delivery,Male,2.0,5,Laptop & Accessory,3,Single,1,0,13.0,1.0,3.0,1.0,166.32,5,4,3,12,Loyal
51911,0,0.0,Mobile,1,16.0,Credit Card,Male,3.0,1,Mobile,3,Single,2,0,18.0,0.0,1.0,2.0,135.05,4,1,1,6,Recent Customers
51912,1,10.0,Computer,3,33.0,Debit Card,Female,3.0,1,Laptop & Accessory,3,Single,5,1,12.0,0.0,1.0,3.0,163.97,3,2,3,8,Hibernating
51913,0,7.0,Mobile,3,8.0,UPI,Male,2.0,3,Laptop & Accessory,1,Single,2,0,22.0,0.0,1.0,4.0,162.74,2,2,3,7,Hibernating
51914,1,18.0,Mobile,1,8.0,Credit Card,Male,3.0,3,Others,5,Married,6,1,,1.0,1.0,4.0,298.59,2,2,5,9,Hibernating
51915,0,9.0,Computer,3,14.0,Debit Card,Male,3.0,4,Fashion,5,Single,2,0,15.0,0.0,1.0,9.0,175.87,1,2,4,7,Hibernating
51916,0,25.0,Computer,1,25.0,Credit Card,Male,2.0,3,Mobile Phone,1,Married,1,0,18.0,1.0,1.0,2.0,142.58,4,1,2,7,Recent Customers
51917,0,0.0,Computer,1,6.0,Debit Card,Female,3.0,5,Mobile Phone,1,Married,4,0,14.0,2.0,2.0,0.0,143.64,5,2,2,9,Recent Customers
51918,0,2.0,Mobile,1,33.0,Credit Card,Female,3.0,3,Laptop & Accessory,3,Married,5,0,12.0,0.0,1.0,1.0,143.35,4,1,2,7,Recent Customers
51919,1,0.0,Mobile,3,14.0,Cash on Delivery,Male,2.0,4,Laptop & Accessory,5,Single,7,0,17.0,0.0,1.0,2.0,153.26,4,1,2,7,Recent Customers
51920,0,7.0,Mobile,1,6.0,Debit Card,Female,3.0,1,Mobile,1,Single,3,0,16.0,1.0,1.0,3.0,132.8,3,1,1,5,Hibernating
51921,0,27.0,Mobile,1,25.0,Credit Card,Female,3.0,3,Laptop & Accessory,5,Married,10,1,11.0,0.0,1.0,4.0,154.85,2,2,3,7,Hibernating
51922,0,0.0,Computer,3,14.0,E wallet,Male,2.0,3,Laptop & Accessory,1,Married,1,0,19.0,1.0,1.0,1.0,143.42,4,1,2,7,Recent Customers
51923,0,10.0,Mobile,1,16.0,Debit Card,Female,,3,Mobile,5,Married,1,1,13.0,4.0,4.0,3.0,127.82,3,4,1,8,Hibernating
51924,0,11.0,Computer,1,8.0,Debit Card,Female,3.0,1,Laptop & Accessory,5,Single,7,1,12.0,0.0,4.0,12.0,159.8,1,4,3,8,Loyal
51925,0,7.0,Mobile,1,8.0,Credit Card,Female,2.0,4,Mobile Phone,5,Single,2,0,11.0,1.0,1.0,3.0,143.81,3,1,2,6,Hibernating
51926,0,8.0,Mobile,3,,Debit Card,Female,3.0,3,Mobile,1,Married,2,0,16.0,1.0,1.0,2.0,125.72,4,1,1,6,Recent Customers
51927,0,3.0,Mobile,1,6.0,Debit Card,Male,2.0,5,Mobile Phone,3,Married,4,0,21.0,1.0,1.0,2.0,138.33,4,1,1,6,Recent Customers
51928,0,13.0,Computer,1,8.0,Credit Card,Female,2.0,1,Laptop & Accessory,4,Married,2,0,24.0,0.0,3.0,7.0,142.44,2,4,2,8,At Risk
51929,0,7.0,Mobile,3,14.0,Debit Card,Female,3.0,3,Laptop & Accessory,5,Married,6,0,17.0,1.0,1.0,2.0,165.0,4,2,3,9,Recent Customers
51930,0,15.0,Computer,1,14.0,Debit Card,Male,3.0,3,Others,1,Married,2,0,13.0,,14.0,9.0,284.3,1,5,5,11,Champions
51931,1,,Mobile,1,12.0,Debit Card,Male,3.0,1,Mobile Phone,5,Married,2,1,21.0,0.0,1.0,0.0,116.01,5,1,1,7,Recent Customers
51932,0,0.0,Computer,1,15.0,Debit Card,Male,,4,Mobile,4,Married,2,0,11.0,0.0,1.0,0.0,126.94,5,1,1,7,Recent Customers
51933,0,25.0,Mobile,1,17.0,Debit Card,Female,,3,Laptop & Accessory,3,Married,9,0,20.0,1.0,1.0,4.0,131.49,2,1,1,4,Hibernating
51934,0,23.0,Mobile,1,8.0,Credit Card,Male,3.0,3,Grocery,3,Married,6,0,16.0,,1.0,3.0,276.39,3,2,5,10,Hibernating
51935,1,0.0,Mobile,1,,Debit Card,Female,2.0,4,Mobile,5,Married,2,1,11.0,0.0,1.0,0.0,123.19,5,1,1,7,Recent Customers
51936,0,6.0,Mobile,1,13.0,Credit Card,Male,2.0,3,Fashion,3,Married,1,0,11.0,1.0,3.0,,216.91000000000005,5,4,5,14,Champions
51937,1,0.0,Mobile,3,22.0,E wallet,Female,3.0,3,Laptop & Accessory,5,Single,6,0,15.0,1.0,1.0,2.0,153.24,4,1,2,7,Recent Customers
51938,0,20.0,Mobile,1,8.0,UPI,Female,2.0,3,Grocery,1,Married,2,1,11.0,,3.0,0.0,267.52,5,4,5,14,Champions
51939,0,9.0,Mobile,1,6.0,UPI,Female,2.0,3,Laptop & Accessory,4,Married,1,0,15.0,1.0,1.0,5.0,152.28,2,1,2,5,Hibernating
51940,0,2.0,Mobile,1,29.0,Debit Card,Male,,1,Mobile,3,Married,2,0,24.0,1.0,1.0,7.0,127.0,2,1,1,4,Hibernating
51941,1,20.0,Mobile,1,8.0,Debit Card,Male,2.0,3,Others,4,Single,8,1,,7.0,13.0,8.0,292.46,2,5,5,12,Champions
51942,0,8.0,Mobile,1,,Debit Card,Female,2.0,1,Mobile,3,Single,4,0,13.0,2.0,2.0,2.0,125.06,4,2,1,7,Recent Customers
51943,0,15.0,Mobile,1,6.0,Debit Card,Female,2.0,4,Laptop & Accessory,1,Married,10,1,13.0,0.0,1.0,2.0,160.62,4,2,3,9,Recent Customers
51944,1,0.0,Mobile,1,8.0,Credit Card,Male,2.0,3,Mobile Phone,3,Single,7,0,17.0,2.0,2.0,1.0,143.82,4,2,2,8,Recent Customers
51945,0,,Mobile,2,19.0,UPI,Male,2.0,3,Mobile,4,Married,5,0,13.0,1.0,1.0,4.0,121.43,2,1,1,4,Hibernating
51946,0,5.0,Mobile,1,10.0,Debit Card,Female,3.0,4,Laptop & Accessory,3,Married,2,0,12.0,5.0,6.0,8.0,161.62,1,5,3,9,Loyal
51947,0,13.0,Computer,1,22.0,Credit Card,Male,2.0,4,Laptop & Accessory,3,Single,7,0,14.0,0.0,1.0,0.0,150.94,5,1,2,8,Recent Customers
51948,0,3.0,Mobile,1,8.0,Credit Card,Female,2.0,4,Laptop & Accessory,1,Single,6,1,24.0,1.0,1.0,0.0,168.77,5,2,3,10,Recent Customers
51949,0,,Mobile,1,8.0,Debit Card,Female,3.0,4,Mobile,3,Single,2,0,14.0,1.0,1.0,0.0,122.74,5,1,1,7,Recent Customers
51950,0,15.0,Mobile,1,35.0,Debit Card,Male,3.0,3,Laptop & Accessory,4,Married,2,0,13.0,5.0,7.0,8.0,144.34,1,5,2,8,At Risk
51951,0,11.0,Computer,1,18.0,Debit Card,Male,0.0,4,Laptop & Accessory,5,Married,3,0,15.0,1.0,1.0,2.0,162.88,4,2,3,9,Recent Customers
51952,0,7.0,Computer,1,,Debit Card,Female,3.0,4,Mobile,1,Single,2,0,16.0,1.0,1.0,3.0,125.53,3,1,1,5,Hibernating
51953,1,12.0,Mobile,3,17.0,E wallet,Female,2.0,3,Fashion,1,Married,2,0,18.0,0.0,7.0,7.0,176.54,2,5,4,11,Champions
51954,1,18.0,Mobile,3,8.0,Credit Card,Male,2.0,3,Laptop & Accessory,1,Single,5,0,16.0,1.0,7.0,3.0,151.6,4,5,2,11,Hibernating
51955,0,16.0,Mobile,1,20.0,Debit Card,Male,3.0,3,Grocery,5,Married,7,0,24.0,,1.0,0.0,271.59,5,2,5,12,Recent Customers
51956,0,0.0,Mobile,1,11.0,Cash on Delivery,Male,2.0,4,Fashion,1,Married,2,1,16.0,1.0,1.0,,228.08,5,2,5,12,Recent Customers
51957,0,8.0,Mobile,1,13.0,UPI,Male,2.0,3,Fashion,3,Single,4,0,21.0,0.0,1.0,6.0,202.21,2,2,4,8,Hibernating
51958,0,1.0,Mobile,3,8.0,E wallet,Female,2.0,3,Laptop & Accessory,4,Married,2,1,20.0,6.0,7.0,5.0,147.79,2,5,2,9,At Risk
51959,0,7.0,Mobile,2,9.0,UPI,Male,2.0,3,Mobile Phone,1,Married,1,0,19.0,1.0,1.0,2.0,137.37,4,1,1,6,Recent Customers
51960,1,0.0,Computer,1,,Credit Card,Female,2.0,4,Mobile,3,Married,2,1,14.0,0.0,1.0,7.0,123.66,2,1,1,4,Hibernating
51961,0,,Computer,1,9.0,Credit Card,Male,2.0,3,Mobile Phone,1,Married,2,0,11.0,0.0,1.0,0.0,117.06,5,1,1,7,Recent Customers
51962,0,24.0,Mobile,3,32.0,E wallet,Female,3.0,3,Grocery,3,Married,3,0,14.0,,4.0,17.0,263.07,1,4,5,10,Champions
51963,0,17.0,Mobile,1,10.0,Credit Card,Male,2.0,3,Laptop & Accessory,4,Single,10,0,12.0,1.0,2.0,3.0,159.33,3,3,3,9,Loyal
51964,0,0.0,Mobile,1,8.0,Credit Card,Male,3.0,1,Mobile,5,Single,8,0,13.0,0.0,1.0,1.0,134.24,4,1,1,6,Recent Customers
51965,0,6.0,Mobile,3,6.0,Credit Card,Male,2.0,1,Laptop & Accessory,5,Married,2,0,22.0,0.0,1.0,8.0,140.37,1,1,1,3,Hibernating
51966,0,8.0,Mobile,1,,Credit Card,Female,2.0,4,Mobile,5,Single,2,0,11.0,0.0,1.0,1.0,125.59,4,1,1,6,Recent Customers
51967,0,9.0,Mobile,3,6.0,Debit Card,Male,2.0,3,Laptop & Accessory,1,Married,2,1,14.0,3.0,4.0,11.0,162.01,1,4,3,8,Loyal
51968,0,5.0,Mobile,3,19.0,Debit Card,Male,3.0,3,Laptop & Accessory,1,Married,3,0,11.0,0.0,1.0,3.0,144.03,3,1,2,6,Hibernating
51969,0,3.0,Computer,1,11.0,Debit Card,Male,3.0,4,Mobile Phone,1,Married,10,0,12.0,0.0,1.0,3.0,137.61,3,1,1,5,Hibernating
51970,0,26.0,Mobile,3,13.0,E wallet,Female,3.0,4,Fashion,1,Married,8,1,18.0,0.0,1.0,,209.34,5,2,5,12,Recent Customers
51971,0,18.0,Mobile,3,15.0,E wallet,Male,3.0,3,Fashion,5,Married,5,1,12.0,0.0,1.0,2.0,207.61,4,2,4,10,Recent Customers
51972,0,5.0,Mobile,1,14.0,Credit Card,Female,3.0,1,Laptop & Accessory,3,Married,6,0,12.0,1.0,1.0,3.0,151.75,3,1,2,6,Hibernating
51973,0,25.0,Computer,1,31.0,Credit Card,Female,2.0,4,Grocery,1,Married,4,0,22.0,0.0,,0.0,238.26,5,5,5,15,Champions
51974,0,10.0,Mobile,3,22.0,E wallet,Male,3.0,4,Laptop & Accessory,3,Married,5,0,19.0,1.0,1.0,0.0,163.34,5,2,3,10,Recent Customers
51975,0,1.0,Mobile,2,14.0,Credit Card,Male,3.0,4,Mobile Phone,1,Married,2,0,13.0,1.0,1.0,4.0,149.36,2,1,2,5,Hibernating
51976,0,0.0,Mobile,1,6.0,Debit Card,Male,2.0,4,Laptop & Accessory,1,Married,7,0,22.0,2.0,2.0,2.0,147.75,4,2,2,8,Recent Customers
51977,0,17.0,Mobile,1,14.0,Debit Card,Male,,1,Mobile,1,Married,3,1,24.0,1.0,1.0,2.0,128.18,4,1,1,6,Recent Customers
51978,0,15.0,Computer,1,,Credit Card,Male,2.0,3,Mobile,1,Single,6,1,14.0,1.0,2.0,2.0,125.15,4,2,1,7,Recent Customers
51979,0,9.0,Mobile,2,,Debit Card,Male,3.0,4,Mobile,5,Married,1,0,21.0,0.0,1.0,3.0,123.42,3,1,1,5,Hibernating
51980,0,0.0,Mobile,3,9.0,UPI,Male,3.0,3,Laptop & Accessory,5,Married,2,1,18.0,0.0,1.0,3.0,141.94,3,1,2,6,Hibernating
51981,0,8.0,Mobile,1,15.0,Debit Card,Female,3.0,4,Fashion,3,Married,2,1,20.0,3.0,5.0,15.0,206.85,1,4,4,9,Champions
51982,1,,Computer,1,31.0,Debit Card,Female,3.0,3,Mobile,4,Married,2,1,19.0,6.0,7.0,8.0,120.22,1,5,1,7,At Risk
51983,0,5.0,Computer,1,6.0,Debit Card,Male,3.0,3,Mobile,1,Married,1,0,12.0,1.0,1.0,2.0,123.14,4,1,1,6,Recent Customers
51984,0,0.0,Mobile,3,10.0,E wallet,Male,2.0,4,Laptop & Accessory,5,Married,2,0,12.0,1.0,1.0,3.0,142.56,3,1,2,6,Hibernating
51985,0,22.0,Mobile,1,6.0,Cash on Delivery,Female,2.0,3,Mobile Phone,5,Married,3,0,16.0,0.0,1.0,2.0,135.8,4,1,1,6,Recent Customers
51986,0,0.0,Computer,1,10.0,Debit Card,Male,2.0,4,Mobile,1,Married,1,0,17.0,0.0,3.0,4.0,131.62,3,4,1,8,Hibernating
51987,0,5.0,Computer,3,11.0,Debit Card,Male,2.0,3,Laptop & Accessory,4,Married,2,0,14.0,2.0,5.0,3.0,165.24,3,4,3,10,Loyal
51988,0,11.0,Mobile,3,15.0,E wallet,Male,,4,Mobile,4,Married,1,0,19.0,0.0,1.0,2.0,128.99,4,1,1,6,Recent Customers
51989,0,15.0,Mobile,1,9.0,Debit Card,Female,3.0,1,Laptop & Accessory,1,Married,3,1,13.0,1.0,1.0,3.0,152.31,3,1,2,6,Hibernating
51990,0,4.0,Mobile,1,,Debit Card,Male,2.0,3,Mobile,1,Married,4,1,19.0,0.0,1.0,2.0,123.56,4,1,1,6,Recent Customers
51991,1,0.0,Mobile,3,6.0,Credit Card,Female,,4,Mobile,3,Married,7,1,19.0,1.0,1.0,2.0,128.0,4,1,1,6,Recent Customers
51992,0,26.0,Mobile,3,14.0,E wallet,Male,3.0,3,Grocery,1,Married,6,0,14.0,2.0,2.0,,218.36,5,4,5,14,Champions
51993,0,8.0,Mobile,1,31.0,Cash on Delivery,Male,3.0,4,Fashion,4,Married,4,0,16.0,2.0,4.0,8.0,209.03,1,4,5,10,Champions
51994,0,10.0,Computer,3,27.0,Credit Card,Female,,3,Mobile,1,Married,6,0,15.0,1.0,1.0,0.0,129.73,5,1,1,7,Recent Customers
51995,0,26.0,Mobile,1,29.0,Debit Card,Female,3.0,3,Grocery,1,Single,7,0,18.0,3.0,,8.0,242.75,2,5,5,12,Champions
51996,0,16.0,Computer,1,6.0,Debit Card,Female,2.0,3,Laptop & Accessory,1,Married,5,0,13.0,1.0,2.0,2.0,155.62,4,3,3,10,Loyal
51997,0,20.0,Mobile,3,8.0,E wallet,Female,2.0,3,Laptop & Accessory,1,Married,1,1,22.0,3.0,7.0,7.0,145.37,2,5,2,9,At Risk
51998,0,10.0,Computer,3,25.0,Credit Card,Male,2.0,3,Fashion,4,Single,2,1,13.0,0.0,1.0,9.0,176.42,1,2,4,7,Hibernating
51999,0,23.0,Computer,1,8.0,Debit Card,Male,3.0,3,Grocery,5,Married,2,0,11.0,,14.0,7.0,279.24,2,5,5,12,Champions
52000,0,12.0,Mobile,2,8.0,Debit Card,Female,2.0,4,Laptop & Accessory,1,Married,9,0,11.0,1.0,1.0,4.0,152.04,2,1,2,5,Hibernating
52001,0,,Mobile,2,9.0,UPI,Male,2.0,3,Mobile,4,Married,4,1,11.0,0.0,1.0,3.0,122.77,3,1,1,5,Hibernating
52002,1,0.0,Mobile,1,31.0,Debit Card,Male,,3,Mobile,1,Single,2,1,24.0,0.0,1.0,1.0,127.95,4,1,1,6,Recent Customers
52003,0,2.0,Mobile,1,,Credit Card,Female,3.0,4,Mobile,1,Married,7,0,14.0,1.0,1.0,3.0,125.32,3,1,1,5,Hibernating
52004,0,17.0,Mobile,1,,Debit Card,Male,3.0,3,Mobile,5,Married,2,1,13.0,5.0,7.0,1.0,125.59,5,5,1,11,Hibernating
52005,0,1.0,Mobile,3,11.0,Credit Card,Male,3.0,3,Laptop & Accessory,1,Single,2,0,14.0,0.0,1.0,2.0,149.08,4,1,2,7,Recent Customers
52006,1,20.0,Computer,1,,Debit Card,Male,2.0,4,Mobile,1,Married,10,1,14.0,1.0,1.0,0.0,123.8,5,1,1,7,Recent Customers
52007,0,16.0,Mobile,1,14.0,Debit Card,Female,2.0,3,Laptop & Accessory,4,Married,5,0,21.0,1.0,1.0,0.0,147.65,5,1,2,8,Recent Customers
52008,1,,Mobile,3,8.0,Credit Card,Female,2.0,4,Mobile,3,Single,2,0,13.0,1.0,1.0,2.0,120.44,4,1,1,6,Recent Customers
52009,1,0.0,Mobile,1,24.0,UPI,Female,,3,Mobile,1,Single,2,0,19.0,1.0,1.0,0.0,126.93,5,1,1,7,Recent Customers
52010,0,9.0,Mobile,1,20.0,Debit Card,Male,3.0,3,Laptop & Accessory,1,Married,1,1,17.0,2.0,4.0,11.0,165.86,1,4,3,8,Loyal
52011,0,20.0,Mobile,3,8.0,Debit Card,Female,3.0,4,Mobile,1,Single,2,1,18.0,0.0,1.0,2.0,132.94,4,1,1,6,Recent Customers
52012,1,0.0,Mobile,1,9.0,Debit Card,Female,2.0,3,Laptop & Accessory,3,Married,1,1,19.0,1.0,1.0,2.0,141.71,4,1,2,7,Recent Customers
52013,1,4.0,Mobile,1,8.0,Debit Card,Female,,5,Mobile,1,Married,5,1,13.0,0.0,1.0,0.0,127.78,5,1,1,7,Recent Customers
52014,0,1.0,Mobile,1,,Credit Card,Female,3.0,3,Mobile,3,Married,6,0,18.0,0.0,2.0,2.0,123.77,4,2,1,7,Recent Customers
52015,1,2.0,Mobile,1,,Credit Card,Male,3.0,3,Mobile,5,Married,8,1,21.0,1.0,2.0,2.0,124.04,4,2,1,7,Recent Customers
52016,0,0.0,Mobile,1,,Debit Card,Female,3.0,3,Mobile,3,Single,2,0,19.0,0.0,1.0,0.0,123.18,5,1,1,7,Recent Customers
52017,0,,Mobile,1,16.0,Debit Card,Male,2.0,3,Mobile,4,Married,2,0,14.0,1.0,1.0,0.0,120.08,5,1,1,7,Recent Customers
52018,0,15.0,Mobile,3,20.0,Credit Card,Female,3.0,4,Laptop & Accessory,3,Single,8,0,17.0,1.0,1.0,3.0,162.44,3,2,3,8,Hibernating
52019,0,6.0,Mobile,1,6.0,UPI,Male,,4,Mobile,5,Single,4,1,11.0,1.0,1.0,2.0,127.99,4,1,1,6,Recent Customers
52020,0,30.0,Mobile,1,11.0,Cash on Delivery,Female,2.0,4,Fashion,4,Married,3,1,13.0,1.0,1.0,4.0,205.52,2,2,4,8,Hibernating
52021,0,4.0,Mobile,3,,Debit Card,Male,2.0,4,Mobile,3,Married,4,0,15.0,2.0,5.0,2.0,123.29,4,4,1,9,Hibernating
52022,0,8.0,Mobile,1,27.0,Debit Card,Female,2.0,3,Laptop & Accessory,1,Married,2,1,25.0,0.0,1.0,7.0,140.14,2,1,1,4,Hibernating
52023,0,22.0,Mobile,1,14.0,UPI,Female,2.0,3,Fashion,4,Married,5,0,11.0,0.0,1.0,7.0,174.03,2,2,4,8,Hibernating
52024,0,,Mobile,1,26.0,Credit Card,Male,2.0,3,Mobile,3,Married,5,0,17.0,1.0,1.0,0.0,122.59,5,1,1,7,Recent Customers
52025,0,4.0,Computer,3,26.0,E wallet,Female,2.0,3,Laptop & Accessory,3,Married,2,0,13.0,1.0,1.0,0.0,169.32,5,2,3,10,Recent Customers
52026,0,9.0,Mobile,1,13.0,UPI,Male,3.0,3,Mobile Phone,1,Single,3,0,18.0,1.0,1.0,1.0,146.78,4,1,2,7,Recent Customers
52027,0,11.0,Mobile,1,6.0,Cash on Delivery,Female,3.0,3,Fashion,5,Married,2,0,13.0,4.0,,11.0,235.82,1,5,5,11,Champions
52028,0,5.0,Computer,1,,Debit Card,Female,3.0,4,Mobile,4,Married,7,0,20.0,0.0,1.0,2.0,123.32,4,1,1,6,Recent Customers
52029,1,0.0,Mobile,3,,E wallet,Male,2.0,4,Mobile,4,Married,2,1,18.0,0.0,1.0,0.0,124.13,5,1,1,7,Recent Customers
52030,0,13.0,Mobile,3,16.0,E wallet,Male,3.0,4,Fashion,4,Married,3,0,12.0,0.0,1.0,0.0,197.05,5,2,4,11,Recent Customers
52031,0,0.0,Computer,3,6.0,Credit Card,Male,2.0,4,Laptop & Accessory,5,Single,2,0,12.0,0.0,1.0,7.0,142.94,2,1,2,5,Hibernating
52032,0,14.0,Mobile,1,12.0,Credit Card,Male,2.0,3,Mobile Phone,5,Single,3,1,13.0,1.0,2.0,17.0,147.21,1,2,2,5,Hibernating
52033,0,9.0,Mobile,1,,Credit Card,Male,3.0,3,Mobile,3,Single,5,0,21.0,1.0,3.0,9.0,125.19,1,4,1,6,At Risk
52034,1,,Mobile,3,27.0,UPI,Male,2.0,4,Mobile,4,Single,2,1,13.0,1.0,1.0,0.0,121.21,5,1,1,7,Recent Customers
52035,1,0.0,Mobile,1,10.0,Cash on Delivery,Male,,3,Mobile,5,Single,2,0,19.0,1.0,1.0,0.0,129.73,5,1,1,7,Recent Customers
52036,0,4.0,Mobile,1,18.0,Credit Card,Female,2.0,3,Laptop & Accessory,1,Married,1,1,11.0,6.0,8.0,5.0,158.55,2,5,3,10,Loyal
52037,0,13.0,Computer,1,15.0,Credit Card,Male,2.0,3,Mobile Phone,4,Married,9,1,14.0,0.0,1.0,0.0,136.17,5,1,1,7,Recent Customers
52038,0,5.0,Mobile,1,9.0,Credit Card,Female,3.0,3,Laptop & Accessory,5,Married,2,0,12.0,1.0,6.0,3.0,167.25,4,5,3,12,Loyal
52039,1,0.0,Mobile,3,9.0,Debit Card,Male,2.0,4,Fashion,1,Married,2,1,11.0,3.0,3.0,7.0,203.25,2,4,4,10,Champions
52040,0,6.0,Mobile,1,6.0,Debit Card,Female,2.0,4,Laptop & Accessory,1,Single,1,0,14.0,1.0,1.0,4.0,169.49,2,2,3,7,Hibernating
52041,1,0.0,Mobile,3,6.0,Debit Card,Male,2.0,4,Fashion,3,Married,6,0,11.0,5.0,11.0,46.0,206.09,1,5,4,10,Champions
52042,0,18.0,Computer,1,10.0,Debit Card,Male,2.0,3,Laptop & Accessory,4,Married,2,0,12.0,1.0,1.0,8.0,144.47,1,1,2,4,Hibernating
52043,0,,Computer,3,26.0,Cash on Delivery,Female,2.0,3,Mobile,1,Married,2,0,15.0,0.0,1.0,2.0,121.57,4,1,1,6,Recent Customers
52044,0,8.0,Mobile,3,24.0,Credit Card,Female,2.0,3,Laptop & Accessory,3,Married,2,0,16.0,1.0,1.0,0.0,146.01,5,1,2,8,Recent Customers
52045,0,25.0,Mobile,1,6.0,Debit Card,Male,3.0,3,Grocery,1,Married,3,0,15.0,,7.0,8.0,270.99,2,5,5,12,Champions
52046,1,20.0,Mobile,1,,Cash on Delivery,Male,2.0,3,Mobile,3,Single,5,0,24.0,0.0,1.0,0.0,124.79,5,1,1,7,Recent Customers
52047,0,26.0,Mobile,3,8.0,Credit Card,Male,2.0,3,Grocery,3,Married,7,0,13.0,11.0,,2.0,248.52,4,5,5,14,Champions
52048,0,3.0,Mobile,3,14.0,UPI,Male,3.0,3,Fashion,3,Married,6,0,11.0,2.0,7.0,7.0,172.64,2,5,3,10,Loyal
52049,0,11.0,Computer,3,16.0,Cash on Delivery,Female,2.0,3,Laptop & Accessory,1,Single,2,1,13.0,1.0,1.0,3.0,156.66,3,2,3,8,Hibernating
52050,0,8.0,Mobile,3,9.0,Debit Card,Male,3.0,3,Fashion,1,Married,7,0,13.0,0.0,1.0,8.0,178.23,1,2,4,7,Hibernating
52051,0,12.0,Mobile,3,8.0,Debit Card,Male,2.0,1,Fashion,3,Single,1,0,18.0,0.0,1.0,7.0,178.8,2,2,4,8,Hibernating
52052,1,3.0,Computer,3,30.0,Debit Card,Female,3.0,1,Grocery,4,Single,5,1,16.0,1.0,,0.0,231.94,5,5,5,15,Champions
52053,0,20.0,Computer,1,22.0,Credit Card,Male,3.0,1,Laptop & Accessory,3,Married,2,1,19.0,1.0,2.0,7.0,150.67,2,3,2,7,At Risk
52054,0,9.0,Computer,3,14.0,Cash on Delivery,Male,2.0,3,Laptop & Accessory,1,Married,5,0,13.0,1.0,1.0,7.0,150.79,2,1,2,5,Hibernating
52055,1,0.0,Computer,1,,Credit Card,Male,2.0,4,Mobile,5,Single,1,1,22.0,0.0,1.0,2.0,123.21,4,1,1,6,Recent Customers
52056,0,6.0,Computer,3,23.0,Debit Card,Male,2.0,3,Grocery,3,Single,2,0,11.0,,6.0,0.0,274.44,5,5,5,15,Champions
52057,1,0.0,Mobile,1,,Debit Card,Female,3.0,4,Mobile,5,Single,7,1,20.0,1.0,1.0,0.0,124.04,5,1,1,7,Recent Customers
52058,0,6.0,Mobile,1,19.0,Debit Card,Female,2.0,3,Mobile,1,Single,4,0,18.0,1.0,1.0,2.0,134.52,4,1,1,6,Recent Customers
52059,0,,Mobile,1,6.0,Credit Card,Female,3.0,3,Mobile,1,Married,4,0,14.0,1.0,1.0,2.0,122.7,4,1,1,6,Recent Customers
52060,0,23.0,Mobile,1,6.0,Credit Card,Male,3.0,3,Grocery,1,Married,10,0,22.0,,1.0,3.0,273.99,3,2,5,10,Hibernating
52061,0,6.0,Computer,1,6.0,UPI,Female,2.0,1,Laptop & Accessory,4,Married,2,1,13.0,1.0,1.0,2.0,154.88,4,2,3,9,Recent Customers
52062,0,14.0,Computer,1,15.0,Credit Card,Male,3.0,3,Others,3,Married,3,0,,0.0,1.0,11.0,294.19,1,2,5,8,Hibernating
52063,0,0.0,Mobile,1,22.0,Cash on Delivery,Female,,3,Mobile,4,Married,10,0,14.0,2.0,2.0,2.0,128.11,4,2,1,7,Recent Customers
52064,0,18.0,Computer,1,29.0,Debit Card,Male,2.0,3,Laptop & Accessory,5,Married,2,1,15.0,1.0,1.0,8.0,136.33,1,1,1,3,Hibernating
52065,0,20.0,Mobile,3,10.0,Debit Card,Female,2.0,3,Laptop & Accessory,1,Single,2,1,17.0,1.0,1.0,7.0,141.63,2,1,2,5,Hibernating
52066,1,,Mobile,1,28.0,Debit Card,Female,2.0,3,Mobile,3,Married,5,1,11.0,0.0,1.0,1.0,121.32,4,1,1,6,Recent Customers
52067,0,23.0,Mobile,1,30.0,Debit Card,Male,3.0,3,Grocery,3,Married,4,1,18.0,1.0,,5.0,239.73,2,5,5,12,Champions
52068,0,11.0,Computer,1,16.0,Credit Card,Male,,3,Mobile,3,Married,1,0,17.0,0.0,1.0,2.0,126.84,4,1,1,6,Recent Customers
52069,0,19.0,Mobile,1,13.0,Credit Card,Male,3.0,3,Fashion,3,Married,7,0,13.0,1.0,1.0,7.0,208.45,2,2,4,8,Hibernating
52070,0,0.0,Mobile,1,23.0,Credit Card,Female,2.0,4,Laptop & Accessory,3,Married,2,0,15.0,0.0,3.0,2.0,143.77,4,4,2,10,Hibernating
52071,1,0.0,Mobile,1,20.0,UPI,Male,2.0,4,Mobile Phone,4,Married,2,1,24.0,1.0,1.0,2.0,137.43,4,1,1,6,Recent Customers
52072,0,4.0,Computer,1,6.0,Debit Card,Female,3.0,3,Laptop & Accessory,5,Married,2,0,12.0,1.0,1.0,3.0,141.48,3,1,2,6,Hibernating
52073,0,0.0,Computer,1,11.0,Debit Card,Male,3.0,3,Mobile Phone,1,Single,2,0,15.0,0.0,1.0,0.0,110.51,5,1,1,7,Recent Customers
52074,0,27.0,Mobile,1,23.0,Cash on Delivery,Female,2.0,3,Fashion,3,Married,9,0,11.0,0.0,1.0,8.0,207.39,1,2,4,7,Hibernating
52075,0,8.0,Mobile,1,31.0,Credit Card,Female,2.0,3,Fashion,3,Married,2,1,11.0,0.0,10.0,1.0,203.88,5,5,4,14,Champions
52076,0,3.0,Mobile,1,14.0,Debit Card,Female,3.0,1,Fashion,5,Married,1,1,12.0,0.0,1.0,,214.16000000000005,5,2,5,12,Recent Customers
52077,1,0.0,Mobile,1,,Credit Card,Female,3.0,4,Mobile,5,Single,2,1,15.0,1.0,1.0,0.0,126.0,5,1,1,7,Recent Customers
52078,1,0.0,Computer,1,,Credit Card,Female,2.0,3,Mobile,4,Single,1,0,17.0,0.0,1.0,2.0,124.22,4,1,1,6,Recent Customers
52079,0,0.0,Mobile,1,8.0,Credit Card,Male,2.0,1,Laptop & Accessory,1,Married,2,0,12.0,1.0,1.0,3.0,154.72,3,2,3,8,Hibernating
52080,0,0.0,Mobile,1,,Debit Card,Male,3.0,5,Mobile,5,Married,2,0,15.0,0.0,1.0,1.0,124.51,4,1,1,6,Recent Customers
52081,0,21.0,Mobile,1,12.0,Debit Card,Male,3.0,4,Laptop & Accessory,3,Single,3,0,13.0,0.0,2.0,2.0,142.4,4,2,2,8,Recent Customers
52082,0,21.0,Mobile,1,10.0,Debit Card,Male,3.0,4,Fashion,3,Single,8,0,14.0,1.0,4.0,,209.99,5,4,5,14,Champions
52083,0,14.0,Mobile,1,13.0,Credit Card,Female,2.0,3,Laptop & Accessory,3,Single,7,0,14.0,2.0,2.0,1.0,150.03,4,3,2,9,Hibernating
52084,0,12.0,Mobile,1,6.0,Debit Card,Female,3.0,4,Grocery,1,Married,2,0,16.0,9.0,11.0,,227.42,5,5,5,15,Champions
52085,0,0.0,Mobile,1,8.0,Debit Card,Female,2.0,3,Laptop & Accessory,1,Married,1,0,18.0,2.0,2.0,2.0,142.27,4,2,2,8,Recent Customers
52086,0,8.0,Mobile,1,16.0,UPI,Male,2.0,3,Mobile Phone,1,Married,2,0,20.0,0.0,1.0,2.0,139.17,4,1,1,6,Recent Customers
52087,0,0.0,Mobile,3,11.0,E wallet,Male,2.0,3,Others,3,Married,7,0,13.0,,1.0,0.0,283.03,5,2,5,12,Recent Customers
52088,0,23.0,Mobile,1,,Debit Card,Male,3.0,3,Mobile,1,Married,5,0,18.0,1.0,1.0,0.0,123.8,5,1,1,7,Recent Customers
52089,0,30.0,Mobile,1,8.0,Debit Card,Female,3.0,4,Grocery,1,Single,4,1,13.0,4.0,,3.0,237.26,4,5,5,14,Champions
52090,1,0.0,Mobile,1,17.0,Credit Card,Female,3.0,5,Laptop & Accessory,4,Married,6,0,15.0,1.0,1.0,0.0,147.77,5,1,2,8,Recent Customers
52091,0,28.0,Computer,1,24.0,Credit Card,Male,3.0,3,Laptop & Accessory,4,Married,4,1,14.0,2.0,6.0,7.0,163.85,2,5,3,10,Loyal
52092,0,14.0,Computer,1,13.0,Debit Card,Female,2.0,5,Others,3,Married,2,0,,5.0,5.0,10.0,299.73,1,5,5,11,Champions
52093,0,11.0,Mobile,3,9.0,Debit Card,Male,2.0,3,Laptop & Accessory,1,Single,9,1,12.0,1.0,1.0,0.0,168.61,5,2,3,10,Recent Customers
52094,1,0.0,Computer,3,35.0,Credit Card,Male,3.0,5,Laptop & Accessory,5,Single,9,0,18.0,1.0,2.0,2.0,149.69,4,3,2,9,Hibernating
52095,1,15.0,Mobile,3,8.0,E wallet,Female,2.0,5,Others,1,Married,2,0,,3.0,6.0,9.0,298.45,1,5,5,11,Champions
52096,0,17.0,Mobile,3,34.0,Credit Card,Female,2.0,1,Grocery,1,Married,4,1,18.0,4.0,,11.0,233.2,1,5,5,11,Champions
52097,0,23.0,Computer,3,6.0,Debit Card,Female,3.0,3,Laptop & Accessory,3,Married,1,0,12.0,0.0,1.0,13.0,163.47,1,2,3,6,Hibernating
52098,1,0.0,Mobile,1,22.0,Debit Card,Female,,1,Mobile,5,Single,2,0,16.0,3.0,15.0,14.0,127.43,1,5,1,7,At Risk
52099,0,12.0,Computer,1,28.0,Credit Card,Female,2.0,3,Fashion,5,Single,2,1,13.0,1.0,2.0,8.0,208.8,1,4,4,9,Champions
52100,0,6.0,Computer,3,,Debit Card,Female,2.0,4,Mobile,1,Single,1,0,19.0,0.0,2.0,2.0,123.42,4,2,1,7,Recent Customers
52101,0,18.0,Mobile,3,17.0,Debit Card,Female,2.0,3,Grocery,1,Married,4,0,13.0,,1.0,1.0,276.5,4,2,5,11,Recent Customers
52102,0,5.0,Computer,1,35.0,Credit Card,Female,3.0,3,Mobile Phone,3,Single,10,0,12.0,6.0,7.0,7.0,140.25,2,5,1,8,At Risk
52103,0,7.0,Mobile,3,6.0,E wallet,Male,3.0,1,Laptop & Accessory,1,Married,1,0,11.0,0.0,1.0,9.0,197.25,1,2,4,7,Hibernating
52104,0,30.0,Mobile,3,6.0,Cash on Delivery,Male,3.0,3,Fashion,1,Married,4,1,14.0,1.0,1.0,,219.04,5,2,5,12,Recent Customers
52105,0,,Mobile,2,30.0,Credit Card,Male,2.0,3,Mobile,4,Single,2,0,16.0,0.0,1.0,4.0,121.77,2,1,1,4,Hibernating
52106,0,26.0,Computer,3,8.0,E wallet,Female,2.0,4,Fashion,4,Married,3,0,12.0,5.0,6.0,12.0,175.25,1,5,4,10,Champions
52107,1,0.0,Mobile,1,21.0,UPI,Male,2.0,3,Laptop & Accessory,3,Married,8,0,14.0,0.0,1.0,0.0,148.34,5,1,2,8,Recent Customers
52108,1,,Computer,1,8.0,Debit Card,Male,2.0,3,Mobile,5,Married,7,1,14.0,0.0,1.0,2.0,120.42,4,1,1,6,Recent Customers
52109,0,,Mobile,3,16.0,Debit Card,Female,2.0,3,Mobile,3,Married,2,1,19.0,0.0,1.0,0.0,122.2,5,1,1,7,Recent Customers
52110,0,1.0,Mobile,3,16.0,Credit Card,Male,3.0,3,Mobile Phone,4,Married,2,0,22.0,0.0,1.0,0.0,110.52,5,1,1,7,Recent Customers
52111,0,11.0,Computer,1,9.0,UPI,Male,,3,Mobile,3,Married,4,0,16.0,2.0,2.0,2.0,128.21,4,2,1,7,Recent Customers
52112,0,23.0,Mobile,1,8.0,Credit Card,Male,3.0,3,Others,3,Married,3,1,,4.0,7.0,7.0,292.37,2,5,5,12,Champions
52113,0,10.0,Mobile,1,9.0,UPI,Female,2.0,3,Laptop & Accessory,4,Single,4,0,15.0,1.0,1.0,1.0,141.07,4,1,2,7,Recent Customers
52114,0,13.0,Mobile,3,32.0,E wallet,Male,3.0,3,Laptop & Accessory,5,Married,2,0,14.0,3.0,7.0,5.0,183.96,2,5,4,11,Champions
52115,0,,Computer,1,6.0,Credit Card,Female,3.0,4,Mobile,3,Married,2,0,13.0,0.0,1.0,3.0,120.07,3,1,1,5,Hibernating
52116,0,19.0,Mobile,1,6.0,Credit Card,Male,2.0,3,Others,1,Married,10,0,,1.0,2.0,2.0,296.27,4,4,5,13,Champions
52117,0,27.0,Mobile,3,8.0,Debit Card,Female,2.0,4,Fashion,3,Married,7,0,11.0,6.0,7.0,0.0,206.86,5,5,4,14,Champions
52118,0,29.0,Computer,1,15.0,Credit Card,Female,,3,Mobile,3,Married,3,0,19.0,1.0,1.0,3.0,129.42,3,1,1,5,Hibernating
52119,0,9.0,Mobile,1,18.0,Credit Card,Female,2.0,4,Fashion,1,Single,1,0,11.0,5.0,7.0,8.0,188.58,2,5,4,11,Champions
52120,0,28.0,Computer,1,8.0,Credit Card,Male,2.0,4,Grocery,5,Single,8,0,15.0,,6.0,2.0,267.56,4,5,5,14,Champions
52121,0,16.0,Mobile,3,31.0,Credit Card,Male,3.0,4,Fashion,1,Married,6,0,13.0,1.0,1.0,0.0,207.98,5,2,4,11,Recent Customers
52122,1,0.0,Computer,3,,E wallet,Female,2.0,3,Mobile,1,Single,2,1,14.0,1.0,1.0,2.0,123.23,4,1,1,6,Recent Customers
52123,1,,Mobile,1,16.0,Debit Card,Female,2.0,4,Mobile Phone,5,Single,2,0,13.0,0.0,1.0,0.0,114.16,5,1,1,7,Recent Customers
52124,0,19.0,Mobile,1,14.0,Debit Card,Female,3.0,4,Laptop & Accessory,5,Married,9,1,23.0,1.0,1.0,7.0,146.15,2,1,2,5,Hibernating
52125,1,14.0,Mobile,1,,Debit Card,Male,2.0,3,Mobile,3,Married,10,1,12.0,0.0,2.0,7.0,124.61,2,2,1,5,Hibernating
52126,1,0.0,Computer,1,30.0,Cash on Delivery,Male,3.0,4,Fashion,5,Single,2,0,12.0,1.0,1.0,9.0,187.22,1,2,4,7,Hibernating
52127,0,0.0,Mobile,1,6.0,Credit Card,Male,2.0,4,Mobile Phone,5,Married,2,0,16.0,1.0,1.0,3.0,139.55,3,1,1,5,Hibernating
52128,0,3.0,Mobile,1,26.0,UPI,Male,2.0,3,Laptop & Accessory,5,Married,1,0,15.0,0.0,1.0,2.0,199.57,4,2,4,10,Recent Customers
52129,0,14.0,Mobile,1,13.0,Cash on Delivery,Female,2.0,1,Mobile,3,Married,2,0,13.0,0.0,1.0,8.0,133.76,1,1,1,3,Hibernating
52130,0,11.0,Mobile,1,23.0,Debit Card,Female,3.0,4,Fashion,3,Married,1,0,18.0,1.0,1.0,9.0,188.23,1,2,4,7,Hibernating
52131,0,13.0,Mobile,1,26.0,Cash on Delivery,Male,3.0,3,Fashion,1,Married,5,0,20.0,3.0,11.0,1.0,203.22,5,5,4,14,Champions
52132,0,0.0,Computer,1,14.0,Debit Card,Male,2.0,5,Mobile Phone,3,Married,2,0,19.0,1.0,1.0,2.0,146.21,4,1,2,7,Recent Customers
52133,0,28.0,Computer,1,8.0,Debit Card,Male,3.0,3,Fashion,4,Married,4,0,18.0,0.0,1.0,,209.76,5,2,5,12,Recent Customers
52134,0,1.0,Mobile,1,16.0,UPI,Female,2.0,3,Laptop & Accessory,3,Single,4,0,13.0,0.0,1.0,7.0,136.6,2,1,1,4,Hibernating
52135,1,7.0,Mobile,2,6.0,Credit Card,Male,3.0,4,Fashion,5,Married,10,0,14.0,2.0,3.0,6.0,204.82,2,4,4,10,Champions
52136,0,6.0,Mobile,1,11.0,Debit Card,Male,2.0,4,Fashion,1,Married,5,0,15.0,1.0,1.0,2.0,171.19,4,2,3,9,Recent Customers
52137,1,0.0,Mobile,3,10.0,Cash on Delivery,Male,2.0,3,Fashion,5,Single,1,1,22.0,2.0,4.0,7.0,195.82,2,4,4,10,Champions
52138,1,0.0,Computer,1,35.0,Credit Card,Female,2.0,4,Laptop & Accessory,3,Single,2,0,22.0,2.0,3.0,8.0,145.08,1,4,2,7,At Risk
52139,0,,Mobile,1,21.0,Debit Card,Male,2.0,3,Mobile,3,Married,2,0,16.0,0.0,2.0,2.0,122.07,4,2,1,7,Recent Customers
52140,0,7.0,Computer,1,9.0,Debit Card,Male,2.0,3,Laptop & Accessory,1,Single,1,0,17.0,1.0,1.0,4.0,177.56,2,2,4,8,Hibernating
52141,0,10.0,Mobile,3,16.0,Debit Card,Female,2.0,4,Laptop & Accessory,1,Married,3,1,14.0,1.0,1.0,0.0,166.94,5,2,3,10,Recent Customers
52142,1,0.0,Mobile,1,10.0,Cash on Delivery,Male,2.0,3,Mobile Phone,1,Married,2,1,15.0,4.0,5.0,6.0,136.91,2,4,1,7,At Risk
52143,1,0.0,Mobile,1,,Credit Card,Male,2.0,3,Mobile,3,Married,2,0,20.0,1.0,1.0,0.0,123.77,5,1,1,7,Recent Customers
52144,1,0.0,Mobile,1,31.0,Credit Card,Male,2.0,4,Mobile,4,Single,5,1,20.0,1.0,2.0,2.0,123.13,4,2,1,7,Recent Customers
52145,0,15.0,Mobile,1,8.0,Credit Card,Male,2.0,3,Grocery,5,Married,1,0,17.0,,13.0,7.0,276.65,2,5,5,12,Champions
52146,1,0.0,Computer,1,,Credit Card,Male,2.0,4,Mobile,4,Married,2,0,15.0,1.0,1.0,0.0,125.96,5,1,1,7,Recent Customers
52147,1,13.0,Computer,3,6.0,UPI,Male,2.0,3,Laptop & Accessory,3,Single,4,1,14.0,1.0,1.0,0.0,147.28,5,1,2,8,Recent Customers
52148,0,6.0,Computer,3,13.0,Debit Card,Female,1.0,3,Laptop & Accessory,4,Married,1,0,17.0,0.0,1.0,2.0,143.02,4,1,2,7,Recent Customers
52149,0,7.0,Computer,1,9.0,Debit Card,Male,,4,Mobile,1,Married,4,0,17.0,0.0,1.0,0.0,129.79,5,1,1,7,Recent Customers
52150,0,21.0,Computer,1,6.0,Credit Card,Male,2.0,1,Grocery,1,Single,3,0,22.0,,2.0,1.0,268.85,5,4,5,14,Champions
52151,0,18.0,Computer,3,15.0,Debit Card,Female,3.0,4,Laptop & Accessory,3,Married,2,0,13.0,4.0,4.0,12.0,155.93,1,4,3,8,Loyal
52152,0,25.0,Mobile,1,5.0,Debit Card,Male,2.0,3,Fashion,4,Single,8,0,19.0,2.0,4.0,0.0,204.45,5,4,4,13,Champions
52153,0,11.0,Mobile,3,16.0,E wallet,Male,3.0,4,Fashion,3,Married,1,1,14.0,1.0,2.0,7.0,187.4,2,3,4,9,Loyal
52154,0,2.0,Mobile,1,,Debit Card,Female,3.0,3,Mobile,1,Married,5,0,22.0,1.0,1.0,7.0,125.14,2,1,1,4,Hibernating
52155,0,1.0,Mobile,1,9.0,Credit Card,Female,3.0,3,Fashion,4,Married,1,0,17.0,0.0,1.0,7.0,176.55,2,2,4,8,Hibernating
52156,0,19.0,Mobile,3,9.0,E wallet,Male,2.0,3,Grocery,3,Married,4,0,12.0,,4.0,9.0,274.65,1,4,5,10,Champions
52157,0,11.0,Mobile,3,8.0,E wallet,Male,2.0,3,Fashion,4,Single,8,0,16.0,1.0,1.0,0.0,173.51,5,2,4,11,Recent Customers
52158,0,16.0,Computer,1,33.0,Debit Card,Female,2.0,3,Fashion,5,Married,9,0,11.0,1.0,1.0,1.0,208.2,4,2,4,10,Recent Customers
52159,1,2.0,Computer,1,8.0,Debit Card,Male,2.0,3,Grocery,1,Married,8,0,11.0,10.0,11.0,,221.69,5,5,5,15,Champions
52160,0,13.0,Mobile,1,20.0,Credit Card,Male,2.0,4,Others,3,Single,2,0,,3.0,4.0,9.0,296.26,1,4,5,10,Champions
52161,0,,Mobile,1,6.0,Cash on Delivery,Female,3.0,4,Mobile,4,Single,2,1,11.0,1.0,2.0,2.0,120.7,4,2,1,7,Recent Customers
52162,0,12.0,Computer,1,15.0,Debit Card,Male,3.0,3,Laptop & Accessory,4,Single,10,0,15.0,1.0,1.0,3.0,167.82,3,2,3,8,Hibernating
52163,0,9.0,Computer,1,24.0,Debit Card,Male,3.0,3,Laptop & Accessory,1,Single,3,0,20.0,0.0,1.0,9.0,177.79,1,2,4,7,Hibernating
52164,0,4.0,Computer,3,26.0,Debit Card,Male,,1,Mobile,1,Married,1,0,12.0,2.0,2.0,2.0,127.91,4,2,1,7,Recent Customers
52165,0,1.0,Mobile,1,8.0,Debit Card,Male,3.0,4,Mobile,4,Married,1,0,17.0,0.0,1.0,4.0,132.01,2,1,1,4,Hibernating
52166,0,8.0,Computer,3,17.0,E wallet,Male,2.0,3,Laptop & Accessory,1,Married,2,0,11.0,1.0,1.0,2.0,149.68,4,1,2,7,Recent Customers
52167,0,22.0,Mobile,3,14.0,Cash on Delivery,Male,2.0,4,Grocery,4,Married,7,0,17.0,1.0,2.0,,231.2,5,4,5,14,Champions
52168,0,7.0,Computer,1,8.0,Debit Card,Male,3.0,3,Laptop & Accessory,3,Single,3,0,11.0,1.0,1.0,2.0,140.33,4,1,1,6,Recent Customers
52169,0,2.0,Computer,1,16.0,Debit Card,Female,3.0,3,Mobile,4,Married,1,0,14.0,0.0,1.0,1.0,132.91,4,1,1,6,Recent Customers
52170,0,15.0,Mobile,1,35.0,Credit Card,Male,2.0,5,Laptop & Accessory,1,Single,5,0,19.0,1.0,1.0,0.0,142.72,5,1,2,8,Recent Customers
52171,0,2.0,Mobile,1,14.0,Credit Card,Male,3.0,4,Laptop & Accessory,1,Married,2,1,15.0,1.0,1.0,2.0,150.56,4,1,2,7,Recent Customers
52172,0,11.0,Mobile,2,6.0,UPI,Male,,1,Mobile,3,Married,2,0,13.0,3.0,5.0,0.0,128.44,5,4,1,10,Hibernating
52173,0,1.0,Computer,1,12.0,Debit Card,Male,,4,Mobile,3,Married,2,1,14.0,1.0,1.0,2.0,127.03,4,1,1,6,Recent Customers
52174,1,,Computer,1,14.0,Credit Card,Male,3.0,3,Mobile,3,Single,2,0,12.0,1.0,1.0,0.0,119.04,5,1,1,7,Recent Customers
52175,1,0.0,Mobile,3,15.0,E wallet,Female,3.0,3,Laptop & Accessory,5,Single,4,1,17.0,0.0,1.0,3.0,182.24,3,2,4,9,Hibernating
52176,0,14.0,Mobile,1,18.0,Debit Card,Male,2.0,3,Mobile Phone,1,Married,4,1,11.0,1.0,1.0,0.0,147.66,5,1,2,8,Recent Customers
52177,1,0.0,Computer,1,,Credit Card,Male,3.0,3,Mobile,3,Married,2,0,12.0,1.0,2.0,2.0,126.1,4,2,1,7,Recent Customers
52178,0,10.0,Mobile,1,31.0,Credit Card,Female,2.0,4,Laptop & Accessory,1,Married,8,0,13.0,1.0,1.0,3.0,157.31,3,2,3,8,Hibernating
52179,0,0.0,Mobile,1,,Debit Card,Male,2.0,4,Mobile,3,Married,2,0,13.0,1.0,2.0,2.0,125.39,4,2,1,7,Recent Customers
52180,0,7.0,Mobile,3,15.0,Debit Card,Female,3.0,3,Laptop & Accessory,3,Married,2,0,20.0,0.0,1.0,3.0,157.14,3,2,3,8,Hibernating
52181,0,8.0,Mobile,2,14.0,Cash on Delivery,Male,3.0,3,Mobile Phone,3,Single,2,0,17.0,0.0,1.0,4.0,143.23,2,1,2,5,Hibernating
52182,1,0.0,Mobile,3,29.0,Debit Card,Female,2.0,4,Fashion,5,Married,2,0,13.0,1.0,3.0,10.0,173.36,1,4,4,9,Champions
52183,0,13.0,Computer,1,15.0,Credit Card,Female,2.0,3,Fashion,3,Single,10,0,17.0,1.0,,13.0,234.99,1,5,5,11,Champions
52184,1,5.0,Computer,3,18.0,Debit Card,Male,2.0,3,Grocery,5,Single,1,1,12.0,2.0,,14.0,237.58,1,5,5,11,Champions
52185,0,15.0,Mobile,3,10.0,E wallet,Male,2.0,3,Laptop & Accessory,5,Single,8,0,13.0,1.0,1.0,5.0,151.55,2,1,2,5,Hibernating
52186,0,,Mobile,1,6.0,Credit Card,Male,2.0,4,Mobile,3,Married,7,0,12.0,1.0,1.0,7.0,122.58,2,1,1,4,Hibernating
52187,0,0.0,Mobile,1,30.0,Credit Card,Male,2.0,3,Mobile Phone,4,Single,9,0,22.0,0.0,1.0,2.0,135.97,4,1,1,6,Recent Customers
52188,1,0.0,Mobile,1,,Debit Card,Female,3.0,3,Mobile,1,Married,2,1,11.0,1.0,1.0,0.0,125.15,5,1,1,7,Recent Customers
52189,0,0.0,Mobile,1,9.0,Credit Card,Male,2.0,1,Mobile Phone,1,Married,2,0,22.0,1.0,1.0,7.0,144.2,2,1,2,5,Hibernating
52190,0,3.0,Mobile,3,16.0,E wallet,Male,3.0,4,Laptop & Accessory,3,Married,2,0,18.0,0.0,1.0,4.0,165.78,2,2,3,7,Hibernating
52191,0,13.0,Computer,1,32.0,Credit Card,Female,3.0,4,Laptop & Accessory,1,Married,4,1,13.0,0.0,1.0,0.0,144.22,5,1,2,8,Recent Customers
52192,0,8.0,Mobile,1,8.0,Debit Card,Male,2.0,4,Fashion,4,Married,3,0,18.0,2.0,6.0,4.0,202.74,3,5,4,12,Champions
52193,0,7.0,Computer,1,7.0,Credit Card,Male,3.0,4,Laptop & Accessory,5,Single,1,0,20.0,0.0,4.0,9.0,153.43,1,4,2,7,At Risk
52194,0,8.0,Computer,1,,UPI,Male,2.0,4,Mobile,1,Married,2,0,13.0,1.0,2.0,2.0,123.76,4,2,1,7,Recent Customers
52195,1,6.0,Mobile,3,15.0,E wallet,Female,2.0,5,Laptop & Accessory,3,Single,9,0,13.0,0.0,1.0,3.0,153.46,3,1,2,6,Hibernating
52196,0,5.0,Computer,3,8.0,Debit Card,Female,,3,Mobile,5,Married,2,0,12.0,1.0,1.0,0.0,128.27,5,1,1,7,Recent Customers
52197,0,29.0,Mobile,1,10.0,Cash on Delivery,Female,3.0,3,Others,5,Married,5,0,,4.0,4.0,2.0,299.43,4,4,5,13,Champions
52198,0,2.0,Mobile,1,12.0,Credit Card,Female,,3,Mobile,1,Married,2,0,13.0,0.0,1.0,8.0,131.31,1,1,1,3,Hibernating
52199,0,0.0,Mobile,1,,Debit Card,Male,2.0,3,Mobile,5,Single,2,0,25.0,0.0,1.0,0.0,125.52,5,1,1,7,Recent Customers
52200,0,18.0,Mobile,1,13.0,Credit Card,Female,2.0,3,Mobile Phone,3,Married,5,1,19.0,0.0,1.0,2.0,144.77,4,1,2,7,Recent Customers
52201,0,10.0,Mobile,1,7.0,Debit Card,Female,2.0,4,Laptop & Accessory,1,Married,2,0,13.0,0.0,3.0,11.0,164.74,1,4,3,8,Loyal
52202,0,0.0,Mobile,1,5.0,Debit Card,Male,,4,Mobile,3,Single,2,0,12.0,0.0,1.0,2.0,130.33,4,1,1,6,Recent Customers
52203,1,7.0,Mobile,1,16.0,Debit Card,Male,,3,Mobile,3,Single,2,1,11.0,1.0,1.0,2.0,129.36,4,1,1,6,Recent Customers
52204,0,26.0,Mobile,1,13.0,Credit Card,Female,2.0,3,Others,3,Married,4,0,18.0,,4.0,7.0,286.06,2,4,5,11,Champions
52205,0,,Mobile,1,21.0,Debit Card,Female,3.0,5,Mobile,1,Married,1,1,18.0,1.0,1.0,3.0,121.68,3,1,1,5,Hibernating
52206,1,0.0,Computer,1,9.0,Debit Card,Male,,4,Mobile,1,Married,1,1,11.0,0.0,1.0,0.0,128.53,5,1,1,7,Recent Customers
52207,0,19.0,Mobile,3,8.0,E wallet,Female,3.0,3,Grocery,5,Married,9,0,23.0,,15.0,9.0,270.48,1,5,5,11,Champions
52208,0,,Computer,1,23.0,Debit Card,Male,3.0,5,Mobile,3,Single,3,0,13.0,1.0,1.0,0.0,122.9,5,1,1,7,Recent Customers
52209,0,6.0,Mobile,2,8.0,UPI,Male,3.0,3,Mobile Phone,3,Married,2,0,13.0,1.0,1.0,4.0,136.0,2,1,1,4,Hibernating
52210,1,,Computer,1,11.0,Debit Card,Male,3.0,4,Mobile,5,Married,7,0,17.0,0.0,1.0,0.0,121.07,5,1,1,7,Recent Customers
52211,0,3.0,Mobile,3,35.0,Debit Card,Male,3.0,3,Laptop & Accessory,5,Married,9,0,19.0,1.0,1.0,3.0,141.15,3,1,2,6,Hibernating
52212,0,13.0,Computer,3,8.0,Credit Card,Male,3.0,3,Laptop & Accessory,4,Married,6,0,12.0,1.0,1.0,0.0,143.27,5,1,2,8,Recent Customers
52213,0,23.0,Computer,1,8.0,Credit Card,Female,1.0,3,Grocery,5,Married,3,0,22.0,,2.0,2.0,278.56,4,4,5,13,Champions
52214,0,1.0,Mobile,1,25.0,Credit Card,Male,3.0,4,Mobile,5,Married,2,0,12.0,1.0,3.0,3.0,131.96,3,4,1,8,Hibernating
52215,0,19.0,Mobile,1,21.0,Debit Card,Male,2.0,3,Others,4,Married,6,0,11.0,,1.0,3.0,290.81,3,2,5,10,Hibernating
52216,0,8.0,Mobile,3,23.0,Debit Card,Male,3.0,3,Laptop & Accessory,5,Married,4,1,15.0,0.0,1.0,7.0,189.66,2,2,4,8,Hibernating
52217,1,,Mobile,1,23.0,Debit Card,Female,3.0,3,Mobile,4,Married,2,0,13.0,1.0,1.0,0.0,122.1,5,1,1,7,Recent Customers
52218,0,6.0,Computer,3,31.0,Credit Card,Female,2.0,3,Laptop & Accessory,3,Married,2,0,12.0,0.0,1.0,1.0,145.39,4,1,2,7,Recent Customers
52219,0,9.0,Mobile,1,12.0,Debit Card,Male,,5,Mobile,3,Married,2,0,14.0,1.0,1.0,7.0,127.41,2,1,1,4,Hibernating
52220,0,3.0,Mobile,1,13.0,Debit Card,Male,2.0,3,Laptop & Accessory,3,Married,2,0,13.0,4.0,8.0,9.0,134.91,1,5,1,7,At Risk
52221,0,17.0,Mobile,1,35.0,UPI,Male,2.0,3,Laptop & Accessory,1,Single,2,0,25.0,6.0,13.0,17.0,145.41,1,5,2,8,At Risk
52222,0,0.0,Mobile,3,27.0,E wallet,Male,,1,Mobile,1,Single,2,0,17.0,2.0,2.0,2.0,126.78,4,2,1,7,Recent Customers
52223,0,19.0,Mobile,1,8.0,Cash on Delivery,Male,2.0,3,Laptop & Accessory,1,Married,3,0,11.0,0.0,1.0,4.0,173.79,2,2,4,8,Hibernating
52224,0,15.0,Computer,2,8.0,Credit Card,Male,3.0,1,Laptop & Accessory,5,Married,8,0,16.0,1.0,1.0,3.0,162.72,3,2,3,8,Hibernating
52225,0,30.0,Mobile,3,13.0,E wallet,Male,2.0,1,Laptop & Accessory,1,Married,1,1,18.0,0.0,1.0,9.0,152.2,1,1,2,4,Hibernating
52226,0,5.0,Computer,1,19.0,UPI,Female,3.0,4,Mobile,4,Married,2,0,20.0,2.0,2.0,2.0,134.0,4,2,1,7,Recent Customers
52227,0,5.0,Computer,1,8.0,Debit Card,Female,2.0,3,Laptop & Accessory,3,Single,5,1,14.0,1.0,1.0,7.0,149.98,2,1,2,5,Hibernating
52228,0,9.0,Mobile,1,7.0,Cash on Delivery,Female,3.0,5,Fashion,5,Married,3,1,21.0,7.0,7.0,7.0,202.52,2,5,4,11,Champions
52229,0,6.0,Mobile,1,15.0,Credit Card,Male,,3,Mobile,1,Married,1,0,13.0,0.0,4.0,10.0,127.81,1,4,1,6,At Risk
52230,0,13.0,Mobile,3,16.0,Cash on Delivery,Female,2.0,4,Laptop & Accessory,4,Married,8,0,12.0,1.0,1.0,3.0,168.52,3,2,3,8,Hibernating
52231,0,0.0,Mobile,3,16.0,Debit Card,Male,2.0,3,Laptop & Accessory,1,Single,1,0,14.0,1.0,1.0,1.0,149.5,4,1,2,7,Recent Customers
52232,0,3.0,Mobile,1,7.0,Credit Card,Male,3.0,3,Mobile Phone,4,Married,1,1,21.0,3.0,5.0,7.0,135.79,2,4,1,7,At Risk
52233,0,15.0,Computer,1,32.0,Credit Card,Female,2.0,3,Fashion,5,Married,4,1,17.0,0.0,,0.0,231.91000000000005,5,5,5,15,Champions
52234,0,8.0,Computer,3,14.0,E wallet,Female,3.0,4,Fashion,1,Married,5,1,11.0,3.0,4.0,12.0,203.77,1,4,4,9,Champions
52235,0,,Mobile,1,20.0,Debit Card,Male,2.0,3,Mobile,5,Married,2,1,14.0,5.0,6.0,8.0,122.35,1,5,1,7,At Risk
52236,0,27.0,Computer,1,7.0,Debit Card,Female,2.0,3,Fashion,3,Married,8,0,17.0,0.0,1.0,4.0,205.02,2,2,4,8,Hibernating
52237,0,,Mobile,1,8.0,Debit Card,Female,3.0,1,Mobile,1,Married,2,0,13.0,1.0,7.0,7.0,120.11,2,5,1,8,At Risk
52238,1,,Computer,1,16.0,Credit Card,Female,3.0,4,Mobile Phone,4,Single,2,1,25.0,0.0,1.0,0.0,118.59,5,1,1,7,Recent Customers
52239,0,2.0,Mobile,1,7.0,Debit Card,Female,3.0,3,Mobile Phone,1,Married,2,0,15.0,1.0,1.0,2.0,137.6,4,1,1,6,Recent Customers
52240,0,27.0,Mobile,1,9.0,Debit Card,Male,2.0,3,Grocery,1,Married,4,0,14.0,,1.0,9.0,277.79,1,2,5,8,Hibernating
52241,0,4.0,Mobile,1,17.0,Credit Card,Male,3.0,3,Laptop & Accessory,5,Married,2,1,12.0,1.0,1.0,1.0,168.33,4,2,3,9,Recent Customers
52242,0,4.0,Mobile,1,30.0,Credit Card,Female,3.0,4,Laptop & Accessory,5,Single,2,0,19.0,1.0,1.0,8.0,168.12,1,2,3,6,Hibernating
52243,0,30.0,Mobile,3,9.0,Debit Card,Female,2.0,4,Laptop & Accessory,1,Single,6,0,17.0,0.0,1.0,5.0,151.71,2,1,2,5,Hibernating
52244,0,16.0,Mobile,1,9.0,Debit Card,Male,3.0,5,Others,1,Married,4,0,,1.0,1.0,7.0,297.4,2,2,5,9,Hibernating
52245,0,22.0,Mobile,1,10.0,Credit Card,Male,2.0,4,Others,3,Married,3,0,13.0,,1.0,0.0,287.11,5,2,5,12,Recent Customers
52246,0,9.0,Computer,1,9.0,Cash on Delivery,Male,2.0,3,Mobile Phone,4,Married,2,0,12.0,0.0,1.0,7.0,136.92,2,1,1,4,Hibernating
52247,0,21.0,Mobile,1,,Cash on Delivery,Male,3.0,1,Mobile,4,Single,6,0,11.0,0.0,1.0,0.0,125.59,5,1,1,7,Recent Customers
52248,0,0.0,Mobile,1,,Debit Card,Male,3.0,3,Mobile,3,Married,2,0,11.0,1.0,1.0,3.0,125.17,3,1,1,5,Hibernating
52249,0,2.0,Mobile,1,13.0,Debit Card,Male,2.0,3,Laptop & Accessory,1,Married,2,1,11.0,1.0,1.0,0.0,166.23,5,2,3,10,Recent Customers
52250,0,21.0,Mobile,1,7.0,Debit Card,Male,3.0,4,Others,1,Single,7,0,12.0,,1.0,0.0,282.65,5,2,5,12,Recent Customers
52251,0,2.0,Mobile,1,7.0,Debit Card,Female,2.0,4,Grocery,1,Married,4,0,14.0,,1.0,7.0,261.24,2,2,5,9,Hibernating
52252,0,7.0,Mobile,1,,Cash on Delivery,Female,2.0,1,Mobile,3,Married,1,0,17.0,1.0,1.0,0.0,125.85,5,1,1,7,Recent Customers
52253,0,17.0,Mobile,3,11.0,E wallet,Male,2.0,3,Others,4,Married,8,0,11.0,,3.0,10.0,282.13,1,4,5,10,Champions
52254,0,6.0,Mobile,3,16.0,E wallet,Male,2.0,1,Fashion,3,Married,1,1,14.0,0.0,1.0,8.0,183.8,1,2,4,7,Hibernating
52255,0,0.0,Mobile,1,31.0,Debit Card,Female,,1,Mobile,1,Single,2,1,12.0,0.0,1.0,1.0,129.94,4,1,1,6,Recent Customers
52256,0,,Mobile,1,7.0,Debit Card,Male,2.0,3,Mobile Phone,3,Married,2,0,22.0,1.0,1.0,1.0,112.23,4,1,1,6,Recent Customers
52257,1,0.0,Computer,3,30.0,Debit Card,Male,3.0,5,Mobile Phone,1,Single,2,1,14.0,1.0,1.0,0.0,111.18,5,1,1,7,Recent Customers
52258,0,0.0,Mobile,1,10.0,Debit Card,Male,,3,Mobile,1,Single,2,1,20.0,2.0,2.0,2.0,128.75,4,2,1,7,Recent Customers
52259,1,8.0,Mobile,3,8.0,E wallet,Female,3.0,5,Others,4,Single,3,1,16.0,,1.0,11.0,288.24,1,2,5,8,Hibernating
52260,0,28.0,Computer,1,14.0,Credit Card,Male,2.0,4,Grocery,4,Married,2,1,15.0,2.0,,0.0,235.77,5,5,5,15,Champions
52261,1,0.0,Computer,1,,Debit Card,Female,2.0,4,Mobile,3,Single,2,0,20.0,1.0,2.0,2.0,126.25,4,2,1,7,Recent Customers
52262,0,19.0,Mobile,3,10.0,E wallet,Female,2.0,4,Others,4,Married,3,0,14.0,,1.0,8.0,287.89,1,2,5,8,Hibernating
52263,0,7.0,Mobile,3,8.0,E wallet,Female,2.0,3,Laptop & Accessory,5,Single,1,1,12.0,1.0,1.0,2.0,145.38,4,1,2,7,Recent Customers
52264,0,24.0,Computer,3,15.0,Debit Card,Male,2.0,3,Others,4,Married,5,1,,6.0,11.0,10.0,298.47,1,5,5,11,Champions
52265,0,30.0,Mobile,1,24.0,Credit Card,Male,3.0,3,Fashion,1,Single,7,0,12.0,3.0,5.0,4.0,205.12,3,4,4,11,Champions
52266,0,7.0,Computer,1,25.0,Credit Card,Female,2.0,3,Laptop & Accessory,4,Married,5,0,13.0,0.0,5.0,10.0,144.44,1,4,2,7,At Risk
52267,0,,Computer,1,7.0,Credit Card,Male,2.0,3,Mobile,3,Single,1,1,11.0,1.0,1.0,2.0,121.54,4,1,1,6,Recent Customers
52268,0,17.0,Mobile,1,10.0,Debit Card,Male,3.0,1,Others,5,Married,2,0,14.0,2.0,14.0,13.0,291.9,1,5,5,11,Champions
52269,0,7.0,Computer,2,17.0,Debit Card,Male,2.0,4,Laptop & Accessory,4,Married,5,0,11.0,0.0,1.0,8.0,144.9,1,1,2,4,Hibernating
52270,0,8.0,Mobile,1,12.0,Debit Card,Male,3.0,3,Mobile,3,Married,1,1,14.0,1.0,2.0,2.0,135.06,4,2,1,7,Recent Customers
52271,0,15.0,Mobile,1,,Credit Card,Female,3.0,1,Laptop & Accessory,4,Married,7,1,16.0,0.0,1.0,0.0,123.72,5,1,1,7,Recent Customers
52272,0,16.0,Mobile,3,10.0,E wallet,Female,2.0,4,Fashion,1,Single,4,0,14.0,10.0,15.0,17.0,202.31,1,5,4,10,Champions
52273,0,9.0,Mobile,1,8.0,Debit Card,Female,2.0,3,Laptop & Accessory,4,Single,10,1,11.0,4.0,5.0,12.0,154.1,1,4,3,8,Loyal
52274,1,7.0,Mobile,1,21.0,Credit Card,Female,3.0,3,Fashion,1,Married,2,0,11.0,0.0,1.0,5.0,179.78,2,2,4,8,Hibernating
52275,0,1.0,Computer,1,8.0,Debit Card,Male,2.0,4,Mobile Phone,1,Married,2,1,12.0,0.0,2.0,2.0,138.67,4,2,1,7,Recent Customers
52276,0,24.0,Computer,1,12.0,Credit Card,Female,,4,Mobile,3,Single,1,0,14.0,3.0,7.0,7.0,128.38,2,5,1,8,At Risk
52277,0,3.0,Computer,1,15.0,Credit Card,Female,3.0,3,Laptop & Accessory,3,Single,8,1,18.0,0.0,1.0,7.0,146.95,2,1,2,5,Hibernating
52278,1,0.0,Mobile,1,13.0,Cash on Delivery,Female,2.0,3,Mobile,3,Married,4,1,13.0,4.0,7.0,7.0,133.39,2,5,1,8,At Risk
52279,0,,Mobile,1,7.0,Cash on Delivery,Male,2.0,3,Mobile,5,Single,3,0,11.0,1.0,1.0,2.0,120.8,4,1,1,6,Recent Customers
52280,0,,Mobile,1,7.0,Credit Card,Female,2.0,3,Mobile,4,Single,2,0,18.0,1.0,2.0,1.0,120.96,4,2,1,7,Recent Customers
52281,0,5.0,Mobile,3,14.0,Credit Card,Male,2.0,1,Laptop & Accessory,1,Married,2,0,15.0,0.0,1.0,8.0,162.09,1,2,3,6,Hibernating
52282,0,18.0,Computer,1,31.0,Credit Card,Female,2.0,3,Others,4,Single,4,0,22.0,,1.0,0.0,280.61,5,2,5,12,Recent Customers
52283,0,12.0,Mobile,1,19.0,Credit Card,Female,3.0,4,Grocery,4,Married,7,1,13.0,,15.0,2.0,271.23,4,5,5,14,Champions
52284,0,30.0,Mobile,1,,Debit Card,Male,2.0,3,Mobile,3,Married,2,0,12.0,1.0,2.0,2.0,123.72,4,2,1,7,Recent Customers
52285,1,0.0,Mobile,1,13.0,Debit Card,Male,3.0,3,Laptop & Accessory,3,Married,2,0,18.0,0.0,1.0,1.0,148.83,4,1,2,7,Recent Customers
52286,1,2.0,Mobile,1,29.0,Credit Card,Male,3.0,3,Mobile Phone,5,Single,1,0,13.0,0.0,1.0,3.0,139.04,3,1,1,5,Hibernating
52287,0,3.0,Mobile,1,12.0,Cash on Delivery,Female,2.0,4,Laptop & Accessory,1,Married,1,0,12.0,5.0,6.0,7.0,146.27,2,5,2,9,At Risk
52288,0,9.0,Mobile,1,16.0,Cash on Delivery,Female,3.0,3,Fashion,3,Married,4,0,12.0,1.0,1.0,7.0,170.94,2,2,3,7,Hibernating
52289,0,19.0,Mobile,2,7.0,Debit Card,Female,2.0,3,Mobile,5,Single,7,0,12.0,2.0,5.0,7.0,134.23,2,4,1,7,At Risk
52290,0,1.0,Computer,1,7.0,Debit Card,Female,2.0,5,Laptop & Accessory,1,Married,1,0,11.0,7.0,7.0,5.0,166.74,2,5,3,10,Loyal
52291,0,23.0,Mobile,1,34.0,Debit Card,Female,2.0,3,Grocery,5,Married,5,1,11.0,,1.0,2.0,268.8,4,2,5,11,Recent Customers
52292,1,3.0,Mobile,3,31.0,E wallet,Male,2.0,4,Fashion,4,Single,3,1,12.0,1.0,1.0,0.0,190.94,5,2,4,11,Recent Customers
52293,1,15.0,Mobile,3,11.0,Debit Card,Male,3.0,3,Fashion,4,Single,10,1,19.0,7.0,7.0,7.0,184.46,2,5,4,11,Champions
52294,0,3.0,Mobile,1,23.0,Credit Card,Female,3.0,3,Fashion,5,Married,2,1,23.0,1.0,1.0,,219.16000000000005,5,2,5,12,Recent Customers
52295,0,12.0,Mobile,1,24.0,Debit Card,Male,2.0,3,Laptop & Accessory,3,Single,1,0,11.0,1.0,1.0,7.0,145.34,2,1,2,5,Hibernating
52296,0,4.0,Computer,3,8.0,Debit Card,Female,2.0,3,Fashion,3,Married,2,1,19.0,8.0,9.0,6.0,198.52,2,5,4,11,Champions
52297,0,14.0,Computer,3,16.0,Credit Card,Male,2.0,5,Laptop & Accessory,4,Single,2,0,13.0,3.0,11.0,9.0,161.51,1,5,3,9,Loyal
52298,1,,Computer,3,7.0,Debit Card,Female,2.0,3,Mobile,4,Single,2,1,11.0,2.0,2.0,2.0,123.02,4,2,1,7,Recent Customers
52299,1,7.0,Mobile,1,,Debit Card,Male,2.0,3,Mobile,5,Married,5,0,12.0,1.0,1.0,2.0,123.62,4,1,1,6,Recent Customers
52300,0,15.0,Computer,1,8.0,Debit Card,Male,2.0,3,Grocery,3,Married,1,1,13.0,,2.0,10.0,278.61,1,4,5,10,Champions
52301,0,28.0,Mobile,1,8.0,Credit Card,Female,2.0,5,Others,3,Married,5,0,14.0,,9.0,11.0,291.87,1,5,5,11,Champions
52302,0,29.0,Mobile,2,14.0,Debit Card,Male,3.0,3,Others,4,Single,7,0,,2.0,7.0,7.0,297.17,2,5,5,12,Champions
52303,0,13.0,Computer,1,22.0,Debit Card,Male,3.0,3,Mobile,3,Married,10,0,16.0,1.0,1.0,0.0,135.44,5,1,1,7,Recent Customers
52304,0,7.0,Mobile,1,15.0,Debit Card,Male,2.0,3,Fashion,1,Married,1,0,11.0,0.0,1.0,6.0,185.0,2,2,4,8,Hibernating
52305,0,13.0,Mobile,1,8.0,Debit Card,Male,3.0,3,Laptop & Accessory,1,Single,2,0,13.0,3.0,8.0,8.0,146.61,2,5,2,9,At Risk
52306,0,14.0,Computer,3,7.0,E wallet,Female,3.0,3,Laptop & Accessory,5,Married,1,0,17.0,0.0,1.0,7.0,141.03,2,1,2,5,Hibernating
52307,0,8.0,Computer,1,10.0,Debit Card,Male,2.0,3,Laptop & Accessory,3,Single,2,1,11.0,1.0,1.0,1.0,142.49,4,1,2,7,Recent Customers
52308,0,24.0,Mobile,2,11.0,Debit Card,Male,2.0,3,Grocery,4,Married,2,1,11.0,0.0,,10.0,240.26,1,5,5,11,Champions
52309,0,11.0,Mobile,3,8.0,Debit Card,Female,2.0,3,Laptop & Accessory,5,Married,4,0,15.0,0.0,1.0,7.0,168.93,2,2,3,7,Hibernating
52310,0,7.0,Mobile,3,21.0,Credit Card,Female,3.0,3,Laptop & Accessory,5,Single,2,0,12.0,4.0,9.0,6.0,161.25,2,5,3,10,Loyal
52311,0,0.0,Mobile,1,25.0,Credit Card,Male,3.0,3,Mobile Phone,1,Married,4,0,11.0,0.0,1.0,2.0,136.69,4,1,1,6,Recent Customers
52312,1,20.0,Mobile,1,13.0,Credit Card,Female,2.0,4,Fashion,5,Married,8,1,14.0,1.0,5.0,9.0,200.08,1,4,4,9,Champions
52313,0,13.0,Mobile,1,,Debit Card,Male,2.0,3,Mobile,4,Married,4,0,22.0,1.0,1.0,3.0,123.87,3,1,1,5,Hibernating
52314,0,9.0,Computer,3,13.0,E wallet,Female,2.0,1,Laptop & Accessory,5,Married,3,0,16.0,5.0,6.0,13.0,146.39,1,5,2,8,At Risk
52315,0,21.0,Mobile,1,10.0,Debit Card,Male,2.0,3,Fashion,1,Single,2,0,11.0,1.0,1.0,8.0,178.98,1,2,4,7,Hibernating
52316,0,0.0,Mobile,3,,Credit Card,Female,3.0,1,Mobile,1,Married,9,0,14.0,0.0,1.0,0.0,125.34,5,1,1,7,Recent Customers
52317,0,24.0,Mobile,1,17.0,Cash on Delivery,Female,2.0,4,Grocery,4,Single,4,0,16.0,0.0,1.0,3.0,231.42,3,2,5,10,Hibernating
52318,0,,Computer,1,7.0,Debit Card,Female,3.0,3,Mobile Phone,1,Single,2,0,15.0,1.0,1.0,0.0,116.11,5,1,1,7,Recent Customers
52319,0,8.0,Mobile,1,7.0,Credit Card,Female,2.0,4,Laptop & Accessory,1,Married,1,0,12.0,0.0,1.0,0.0,153.63,5,1,2,8,Recent Customers
52320,0,0.0,Computer,3,8.0,Debit Card,Male,2.0,5,Laptop & Accessory,1,Single,4,0,20.0,0.0,1.0,0.0,150.71,5,1,2,8,Recent Customers
52321,1,18.0,Mobile,3,19.0,E wallet,Male,2.0,1,Grocery,3,Single,7,1,17.0,1.0,,8.0,236.95,2,5,5,12,Champions
52322,0,29.0,Mobile,1,29.0,Debit Card,Male,3.0,3,Grocery,4,Married,5,1,12.0,13.0,,9.0,234.02,1,5,5,11,Champions
52323,0,,Computer,1,32.0,Cash on Delivery,Female,3.0,4,Mobile,3,Married,2,0,20.0,1.0,1.0,0.0,120.29,5,1,1,7,Recent Customers
52324,0,13.0,Mobile,1,8.0,Credit Card,Female,2.0,1,Laptop & Accessory,3,Married,6,0,20.0,6.0,11.0,8.0,163.77,2,5,3,10,Loyal
52325,0,7.0,Mobile,1,35.0,Credit Card,Male,2.0,3,Laptop & Accessory,3,Married,5,0,13.0,5.0,7.0,7.0,154.29,2,5,3,10,Loyal
52326,1,0.0,Computer,3,8.0,Debit Card,Female,,4,Mobile,1,Single,8,0,14.0,0.0,1.0,0.0,127.85,5,1,1,7,Recent Customers
52327,1,0.0,Computer,3,24.0,E wallet,Female,3.0,3,Laptop & Accessory,3,Married,1,1,18.0,0.0,3.0,2.0,146.14,4,4,2,10,Hibernating
52328,0,11.0,Computer,1,,Debit Card,Male,2.0,1,Mobile,3,Married,2,0,11.0,0.0,1.0,3.0,126.1,3,1,1,5,Hibernating
52329,0,7.0,Mobile,1,8.0,Cash on Delivery,Female,3.0,3,Laptop & Accessory,1,Single,2,0,11.0,4.0,4.0,11.0,166.87,1,4,3,8,Loyal
52330,0,1.0,Mobile,3,32.0,Debit Card,Male,2.0,4,Laptop & Accessory,5,Married,2,0,11.0,1.0,1.0,4.0,147.24,2,1,2,5,Hibernating
52331,1,0.0,Mobile,1,28.0,Credit Card,Male,3.0,3,Laptop & Accessory,3,Married,2,1,15.0,5.0,6.0,7.0,161.79,2,5,3,10,Loyal
52332,0,12.0,Mobile,3,27.0,Debit Card,Male,2.0,4,Laptop & Accessory,1,Married,4,1,12.0,0.0,1.0,4.0,161.2,2,2,3,7,Hibernating
52333,0,24.0,Computer,3,8.0,E wallet,Male,2.0,3,Fashion,4,Married,3,0,11.0,3.0,3.0,2.0,205.96,4,4,4,12,Champions
52334,0,14.0,Computer,1,28.0,Debit Card,Female,3.0,3,Laptop & Accessory,1,Married,4,1,14.0,2.0,3.0,3.0,154.67,3,4,3,10,Loyal
52335,0,10.0,Mobile,1,10.0,Debit Card,Male,,3,Mobile,3,Married,8,1,15.0,1.0,1.0,3.0,129.96,3,1,1,5,Hibernating
52336,0,6.0,Computer,3,11.0,Debit Card,Male,3.0,3,Laptop & Accessory,1,Married,7,0,13.0,1.0,1.0,2.0,199.98,4,2,4,10,Recent Customers
52337,0,5.0,Mobile,3,8.0,E wallet,Male,2.0,3,Laptop & Accessory,4,Married,1,1,13.0,1.0,1.0,2.0,140.78,4,1,1,6,Recent Customers
52338,0,12.0,Computer,1,31.0,Debit Card,Male,3.0,3,Fashion,3,Married,4,0,21.0,0.0,1.0,,209.2,5,2,5,12,Recent Customers
52339,0,0.0,Mobile,3,24.0,Debit Card,Male,3.0,1,Laptop & Accessory,3,Married,3,0,11.0,1.0,1.0,2.0,162.32,4,2,3,9,Recent Customers
52340,0,25.0,Computer,1,34.0,Credit Card,Female,2.0,1,Grocery,3,Married,3,1,11.0,1.0,,2.0,232.47000000000003,4,5,5,14,Champions
52341,0,16.0,Mobile,1,12.0,Credit Card,Female,3.0,4,Laptop & Accessory,3,Single,2,1,14.0,0.0,1.0,8.0,140.81,1,1,2,4,Hibernating
52342,0,0.0,Mobile,3,16.0,E wallet,Female,3.0,4,Laptop & Accessory,1,Married,2,1,11.0,1.0,4.0,4.0,157.69,3,4,3,10,Loyal
52343,1,0.0,Mobile,1,,Debit Card,Female,2.0,3,Mobile,3,Single,2,1,13.0,4.0,7.0,7.0,123.94,2,5,1,8,At Risk
52344,0,0.0,Mobile,1,8.0,Credit Card,Male,2.0,4,Mobile Phone,1,Single,1,0,12.0,1.0,1.0,1.0,139.04,4,1,1,6,Recent Customers
52345,0,15.0,Mobile,2,16.0,UPI,Female,2.0,3,Grocery,5,Married,1,0,14.0,,1.0,9.0,267.99,1,2,5,8,Hibernating
52346,0,25.0,Mobile,1,14.0,UPI,Female,,3,Mobile,5,Married,10,0,13.0,1.0,1.0,4.0,129.5,2,1,1,4,Hibernating
52347,0,10.0,Mobile,1,17.0,Credit Card,Female,3.0,3,Mobile Phone,3,Single,5,0,18.0,1.0,1.0,2.0,136.29,4,1,1,6,Recent Customers
52348,0,8.0,Computer,1,24.0,Debit Card,Male,2.0,3,Fashion,1,Single,3,0,11.0,2.0,2.0,2.0,193.62,4,3,4,11,Loyal
52349,0,0.0,Mobile,1,7.0,Cash on Delivery,Male,2.0,3,Mobile,1,Married,5,0,11.0,0.0,1.0,2.0,132.29,4,1,1,6,Recent Customers
52350,0,0.0,Mobile,1,13.0,UPI,Male,3.0,1,Mobile Phone,5,Single,1,0,12.0,0.0,1.0,7.0,135.78,2,1,1,4,Hibernating
52351,0,2.0,Mobile,2,23.0,UPI,Male,2.0,4,Fashion,5,Single,2,0,13.0,0.0,1.0,9.0,179.88,1,2,4,7,Hibernating
52352,1,12.0,Computer,1,34.0,Debit Card,Male,3.0,4,Laptop & Accessory,5,Single,4,0,20.0,0.0,1.0,3.0,142.84,3,1,2,6,Hibernating
52353,1,0.0,Computer,1,20.0,UPI,Female,2.0,3,Fashion,1,Single,1,1,12.0,4.0,7.0,7.0,175.53,2,5,4,11,Champions
52354,0,27.0,Mobile,1,7.0,Credit Card,Female,2.0,3,Grocery,1,Single,7,0,19.0,,12.0,7.0,273.28,2,5,5,12,Champions
52355,0,30.0,Mobile,1,7.0,Credit Card,Female,3.0,3,Others,5,Married,4,1,,1.0,1.0,5.0,297.01,2,2,5,9,Hibernating
52356,0,28.0,Mobile,1,7.0,Credit Card,Male,2.0,1,Grocery,1,Married,3,0,13.0,0.0,,0.0,247.32,5,5,5,15,Champions
52357,0,9.0,Mobile,3,9.0,E wallet,Female,3.0,3,Laptop & Accessory,4,Single,4,1,16.0,0.0,1.0,1.0,192.78,4,2,4,10,Recent Customers
52358,1,,Computer,3,7.0,Debit Card,Female,2.0,5,Mobile Phone,3,Single,2,0,12.0,0.0,1.0,0.0,113.59,5,1,1,7,Recent Customers
52359,0,3.0,Mobile,3,13.0,E wallet,Female,3.0,3,Laptop & Accessory,5,Married,8,0,14.0,1.0,1.0,2.0,147.79,4,1,2,7,Recent Customers
52360,0,4.0,Mobile,1,14.0,Debit Card,Female,3.0,3,Grocery,4,Single,4,0,11.0,,1.0,0.0,264.22,5,2,5,12,Recent Customers
52361,0,7.0,Computer,1,7.0,UPI,Male,,3,Mobile,5,Married,6,0,14.0,1.0,1.0,3.0,129.96,3,1,1,5,Hibernating
52362,1,,Mobile,1,14.0,Debit Card,Female,2.0,4,Mobile Phone,4,Single,2,0,12.0,0.0,1.0,0.0,112.61,5,1,1,7,Recent Customers
52363,0,,Mobile,1,17.0,Debit Card,Male,3.0,3,Mobile,5,Married,1,0,14.0,1.0,1.0,4.0,120.99,2,1,1,4,Hibernating
52364,0,9.0,Mobile,1,10.0,Debit Card,Male,2.0,4,Laptop & Accessory,1,Single,2,0,16.0,0.0,1.0,8.0,158.1,1,2,3,6,Hibernating
52365,0,9.0,Mobile,3,22.0,E wallet,Female,3.0,4,Laptop & Accessory,5,Married,5,0,13.0,1.0,1.0,2.0,156.47,4,2,3,9,Recent Customers
52366,0,20.0,Mobile,1,7.0,Cash on Delivery,Male,3.0,3,Mobile,1,Married,8,0,12.0,1.0,1.0,2.0,134.2,4,1,1,6,Recent Customers
52367,1,0.0,Mobile,3,15.0,Debit Card,Male,3.0,4,Mobile Phone,5,Married,4,0,12.0,2.0,2.0,2.0,144.0,4,2,2,8,Recent Customers
52368,0,10.0,Computer,1,11.0,Cash on Delivery,Male,2.0,1,Mobile,3,Single,1,0,14.0,0.0,1.0,3.0,135.0,3,1,1,5,Hibernating
52369,0,,Mobile,1,7.0,Debit Card,Female,2.0,3,Mobile,5,Married,3,0,22.0,0.0,1.0,0.0,120.66,5,1,1,7,Recent Customers
52370,0,20.0,Mobile,1,8.0,Credit Card,Female,2.0,3,Grocery,3,Married,4,0,19.0,,5.0,6.0,271.69,2,5,5,12,Champions
52371,0,0.0,Mobile,3,10.0,Credit Card,Female,2.0,3,Laptop & Accessory,3,Married,2,1,12.0,1.0,1.0,3.0,141.62,3,1,2,6,Hibernating
52372,0,5.0,Mobile,3,13.0,E wallet,Male,3.0,3,Laptop & Accessory,1,Married,5,0,12.0,0.0,1.0,3.0,192.04,3,2,4,9,Hibernating
52373,0,7.0,Mobile,1,7.0,Debit Card,Female,2.0,4,Mobile,4,Married,6,0,17.0,1.0,1.0,2.0,132.94,4,1,1,6,Recent Customers
52374,0,,Mobile,1,11.0,Credit Card,Male,2.0,1,Mobile,3,Married,3,1,12.0,0.0,1.0,3.0,121.27,3,1,1,5,Hibernating
52375,0,13.0,Computer,1,15.0,UPI,Male,2.0,3,Laptop & Accessory,3,Married,4,0,11.0,0.0,1.0,7.0,139.75,2,1,1,4,Hibernating
52376,0,4.0,Mobile,3,14.0,Debit Card,Male,2.0,3,Fashion,1,Married,2,0,18.0,2.0,9.0,9.0,207.93,1,5,4,10,Champions
52377,1,9.0,Mobile,3,15.0,E wallet,Male,2.0,3,Fashion,1,Married,5,0,11.0,4.0,4.0,3.0,200.96,3,4,4,11,Champions
52378,1,2.0,Computer,1,8.0,Debit Card,Female,2.0,4,Mobile Phone,5,Single,3,1,23.0,0.0,1.0,0.0,136.46,5,1,1,7,Recent Customers
52379,1,0.0,Computer,1,7.0,Debit Card,Female,3.0,1,Fashion,4,Single,2,0,11.0,1.0,4.0,7.0,174.46,2,4,4,10,Champions
52380,0,18.0,Mobile,1,26.0,Credit Card,Male,3.0,5,Fashion,5,Married,3,1,18.0,1.0,1.0,7.0,208.51,2,2,4,8,Hibernating
52381,0,,Mobile,2,14.0,Credit Card,Female,3.0,1,Mobile,4,Single,10,0,18.0,1.0,1.0,2.0,121.09,4,1,1,6,Recent Customers
52382,1,0.0,Computer,1,8.0,Debit Card,Male,3.0,3,Mobile Phone,1,Married,7,1,13.0,0.0,2.0,2.0,137.22,4,2,1,7,Recent Customers
52383,0,18.0,Mobile,1,35.0,Cash on Delivery,Male,2.0,3,Fashion,1,Married,5,1,18.0,1.0,1.0,2.0,193.8,4,2,4,10,Recent Customers
52384,0,21.0,Mobile,3,13.0,E wallet,Male,3.0,3,Laptop & Accessory,5,Married,5,0,11.0,0.0,2.0,2.0,154.86,4,3,3,10,Loyal
52385,1,0.0,Mobile,2,15.0,Cash on Delivery,Female,,3,Mobile,3,Married,2,0,15.0,2.0,2.0,2.0,127.42,4,2,1,7,Recent Customers
52386,0,13.0,Computer,1,14.0,Credit Card,Male,2.0,4,Fashion,4,Married,3,0,11.0,4.0,,8.0,237.57,2,5,5,12,Champions
52387,0,1.0,Mobile,3,11.0,Credit Card,Male,2.0,3,Laptop & Accessory,5,Single,1,0,18.0,0.0,1.0,3.0,184.63,3,2,4,9,Hibernating
52388,0,17.0,Computer,1,11.0,Debit Card,Male,2.0,4,Mobile,3,Single,4,0,14.0,0.0,1.0,3.0,131.62,3,1,1,5,Hibernating
52389,0,26.0,Mobile,1,8.0,Credit Card,Male,2.0,1,Grocery,4,Single,5,0,12.0,,8.0,8.0,265.98,2,5,5,12,Champions
52390,0,22.0,Mobile,1,11.0,Cash on Delivery,Male,3.0,3,Laptop & Accessory,3,Married,3,0,14.0,0.0,1.0,2.0,166.51,4,2,3,9,Recent Customers
52391,0,13.0,Mobile,1,,Credit Card,Male,3.0,3,Mobile,3,Married,3,0,14.0,1.0,1.0,2.0,123.45,4,1,1,6,Recent Customers
52392,0,17.0,Mobile,1,26.0,Debit Card,Male,2.0,3,Mobile,4,Single,2,0,13.0,1.0,1.0,3.0,134.2,3,1,1,5,Hibernating
52393,0,6.0,Computer,3,13.0,Credit Card,Male,2.0,3,Laptop & Accessory,5,Married,1,0,14.0,1.0,1.0,3.0,143.73,3,1,2,6,Hibernating
52394,0,7.0,Mobile,3,9.0,UPI,Male,2.0,5,Laptop & Accessory,5,Single,4,0,18.0,2.0,3.0,12.0,147.59,1,4,2,7,At Risk
52395,0,3.0,Mobile,3,22.0,Debit Card,Male,3.0,3,Laptop & Accessory,3,Married,9,0,15.0,1.0,2.0,2.0,153.01,4,3,2,9,Hibernating
52396,0,15.0,Computer,1,15.0,Credit Card,Female,3.0,3,Mobile Phone,1,Single,2,0,13.0,0.0,5.0,8.0,136.73,1,4,1,6,At Risk
52397,0,17.0,Computer,3,7.0,E wallet,Female,3.0,3,Laptop & Accessory,3,Married,8,0,12.0,0.0,1.0,0.0,147.68,5,1,2,8,Recent Customers
52398,0,,Computer,1,13.0,Cash on Delivery,Male,3.0,3,Mobile Phone,3,Married,2,0,13.0,0.0,1.0,0.0,112.74,5,1,1,7,Recent Customers
52399,0,30.0,Mobile,1,7.0,Debit Card,Male,3.0,1,Laptop & Accessory,3,Married,1,0,24.0,1.0,2.0,8.0,149.0,1,2,2,5,Hibernating
52400,0,22.0,Mobile,1,13.0,Debit Card,Male,2.0,3,Fashion,4,Married,4,0,14.0,0.0,1.0,7.0,204.66,2,2,4,8,Hibernating
52401,0,7.0,Computer,1,21.0,Credit Card,Male,3.0,3,Grocery,5,Married,8,0,14.0,,6.0,9.0,270.07,1,5,5,11,Champions
52402,1,0.0,Computer,3,7.0,Cash on Delivery,Male,,3,Mobile,3,Married,4,0,15.0,1.0,1.0,2.0,129.09,4,1,1,6,Recent Customers
52403,1,0.0,Computer,3,19.0,Cash on Delivery,Female,2.0,3,Laptop & Accessory,4,Single,6,0,11.0,1.0,1.0,0.0,157.65,5,2,3,10,Recent Customers
52404,1,0.0,Mobile,3,30.0,Credit Card,Female,2.0,4,Laptop & Accessory,4,Single,1,1,23.0,4.0,10.0,10.0,145.99,1,5,2,8,At Risk
52405,0,8.0,Mobile,3,,Debit Card,Male,3.0,3,Mobile,3,Married,2,0,13.0,0.0,1.0,0.0,124.04,5,1,1,7,Recent Customers
52406,1,0.0,Computer,1,15.0,Credit Card,Male,2.0,3,Mobile,5,Single,3,1,11.0,0.0,1.0,0.0,131.72,5,1,1,7,Recent Customers
52407,0,,Computer,3,19.0,Debit Card,Female,3.0,3,Mobile,4,Married,2,0,13.0,0.0,1.0,0.0,120.33,5,1,1,7,Recent Customers
52408,0,17.0,Computer,1,8.0,Credit Card,Male,2.0,3,Fashion,3,Single,6,1,18.0,2.0,2.0,2.0,202.09,4,4,4,12,Champions
52409,0,2.0,Mobile,3,25.0,Debit Card,Male,3.0,4,Laptop & Accessory,3,Married,2,0,14.0,1.0,1.0,4.0,186.2,2,2,4,8,Hibernating
52410,0,,Mobile,2,7.0,Debit Card,Male,2.0,3,Mobile,3,Married,1,0,21.0,0.0,1.0,3.0,120.64,3,1,1,5,Hibernating
52411,0,28.0,Mobile,1,10.0,Debit Card,Male,1.0,3,Laptop & Accessory,3,Married,1,1,16.0,1.0,1.0,2.0,140.35,4,1,1,6,Recent Customers
52412,0,6.0,Mobile,1,10.0,Credit Card,Female,2.0,4,Mobile Phone,4,Married,9,0,11.0,1.0,1.0,2.0,138.38,4,1,1,6,Recent Customers
52413,0,20.0,Mobile,3,20.0,Credit Card,Female,3.0,3,Laptop & Accessory,3,Married,4,1,17.0,1.0,1.0,2.0,145.91,4,1,2,7,Recent Customers
52414,1,0.0,Computer,1,,Credit Card,Male,2.0,4,Mobile,5,Single,8,0,11.0,1.0,1.0,0.0,125.61,5,1,1,7,Recent Customers
52415,0,,Mobile,1,7.0,Debit Card,Male,3.0,4,Mobile Phone,3,Married,2,0,14.0,0.0,1.0,0.0,115.63,5,1,1,7,Recent Customers
52416,0,1.0,Computer,3,13.0,Debit Card,Male,2.0,3,Laptop & Accessory,5,Single,1,0,14.0,1.0,1.0,3.0,148.98,3,1,2,6,Hibernating
52417,0,22.0,Mobile,1,9.0,Credit Card,Female,2.0,4,Laptop & Accessory,5,Married,5,0,25.0,0.0,1.0,2.0,147.89,4,1,2,7,Recent Customers
52418,0,2.0,Computer,1,8.0,Debit Card,Female,3.0,3,Mobile,4,Married,1,0,13.0,1.0,1.0,2.0,131.8,4,1,1,6,Recent Customers
52419,0,1.0,Mobile,1,35.0,Debit Card,Male,3.0,5,Laptop & Accessory,4,Married,2,0,14.0,0.0,1.0,7.0,165.49,2,2,3,7,Hibernating
52420,0,6.0,Mobile,1,14.0,Debit Card,Male,3.0,3,Laptop & Accessory,3,Single,3,1,17.0,1.0,1.0,0.0,163.88,5,2,3,10,Recent Customers
52421,0,5.0,Mobile,1,16.0,Credit Card,Male,3.0,3,Fashion,1,Single,3,0,25.0,0.0,1.0,,212.44,5,2,5,12,Recent Customers
52422,0,27.0,Computer,1,17.0,Credit Card,Female,2.0,3,Grocery,1,Married,4,0,20.0,0.0,,12.0,260.32,1,5,5,11,Champions
52423,1,0.0,Mobile,1,,Cash on Delivery,Male,3.0,4,Mobile,5,Single,7,0,13.0,1.0,1.0,7.0,123.62,2,1,1,4,Hibernating
52424,0,17.0,Mobile,1,34.0,Debit Card,Male,2.0,3,Grocery,5,Married,4,0,13.0,,14.0,17.0,263.28,1,5,5,11,Champions
52425,0,12.0,Mobile,1,12.0,Debit Card,Female,2.0,3,Fashion,4,Single,5,0,18.0,2.0,2.0,2.0,183.76,4,3,4,11,Loyal
52426,0,19.0,Mobile,3,9.0,Debit Card,Female,2.0,3,Grocery,4,Married,9,0,12.0,,5.0,1.0,266.06,5,4,5,14,Champions
52427,0,8.0,Mobile,1,22.0,Debit Card,Female,3.0,4,Fashion,4,Single,2,0,19.0,3.0,3.0,3.0,186.06,3,4,4,11,Champions
52428,0,,Mobile,1,26.0,Debit Card,Male,3.0,3,Laptop & Accessory,3,Single,1,0,14.0,1.0,1.0,2.0,122.72,4,1,1,6,Recent Customers
52429,1,,Mobile,1,15.0,Debit Card,Male,2.0,3,Mobile,5,Single,4,0,14.0,1.0,1.0,0.0,120.18,5,1,1,7,Recent Customers
52430,0,7.0,Mobile,3,7.0,Cash on Delivery,Male,3.0,4,Fashion,3,Married,2,1,14.0,7.0,8.0,6.0,170.83,2,5,3,10,Loyal
52431,1,0.0,Computer,1,9.0,Debit Card,Female,2.0,3,Mobile Phone,3,Single,2,0,12.0,2.0,7.0,7.0,140.84,2,5,2,9,At Risk
52432,0,23.0,Computer,1,28.0,Credit Card,Male,2.0,5,Grocery,1,Single,2,1,13.0,1.0,,9.0,244.11,1,5,5,11,Champions
52433,0,,Mobile,3,13.0,Cash on Delivery,Male,2.0,3,Mobile,3,Married,1,1,25.0,3.0,5.0,7.0,123.08,2,4,1,7,At Risk
52434,0,15.0,Mobile,1,8.0,Credit Card,Male,3.0,4,Mobile Phone,4,Married,5,0,14.0,0.0,1.0,0.0,148.41,5,1,2,8,Recent Customers
52435,0,10.0,Mobile,1,19.0,Credit Card,Male,2.0,3,Laptop & Accessory,1,Married,2,0,17.0,2.0,3.0,7.0,142.85,2,4,2,8,At Risk
52436,0,2.0,Mobile,1,14.0,UPI,Female,2.0,5,Laptop & Accessory,5,Married,4,0,13.0,1.0,1.0,7.0,197.15,2,2,4,8,Hibernating
52437,0,6.0,Mobile,1,31.0,Debit Card,Male,2.0,4,Laptop & Accessory,4,Single,2,0,13.0,1.0,1.0,2.0,143.2,4,1,2,7,Recent Customers
52438,0,,Mobile,1,34.0,Cash on Delivery,Male,3.0,3,Mobile,1,Married,5,0,20.0,1.0,1.0,3.0,121.32,3,1,1,5,Hibernating
52439,0,15.0,Computer,1,8.0,Debit Card,Male,2.0,3,Fashion,1,Married,3,1,14.0,4.0,13.0,9.0,201.24,1,5,4,10,Champions
52440,0,13.0,Mobile,3,15.0,Credit Card,Male,2.0,3,Laptop & Accessory,5,Married,1,0,12.0,7.0,7.0,1.0,154.73,5,5,3,13,Loyal
52441,0,6.0,Mobile,1,34.0,Debit Card,Male,3.0,3,Laptop & Accessory,3,Married,2,1,12.0,4.0,5.0,7.0,152.07,2,4,2,8,At Risk
52442,0,13.0,Mobile,2,12.0,Credit Card,Male,2.0,3,Grocery,1,Single,2,1,21.0,,7.0,7.0,264.37,2,5,5,12,Champions
52443,0,,Mobile,1,27.0,Cash on Delivery,Male,2.0,4,Mobile,5,Married,1,0,14.0,0.0,1.0,0.0,122.96,5,1,1,7,Recent Customers
52444,0,13.0,Computer,1,14.0,Debit Card,Male,3.0,3,Laptop & Accessory,1,Married,4,1,18.0,1.0,2.0,2.0,140.69,4,2,1,7,Recent Customers
52445,0,18.0,Mobile,1,7.0,Cash on Delivery,Male,3.0,3,Fashion,4,Married,2,0,12.0,3.0,7.0,7.0,174.41,2,5,4,11,Champions
52446,0,8.0,Mobile,3,,Debit Card,Female,3.0,4,Mobile,3,Married,1,0,23.0,2.0,4.0,2.0,124.3,4,4,1,9,Hibernating
52447,0,5.0,Mobile,1,11.0,Debit Card,Female,3.0,4,Laptop & Accessory,4,Married,4,0,12.0,1.0,2.0,5.0,158.78,2,3,3,8,Loyal
52448,0,9.0,Mobile,3,,Debit Card,Male,3.0,3,Mobile,1,Single,4,1,21.0,1.0,1.0,2.0,126.44,4,1,1,6,Recent Customers
52449,0,21.0,Mobile,3,22.0,Debit Card,Female,3.0,3,Laptop & Accessory,3,Married,9,0,14.0,7.0,7.0,7.0,164.39,2,5,3,10,Loyal
52450,0,2.0,Mobile,1,,Debit Card,Male,3.0,1,Mobile,3,Married,7,0,18.0,0.0,1.0,0.0,124.51,5,1,1,7,Recent Customers
52451,0,6.0,Mobile,3,14.0,Debit Card,Male,2.0,3,Laptop & Accessory,5,Married,3,0,13.0,2.0,2.0,2.0,163.92,4,3,3,10,Loyal
52452,1,0.0,Mobile,3,7.0,Debit Card,Male,3.0,4,Laptop & Accessory,5,Married,2,0,11.0,1.0,6.0,7.0,197.14,2,5,4,11,Champions
52453,0,11.0,Computer,2,16.0,UPI,Male,3.0,3,Laptop & Accessory,3,Married,4,0,11.0,0.0,1.0,2.0,160.77,4,2,3,9,Recent Customers
52454,0,8.0,Mobile,1,,Credit Card,Male,3.0,4,Mobile,5,Single,2,0,19.0,1.0,1.0,2.0,124.5,4,1,1,6,Recent Customers
52455,0,7.0,Mobile,3,35.0,Cash on Delivery,Male,2.0,3,Fashion,4,Married,4,0,12.0,1.0,1.0,3.0,192.5,3,2,4,9,Hibernating
52456,1,,Mobile,1,8.0,Debit Card,Female,3.0,3,Mobile,5,Married,2,1,12.0,1.0,1.0,0.0,120.74,5,1,1,7,Recent Customers
52457,1,16.0,Mobile,1,8.0,Cash on Delivery,Female,3.0,4,Fashion,1,Married,1,0,16.0,0.0,1.0,9.0,201.69,1,2,4,7,Hibernating
52458,1,1.0,Mobile,1,8.0,Credit Card,Male,2.0,3,Laptop & Accessory,4,Married,5,0,11.0,1.0,1.0,4.0,148.55,2,1,2,5,Hibernating
52459,0,5.0,Computer,1,7.0,Cash on Delivery,Male,3.0,3,Laptop & Accessory,5,Married,5,0,14.0,0.0,1.0,2.0,140.87,4,1,2,7,Recent Customers
52460,0,21.0,Mobile,1,,UPI,Female,3.0,3,Mobile,5,Married,9,0,12.0,6.0,7.0,6.0,123.67,2,5,1,8,At Risk
52461,0,7.0,Mobile,1,13.0,Credit Card,Male,,3,Mobile,1,Single,2,0,13.0,0.0,1.0,0.0,129.72,5,1,1,7,Recent Customers
52462,0,28.0,Mobile,3,32.0,E wallet,Male,2.0,4,Others,1,Married,2,0,,0.0,2.0,13.0,295.86,1,4,5,10,Champions
52463,0,7.0,Mobile,1,7.0,Debit Card,Male,2.0,3,Laptop & Accessory,1,Married,10,0,17.0,0.0,2.0,1.0,154.84,5,3,3,11,Loyal
52464,0,,Mobile,1,9.0,Debit Card,Female,2.0,3,Mobile,1,Married,2,0,21.0,1.0,1.0,0.0,120.61,5,1,1,7,Recent Customers
52465,0,11.0,Mobile,3,20.0,Debit Card,Male,3.0,3,Laptop & Accessory,4,Married,1,0,11.0,3.0,7.0,7.0,199.24,2,5,4,11,Champions
52466,0,11.0,Mobile,3,22.0,Debit Card,Female,2.0,3,Laptop & Accessory,4,Single,3,0,12.0,1.0,1.0,2.0,141.98,4,1,2,7,Recent Customers
52467,0,9.0,Mobile,3,7.0,Debit Card,Female,3.0,3,Laptop & Accessory,3,Single,7,0,13.0,1.0,1.0,0.0,168.15,5,2,3,10,Recent Customers
52468,0,2.0,Mobile,1,9.0,Credit Card,Male,2.0,3,Mobile Phone,5,Single,2,1,18.0,0.0,1.0,5.0,147.23,2,1,2,5,Hibernating
52469,0,8.0,Mobile,1,16.0,Credit Card,Female,2.0,3,Laptop & Accessory,3,Single,4,1,16.0,0.0,1.0,4.0,161.42,2,2,3,7,Hibernating
52470,0,12.0,Mobile,3,12.0,Credit Card,Male,2.0,1,Fashion,3,Married,3,0,11.0,3.0,7.0,6.0,182.37,2,5,4,11,Champions
52471,0,2.0,Computer,1,8.0,Debit Card,Male,2.0,3,Laptop & Accessory,1,Married,2,0,19.0,1.0,1.0,3.0,188.53,3,2,4,9,Hibernating
52472,0,23.0,Mobile,3,15.0,E wallet,Male,2.0,3,Others,3,Married,5,1,,0.0,1.0,0.0,293.31,5,2,5,12,Recent Customers
52473,0,,Mobile,1,16.0,Cash on Delivery,Male,2.0,1,Mobile,3,Married,3,0,16.0,0.0,2.0,2.0,120.73,4,2,1,7,Recent Customers
52474,0,9.0,Computer,1,12.0,Debit Card,Male,3.0,1,Laptop & Accessory,5,Married,4,1,13.0,0.0,1.0,2.0,155.62,4,2,3,9,Recent Customers
52475,0,15.0,Mobile,1,15.0,UPI,Male,3.0,4,Others,1,Single,9,0,,1.0,1.0,1.0,296.13,4,2,5,11,Recent Customers
52476,0,8.0,Mobile,1,34.0,Debit Card,Male,2.0,1,Laptop & Accessory,3,Married,2,0,17.0,6.0,6.0,8.0,134.07,1,5,1,7,At Risk
52477,0,7.0,Computer,1,16.0,Cash on Delivery,Male,3.0,4,Laptop & Accessory,3,Married,2,0,14.0,1.0,7.0,7.0,150.63,2,5,2,9,At Risk
52478,0,13.0,Mobile,3,20.0,Debit Card,Female,2.0,3,Laptop & Accessory,5,Married,2,0,15.0,0.0,1.0,2.0,146.39,4,1,2,7,Recent Customers
52479,0,16.0,Mobile,1,33.0,Cash on Delivery,Male,2.0,1,Mobile Phone,4,Married,6,0,12.0,1.0,1.0,2.0,148.76,4,1,2,7,Recent Customers
52480,0,8.0,Mobile,1,13.0,Debit Card,Male,,4,Mobile,1,Married,2,0,18.0,1.0,1.0,1.0,126.9,4,1,1,6,Recent Customers
52481,0,19.0,Mobile,3,7.0,Debit Card,Male,2.0,1,Grocery,5,Single,2,0,15.0,,1.0,12.0,275.67,1,2,5,8,Hibernating
52482,1,0.0,Mobile,1,,Credit Card,Male,2.0,3,Mobile,4,Married,2,1,17.0,0.0,1.0,0.0,124.08,5,1,1,7,Recent Customers
52483,0,0.0,Computer,1,32.0,UPI,Female,,4,Mobile,3,Married,2,1,14.0,1.0,1.0,3.0,128.14,3,1,1,5,Hibernating
52484,0,23.0,Computer,1,26.0,Credit Card,Male,2.0,3,Grocery,3,Married,3,1,15.0,0.0,12.0,,212.45,5,5,5,15,Champions
52485,0,5.0,Mobile,1,11.0,UPI,Female,2.0,1,Mobile,1,Married,4,0,17.0,1.0,1.0,2.0,133.12,4,1,1,6,Recent Customers
52486,0,17.0,Mobile,1,13.0,Credit Card,Female,2.0,3,Others,1,Married,1,1,14.0,,1.0,10.0,290.49,1,2,5,8,Hibernating
52487,0,,Mobile,1,13.0,Credit Card,Male,2.0,4,Mobile,4,Married,2,0,12.0,1.0,1.0,1.0,121.41,4,1,1,6,Recent Customers
52488,0,18.0,Mobile,1,11.0,Credit Card,Female,2.0,5,Laptop & Accessory,5,Single,2,1,14.0,0.0,1.0,4.0,157.69,2,2,3,7,Hibernating
52489,0,18.0,Computer,3,32.0,E wallet,Male,2.0,4,Laptop & Accessory,5,Married,2,0,15.0,3.0,4.0,5.0,143.85,2,4,2,8,At Risk
52490,0,4.0,Computer,3,8.0,UPI,Male,2.0,3,Laptop & Accessory,5,Single,8,0,13.0,1.0,1.0,3.0,153.32,3,1,2,6,Hibernating
52491,0,9.0,Mobile,1,18.0,Debit Card,Female,3.0,3,Laptop & Accessory,3,Married,10,1,12.0,0.0,1.0,1.0,146.63,4,1,2,7,Recent Customers
52492,0,7.0,Computer,1,16.0,Debit Card,Male,2.0,1,Laptop & Accessory,1,Married,2,0,13.0,3.0,7.0,2.0,147.24,4,5,2,11,Hibernating
52493,0,22.0,Mobile,1,31.0,Debit Card,Female,2.0,3,Mobile,5,Married,2,0,14.0,1.0,1.0,4.0,132.11,2,1,1,4,Hibernating
52494,0,12.0,Mobile,1,16.0,Credit Card,Male,3.0,3,Laptop & Accessory,5,Married,3,0,13.0,3.0,7.0,7.0,153.77,2,5,3,10,Loyal
52495,0,0.0,Mobile,1,25.0,UPI,Male,3.0,4,Mobile Phone,5,Married,2,0,11.0,0.0,1.0,7.0,140.66,2,1,1,4,Hibernating
52496,0,8.0,Mobile,1,24.0,Debit Card,Male,2.0,1,Laptop & Accessory,5,Married,2,0,11.0,1.0,1.0,10.0,152.08,1,1,2,4,Hibernating
52497,0,1.0,Mobile,1,33.0,Credit Card,Female,2.0,5,Laptop & Accessory,5,Married,1,0,21.0,1.0,1.0,0.0,148.77,5,1,2,8,Recent Customers
52498,0,0.0,Mobile,1,11.0,Credit Card,Male,,3,Mobile,1,Single,2,0,18.0,0.0,2.0,2.0,131.17,4,2,1,7,Recent Customers
52499,1,,Computer,3,9.0,Credit Card,Female,3.0,3,Mobile Phone,1,Single,2,1,12.0,1.0,1.0,0.0,115.69,5,1,1,7,Recent Customers
52500,0,20.0,Mobile,2,32.0,Debit Card,Female,3.0,3,Others,3,Married,4,0,,1.0,1.0,0.0,296.58,5,2,5,12,Recent Customers
52501,0,12.0,Mobile,1,9.0,Credit Card,Male,,4,Laptop & Accessory,3,Married,1,0,15.0,0.0,1.0,7.0,130.69,2,1,1,4,Hibernating
52502,0,13.0,Mobile,1,21.0,Debit Card,Female,3.0,4,Fashion,3,Married,2,0,13.0,6.0,14.0,12.0,204.35,1,5,4,10,Champions
52503,0,8.0,Computer,1,14.0,Debit Card,Female,2.0,3,Laptop & Accessory,3,Married,2,0,12.0,0.0,2.0,9.0,141.48,1,2,2,5,Hibernating
52504,0,10.0,Mobile,1,25.0,Debit Card,Male,2.0,3,Laptop & Accessory,3,Married,4,0,17.0,0.0,1.0,2.0,157.68,4,2,3,9,Recent Customers
52505,0,12.0,Computer,1,10.0,Credit Card,Female,2.0,3,Laptop & Accessory,3,Single,1,0,13.0,3.0,3.0,8.0,150.42,1,4,2,7,At Risk
52506,0,18.0,Mobile,1,8.0,UPI,Female,2.0,4,Laptop & Accessory,1,Married,2,0,19.0,3.0,3.0,9.0,157.7,1,4,3,8,Loyal
52507,0,11.0,Mobile,1,8.0,Credit Card,Female,2.0,4,Fashion,3,Married,4,1,19.0,0.0,1.0,2.0,177.56,4,2,4,10,Recent Customers
52508,1,0.0,Mobile,3,16.0,Credit Card,Male,2.0,4,Fashion,5,Married,10,0,17.0,0.0,6.0,0.0,203.06,5,5,4,14,Champions
52509,0,10.0,Mobile,1,16.0,Credit Card,Female,3.0,3,Mobile Phone,4,Married,2,0,11.0,4.0,7.0,7.0,139.36,2,5,1,8,At Risk
52510,0,13.0,Mobile,1,22.0,Debit Card,Female,2.0,3,Fashion,1,Single,7,1,15.0,3.0,3.0,3.0,179.45,3,4,4,11,Champions
52511,0,17.0,Computer,2,7.0,UPI,Male,2.0,3,Laptop & Accessory,1,Married,5,1,11.0,1.0,1.0,2.0,157.43,4,2,3,9,Recent Customers
52512,0,21.0,Computer,1,10.0,Credit Card,Male,2.0,4,Grocery,1,Married,3,0,25.0,0.0,,2.0,252.02,4,5,5,14,Champions
52513,1,0.0,Mobile,3,21.0,Credit Card,Male,2.0,5,Laptop & Accessory,1,Married,7,1,14.0,0.0,2.0,2.0,154.4,4,3,3,10,Loyal
52514,0,0.0,Computer,1,8.0,Cash on Delivery,Female,2.0,3,Mobile Phone,1,Single,2,1,13.0,0.0,1.0,3.0,137.6,3,1,1,5,Hibernating
52515,0,0.0,Mobile,1,14.0,Credit Card,Female,2.0,1,Mobile,3,Married,8,0,17.0,0.0,1.0,2.0,135.17,4,1,1,6,Recent Customers
52516,0,0.0,Computer,1,,Credit Card,Male,2.0,3,Mobile,1,Single,3,0,13.0,0.0,1.0,2.0,125.8,4,1,1,6,Recent Customers
52517,1,,Mobile,1,13.0,Debit Card,Male,3.0,3,Mobile,5,Single,4,1,14.0,0.0,1.0,3.0,121.66,3,1,1,5,Hibernating
52518,0,2.0,Mobile,3,16.0,Credit Card,Male,2.0,4,Laptop & Accessory,3,Single,10,0,11.0,1.0,1.0,4.0,158.69,2,2,3,7,Hibernating
52519,0,9.0,Mobile,1,11.0,Debit Card,Female,2.0,3,Fashion,5,Married,5,0,12.0,1.0,1.0,2.0,180.08,4,2,4,10,Recent Customers
52520,0,0.0,Computer,1,8.0,Debit Card,Male,3.0,1,Laptop & Accessory,3,Married,2,0,17.0,1.0,1.0,7.0,152.06,2,1,2,5,Hibernating
52521,0,12.0,Mobile,1,18.0,Credit Card,Male,3.0,3,Laptop & Accessory,4,Married,5,0,21.0,1.0,1.0,0.0,152.95,5,1,2,8,Recent Customers
52522,0,22.0,Mobile,1,28.0,UPI,Female,3.0,3,Grocery,4,Married,4,0,16.0,,1.0,2.0,264.13,4,2,5,11,Recent Customers
52523,0,23.0,Mobile,1,23.0,Debit Card,Female,2.0,4,Fashion,5,Married,6,0,15.0,0.0,,11.0,232.69,1,5,5,11,Champions
52524,0,0.0,Mobile,3,8.0,Credit Card,Female,,3,Mobile,3,Single,2,0,19.0,0.0,2.0,2.0,127.83,4,2,1,7,Recent Customers
52525,0,7.0,Mobile,1,9.0,Debit Card,Female,3.0,3,Laptop & Accessory,4,Married,2,0,12.0,1.0,7.0,9.0,154.33,1,5,3,9,Loyal
52526,0,,Mobile,1,13.0,Debit Card,Male,3.0,3,Mobile,4,Single,3,0,11.0,0.0,1.0,3.0,120.13,3,1,1,5,Hibernating
52527,0,22.0,Mobile,1,12.0,Debit Card,Female,2.0,4,Grocery,3,Married,3,1,19.0,2.0,,12.0,239.66000000000005,1,5,5,11,Champions
52528,0,9.0,Computer,1,7.0,Credit Card,Female,2.0,4,Laptop & Accessory,3,Married,1,0,15.0,0.0,1.0,2.0,143.74,4,1,2,7,Recent Customers
52529,0,9.0,Mobile,1,9.0,Debit Card,Male,3.0,1,Laptop & Accessory,5,Married,7,0,20.0,0.0,1.0,4.0,168.42,2,2,3,7,Hibernating
52530,0,27.0,Mobile,1,28.0,Credit Card,Female,3.0,3,Grocery,3,Married,4,0,25.0,,4.0,7.0,274.26,2,4,5,11,Champions
52531,0,16.0,Mobile,1,21.0,Debit Card,Male,3.0,4,Grocery,3,Married,2,0,24.0,,6.0,11.0,276.03,1,5,5,11,Champions
52532,1,0.0,Computer,3,18.0,UPI,Male,2.0,3,Laptop & Accessory,1,Single,4,1,24.0,5.0,6.0,7.0,145.81,2,5,2,9,At Risk
52533,0,11.0,Computer,1,7.0,Debit Card,Male,2.0,3,Laptop & Accessory,1,Married,8,0,15.0,1.0,2.0,9.0,147.35,1,2,2,5,Hibernating
52534,0,2.0,Mobile,3,11.0,Credit Card,Male,2.0,4,Laptop & Accessory,4,Married,2,1,13.0,0.0,1.0,9.0,141.87,1,1,2,4,Hibernating
52535,0,6.0,Mobile,3,8.0,Credit Card,Male,3.0,3,Laptop & Accessory,1,Married,2,0,14.0,1.0,1.0,4.0,155.05,2,2,3,7,Hibernating
52536,0,5.0,Mobile,1,8.0,Credit Card,Male,2.0,3,Laptop & Accessory,4,Married,1,0,13.0,1.0,1.0,6.0,154.7,2,2,3,7,Hibernating
52537,0,4.0,Mobile,3,11.0,Debit Card,Female,3.0,3,Laptop & Accessory,1,Married,2,0,11.0,0.0,1.0,2.0,154.76,4,2,3,9,Recent Customers
52538,0,22.0,Mobile,1,,Credit Card,Female,3.0,3,Mobile,5,Married,5,1,16.0,0.0,2.0,2.0,125.87,4,2,1,7,Recent Customers
52539,0,11.0,Computer,1,,Credit Card,Female,2.0,4,Mobile,4,Single,2,0,22.0,0.0,3.0,3.0,124.4,3,4,1,8,Hibernating
52540,0,20.0,Mobile,3,8.0,Debit Card,Female,2.0,1,Grocery,4,Married,7,0,14.0,1.0,,2.0,259.72,4,5,5,14,Champions
52541,0,22.0,Mobile,1,7.0,Debit Card,Male,2.0,3,Grocery,3,Single,5,0,14.0,1.0,,0.0,253.79,5,5,5,15,Champions
52542,0,14.0,Mobile,3,29.0,Debit Card,Male,3.0,3,Fashion,3,Single,4,1,16.0,0.0,1.0,2.0,170.82,4,2,3,9,Recent Customers
52543,0,0.0,Mobile,3,15.0,Debit Card,Male,,3,Mobile,5,Single,2,0,11.0,0.0,1.0,2.0,127.28,4,1,1,6,Recent Customers
52544,0,6.0,Computer,3,22.0,Debit Card,Female,2.0,3,Laptop & Accessory,1,Married,2,1,25.0,0.0,1.0,2.0,153.68,4,1,3,8,Recent Customers
52545,0,9.0,Mobile,1,32.0,Debit Card,Male,3.0,3,Laptop & Accessory,3,Married,7,0,14.0,1.0,1.0,2.0,153.47,4,1,2,7,Recent Customers
52546,0,17.0,Mobile,2,7.0,Debit Card,Female,2.0,3,Mobile,1,Married,5,1,18.0,2.0,2.0,2.0,131.95,4,2,1,7,Recent Customers
52547,1,0.0,Mobile,1,14.0,Credit Card,Male,3.0,4,Mobile Phone,3,Single,2,1,11.0,1.0,1.0,2.0,139.89,4,1,1,6,Recent Customers
52548,0,11.0,Mobile,1,10.0,Credit Card,Female,2.0,3,Mobile,3,Married,8,0,19.0,0.0,1.0,0.0,133.06,5,1,1,7,Recent Customers
52549,0,26.0,Mobile,1,30.0,Credit Card,Male,2.0,1,Fashion,1,Married,4,0,15.0,0.0,1.0,2.0,170.05,4,2,3,9,Recent Customers
52550,1,11.0,Computer,3,,Credit Card,Female,3.0,3,Mobile,3,Married,3,1,11.0,1.0,7.0,7.0,126.55,2,5,1,8,At Risk
52551,1,,Mobile,1,8.0,Debit Card,Male,3.0,3,Mobile Phone,4,Single,2,0,12.0,0.0,1.0,0.0,113.93,5,1,1,7,Recent Customers
52552,0,0.0,Computer,1,,Credit Card,Male,3.0,3,Mobile,1,Single,2,0,20.0,0.0,5.0,7.0,125.7,2,4,1,7,At Risk
52553,0,28.0,Mobile,1,28.0,Cash on Delivery,Male,3.0,4,Mobile,4,Married,6,0,12.0,1.0,1.0,2.0,135.37,4,1,1,6,Recent Customers
52554,0,7.0,Mobile,1,11.0,Credit Card,Male,2.0,4,Laptop & Accessory,1,Married,2,0,14.0,0.0,4.0,13.0,139.86,1,4,1,6,At Risk
52555,0,30.0,Mobile,1,7.0,Credit Card,Male,3.0,5,Fashion,1,Married,4,0,20.0,1.0,1.0,0.0,208.83,5,2,5,12,Recent Customers
52556,0,,Mobile,1,27.0,Credit Card,Male,3.0,1,Mobile,4,Married,2,0,18.0,0.0,2.0,13.0,120.28,1,2,1,4,Hibernating
52557,0,10.0,Computer,3,7.0,Credit Card,Male,2.0,5,Laptop & Accessory,1,Married,2,0,14.0,1.0,1.0,3.0,195.25,3,2,4,9,Hibernating
52558,0,7.0,Mobile,1,25.0,Debit Card,Female,,4,Mobile,1,Married,2,0,12.0,1.0,8.0,7.0,129.29,2,5,1,8,At Risk
52559,1,,Mobile,3,13.0,Debit Card,Male,3.0,3,Mobile,1,Married,2,1,21.0,1.0,1.0,2.0,122.75,4,1,1,6,Recent Customers
52560,0,17.0,Mobile,1,8.0,Debit Card,Female,3.0,1,Fashion,1,Married,2,1,19.0,1.0,6.0,7.0,178.79,2,5,4,11,Champions
52561,0,8.0,Computer,1,8.0,Credit Card,Male,3.0,4,Mobile Phone,1,Single,1,1,14.0,1.0,1.0,4.0,149.3,2,1,2,5,Hibernating
52562,0,16.0,Mobile,3,8.0,Credit Card,Male,3.0,3,Laptop & Accessory,1,Married,2,1,17.0,3.0,8.0,8.0,178.47,2,5,4,11,Champions
52563,0,0.0,Mobile,1,15.0,Credit Card,Male,3.0,1,Mobile Phone,3,Married,2,0,16.0,0.0,1.0,4.0,144.01,2,1,2,5,Hibernating
52564,0,14.0,Mobile,3,12.0,E wallet,Male,2.0,3,Fashion,3,Single,2,0,12.0,3.0,8.0,7.0,192.41,2,5,4,11,Champions
52565,0,2.0,Mobile,1,15.0,Credit Card,Female,,3,Mobile,3,Married,10,0,17.0,0.0,1.0,2.0,129.74,4,1,1,6,Recent Customers
52566,0,9.0,Mobile,3,8.0,Debit Card,Female,2.0,3,Laptop & Accessory,1,Single,4,0,15.0,6.0,6.0,7.0,145.02,2,5,2,9,At Risk
52567,0,18.0,Computer,1,7.0,Debit Card,Male,3.0,4,Fashion,3,Married,4,0,23.0,4.0,14.0,4.0,207.48,3,5,4,12,Champions
52568,1,,Mobile,2,28.0,UPI,Male,2.0,5,Mobile Phone,3,Married,2,0,11.0,0.0,1.0,0.0,115.55,5,1,1,7,Recent Customers
52569,1,10.0,Computer,3,15.0,Debit Card,Male,2.0,5,Grocery,3,Married,8,0,11.0,6.0,14.0,,229.36,5,5,5,15,Champions
52570,0,,Mobile,1,23.0,Credit Card,Male,3.0,5,Mobile,3,Married,2,0,15.0,1.0,1.0,2.0,123.05,4,1,1,6,Recent Customers
52571,0,18.0,Mobile,1,34.0,Cash on Delivery,Female,2.0,4,Grocery,4,Single,2,0,11.0,,8.0,6.0,267.04,2,5,5,12,Champions
52572,0,5.0,Computer,1,16.0,Debit Card,Male,2.0,3,Mobile,3,Married,7,0,13.0,0.0,1.0,3.0,134.33,3,1,1,5,Hibernating
52573,0,4.0,Mobile,1,8.0,Debit Card,Male,3.0,3,Mobile,3,Married,2,0,14.0,1.0,1.0,3.0,134.77,3,1,1,5,Hibernating
52574,0,14.0,Computer,2,10.0,UPI,Male,2.0,5,Laptop & Accessory,4,Married,7,0,19.0,0.0,1.0,2.0,164.3,4,2,3,9,Recent Customers
52575,0,13.0,Mobile,1,14.0,Debit Card,Female,3.0,3,Laptop & Accessory,5,Married,3,1,16.0,1.0,1.0,0.0,165.16,5,2,3,10,Recent Customers
52576,0,0.0,Mobile,1,35.0,Credit Card,Male,3.0,3,Mobile Phone,5,Married,2,0,13.0,1.0,1.0,2.0,139.07,4,1,1,6,Recent Customers
52577,0,19.0,Mobile,1,19.0,Debit Card,Male,2.0,3,Laptop & Accessory,4,Single,7,0,14.0,1.0,1.0,9.0,155.62,1,2,3,6,Hibernating
52578,0,8.0,Mobile,1,33.0,Debit Card,Male,2.0,3,Laptop & Accessory,3,Married,3,0,16.0,1.0,1.0,7.0,168.83,2,2,3,7,Hibernating
52579,0,3.0,Mobile,1,22.0,Debit Card,Male,,3,Mobile,1,Married,2,0,12.0,0.0,1.0,8.0,128.62,1,1,1,3,Hibernating
52580,0,20.0,Computer,3,8.0,E wallet,Male,2.0,3,Laptop & Accessory,4,Married,8,0,11.0,0.0,1.0,0.0,149.78,5,1,2,8,Recent Customers
52581,0,19.0,Mobile,3,8.0,Debit Card,Male,3.0,3,Fashion,1,Married,5,1,12.0,0.0,1.0,3.0,203.68,3,2,4,9,Hibernating
52582,1,0.0,Mobile,3,19.0,E wallet,Male,3.0,4,Laptop & Accessory,5,Married,6,1,13.0,1.0,2.0,2.0,161.34,4,3,3,10,Loyal
52583,1,0.0,Mobile,3,7.0,Debit Card,Male,2.0,5,Laptop & Accessory,4,Single,7,0,15.0,0.0,1.0,0.0,167.35,5,2,3,10,Recent Customers
52584,0,0.0,Mobile,1,10.0,Credit Card,Female,2.0,3,Mobile,4,Single,2,0,13.0,0.0,1.0,2.0,132.95,4,1,1,6,Recent Customers
52585,0,4.0,Computer,1,30.0,Cash on Delivery,Female,1.0,3,Laptop & Accessory,1,Single,3,0,20.0,0.0,1.0,4.0,152.38,2,1,2,5,Hibernating
52586,0,12.0,Computer,1,7.0,Debit Card,Male,3.0,3,Laptop & Accessory,1,Married,2,1,15.0,0.0,5.0,8.0,164.72,1,4,3,8,Loyal
52587,0,5.0,Mobile,3,25.0,Debit Card,Male,3.0,5,Fashion,3,Married,4,0,13.0,0.0,1.0,2.0,196.1,4,2,4,10,Recent Customers
52588,0,13.0,Mobile,3,13.0,Credit Card,Male,2.0,3,Others,4,Single,2,0,,12.0,12.0,8.0,298.33,2,5,5,12,Champions
52589,0,18.0,Mobile,2,10.0,Debit Card,Female,2.0,5,Fashion,3,Married,5,0,21.0,1.0,1.0,3.0,197.56,3,2,4,9,Hibernating
52590,0,3.0,Computer,1,8.0,Cash on Delivery,Female,3.0,4,Mobile Phone,5,Single,1,0,16.0,0.0,1.0,7.0,149.68,2,1,2,5,Hibernating
52591,0,,Computer,2,16.0,Credit Card,Male,2.0,3,Mobile,1,Married,1,0,14.0,0.0,2.0,1.0,121.45,4,2,1,7,Recent Customers
52592,1,,Computer,2,14.0,UPI,Female,3.0,4,Mobile,1,Married,7,0,11.0,1.0,1.0,2.0,121.8,4,1,1,6,Recent Customers
52593,0,4.0,Mobile,3,11.0,Cash on Delivery,Male,2.0,3,Laptop & Accessory,3,Married,2,0,19.0,1.0,1.0,2.0,183.46,4,2,4,10,Recent Customers
52594,0,0.0,Mobile,1,14.0,Credit Card,Female,3.0,3,Mobile,1,Single,2,0,11.0,0.0,1.0,4.0,134.45,2,1,1,4,Hibernating
52595,1,0.0,Mobile,3,15.0,E wallet,Female,,5,Mobile,4,Single,2,0,13.0,2.0,2.0,2.0,127.6,4,2,1,7,Recent Customers
52596,0,2.0,Computer,1,7.0,Debit Card,Male,3.0,1,Laptop & Accessory,3,Single,9,1,12.0,1.0,1.0,2.0,162.94,4,2,3,9,Recent Customers
52597,0,3.0,Mobile,3,21.0,E wallet,Male,3.0,4,Fashion,5,Married,3,0,11.0,1.0,1.0,7.0,171.4,2,2,3,7,Hibernating
52598,0,7.0,Mobile,1,8.0,Credit Card,Male,,1,Mobile,1,Married,1,1,14.0,1.0,1.0,2.0,129.32,4,1,1,6,Recent Customers
52599,0,6.0,Computer,3,8.0,E wallet,Female,3.0,3,Laptop & Accessory,4,Single,9,0,15.0,1.0,1.0,7.0,151.47,2,1,2,5,Hibernating
52600,0,22.0,Mobile,3,17.0,E wallet,Female,3.0,3,Laptop & Accessory,1,Single,4,0,12.0,0.0,1.0,4.0,145.07,2,1,2,5,Hibernating
52601,1,0.0,Mobile,3,22.0,Debit Card,Female,3.0,3,Fashion,5,Single,3,1,20.0,1.0,1.0,0.0,185.64,5,2,4,11,Recent Customers
52602,0,11.0,Computer,1,,Credit Card,Female,3.0,4,Mobile,4,Married,5,0,14.0,0.0,1.0,5.0,124.68,2,1,1,4,Hibernating
52603,1,0.0,Mobile,3,22.0,E wallet,Male,3.0,3,Fashion,3,Married,3,0,13.0,0.0,1.0,0.0,181.61,5,2,4,11,Recent Customers
52604,0,,Mobile,1,10.0,Cash on Delivery,Female,3.0,4,Mobile,5,Married,2,0,13.0,0.0,1.0,0.0,121.09,5,1,1,7,Recent Customers
52605,0,3.0,Mobile,1,22.0,Debit Card,Male,2.0,1,Laptop & Accessory,3,Married,4,0,16.0,1.0,1.0,7.0,152.94,2,1,2,5,Hibernating
52606,0,5.0,Computer,1,11.0,Cash on Delivery,Male,,3,Mobile,4,Single,3,0,14.0,1.0,1.0,7.0,127.18,2,1,1,4,Hibernating
52607,0,11.0,Mobile,1,24.0,Credit Card,Male,2.0,5,Laptop & Accessory,1,Married,4,1,16.0,0.0,1.0,0.0,158.11,5,2,3,10,Recent Customers
52608,1,6.0,Computer,1,,Cash on Delivery,Male,2.0,4,Mobile,3,Married,10,1,16.0,1.0,1.0,0.0,124.37,5,1,1,7,Recent Customers
52609,0,15.0,Mobile,1,18.0,Credit Card,Male,,3,Mobile,4,Married,9,0,22.0,1.0,1.0,4.0,127.66,2,1,1,4,Hibernating
52610,0,28.0,Mobile,1,8.0,Credit Card,Male,2.0,4,Others,5,Married,9,0,12.0,,1.0,0.0,290.38,5,2,5,12,Recent Customers
52611,0,6.0,Computer,1,10.0,Cash on Delivery,Male,,3,Laptop & Accessory,4,Married,6,0,15.0,0.0,1.0,7.0,130.55,2,1,1,4,Hibernating
52612,0,,Mobile,1,15.0,Debit Card,Male,3.0,3,Mobile,5,Married,2,0,20.0,0.0,1.0,4.0,122.89,2,1,1,4,Hibernating
52613,0,7.0,Computer,3,16.0,Debit Card,Male,2.0,3,Laptop & Accessory,3,Married,2,1,14.0,1.0,1.0,7.0,140.01,2,1,1,4,Hibernating
52614,0,26.0,Computer,1,7.0,Credit Card,Female,2.0,4,Grocery,3,Married,5,1,20.0,1.0,1.0,,229.65,5,2,5,12,Recent Customers
52615,0,16.0,Mobile,2,8.0,Debit Card,Male,3.0,3,Mobile,1,Single,1,0,13.0,1.0,1.0,8.0,135.39,1,1,1,3,Hibernating
52616,0,7.0,Mobile,3,9.0,Debit Card,Female,2.0,5,Laptop & Accessory,1,Single,6,0,12.0,2.0,2.0,2.0,160.29,4,3,3,10,Loyal
52617,1,0.0,Mobile,3,13.0,E wallet,Male,,3,Mobile,4,Single,2,0,13.0,0.0,1.0,0.0,126.79,5,1,1,7,Recent Customers
52618,0,11.0,Mobile,1,12.0,UPI,Female,2.0,4,Mobile Phone,3,Married,2,0,11.0,1.0,1.0,4.0,137.02,2,1,1,4,Hibernating
52619,1,0.0,Mobile,1,,Credit Card,Female,3.0,3,Mobile,5,Married,2,1,17.0,0.0,1.0,0.0,123.98,5,1,1,7,Recent Customers
52620,0,4.0,Mobile,3,35.0,E wallet,Female,3.0,4,Laptop & Accessory,1,Married,2,0,14.0,0.0,5.0,7.0,154.68,2,4,3,9,Loyal
52621,0,24.0,Mobile,1,9.0,Cash on Delivery,Female,2.0,3,Fashion,3,Married,3,0,11.0,2.0,2.0,,231.16000000000005,5,4,5,14,Champions
52622,0,10.0,Mobile,3,15.0,E wallet,Male,2.0,4,Laptop & Accessory,4,Married,2,0,14.0,1.0,1.0,3.0,141.89,3,1,2,6,Hibernating
52623,0,19.0,Mobile,1,8.0,Credit Card,Male,2.0,3,Others,1,Married,8,1,,2.0,2.0,2.0,293.28,4,4,5,13,Champions
52624,0,9.0,Mobile,1,16.0,Debit Card,Male,2.0,3,Fashion,5,Married,8,1,13.0,2.0,5.0,7.0,183.21,2,4,4,10,Champions
52625,1,7.0,Computer,1,,Credit Card,Male,3.0,3,Mobile,4,Married,2,1,12.0,2.0,2.0,3.0,123.42,3,2,1,6,Hibernating
52626,0,10.0,Mobile,2,14.0,UPI,Male,2.0,3,Laptop & Accessory,4,Married,3,0,13.0,3.0,4.0,7.0,140.71,2,4,1,7,At Risk
52627,1,0.0,Mobile,3,33.0,Debit Card,Male,2.0,3,Laptop & Accessory,1,Single,2,1,18.0,3.0,7.0,7.0,158.13,2,5,3,10,Loyal
52628,0,6.0,Mobile,1,14.0,Debit Card,Male,,1,Mobile,5,Married,7,0,19.0,3.0,7.0,6.0,131.43,2,5,1,8,At Risk
52629,0,,Mobile,1,7.0,Debit Card,Male,2.0,3,Mobile,1,Married,2,0,11.0,0.0,1.0,3.0,120.44,3,1,1,5,Hibernating
52630,0,12.0,Mobile,1,16.0,Credit Card,Male,3.0,3,Fashion,3,Single,8,0,21.0,2.0,,2.0,234.64,4,5,5,14,Champions
52631,0,19.0,Computer,3,32.0,Debit Card,Male,3.0,4,Laptop & Accessory,4,Single,9,0,15.0,1.0,2.0,2.0,179.91,4,3,4,11,Loyal
52632,0,13.0,Mobile,1,8.0,Debit Card,Female,3.0,3,Mobile,5,Married,5,0,17.0,1.0,1.0,2.0,133.77,4,1,1,6,Recent Customers
52633,0,15.0,Mobile,1,19.0,Credit Card,Male,3.0,1,Laptop & Accessory,5,Married,6,0,18.0,1.0,1.0,0.0,155.38,5,2,3,10,Recent Customers
52634,0,8.0,Computer,1,8.0,Credit Card,Male,2.0,3,Laptop & Accessory,1,Married,3,0,14.0,1.0,1.0,7.0,157.62,2,2,3,7,Hibernating
52635,0,11.0,Computer,2,,UPI,Male,3.0,3,Mobile,4,Married,6,0,13.0,2.0,3.0,8.0,125.92,1,4,1,6,At Risk
52636,1,0.0,Computer,1,15.0,Debit Card,Male,3.0,3,Laptop & Accessory,5,Married,5,0,17.0,0.0,1.0,7.0,153.46,2,1,2,5,Hibernating
52637,1,0.0,Mobile,1,16.0,Credit Card,Male,2.0,3,Laptop & Accessory,5,Single,2,0,15.0,0.0,1.0,8.0,142.13,1,1,2,4,Hibernating
52638,0,12.0,Computer,3,26.0,Debit Card,Male,2.0,3,Laptop & Accessory,1,Married,3,0,18.0,1.0,2.0,2.0,141.27,4,2,2,8,Recent Customers
52639,0,16.0,Computer,1,,Debit Card,Male,2.0,3,Mobile,3,Single,5,0,13.0,1.0,1.0,2.0,124.38,4,1,1,6,Recent Customers
52640,0,14.0,Mobile,1,11.0,Debit Card,Male,2.0,1,Laptop & Accessory,4,Single,4,0,12.0,0.0,1.0,2.0,168.7,4,2,3,9,Recent Customers
52641,0,14.0,Mobile,3,10.0,E wallet,Female,2.0,3,Fashion,3,Married,1,1,13.0,5.0,13.0,5.0,204.47,2,5,4,11,Champions
52642,0,3.0,Mobile,1,16.0,Credit Card,Female,3.0,3,Fashion,3,Single,10,0,14.0,0.0,1.0,2.0,196.67,4,2,4,10,Recent Customers
52643,1,,Mobile,2,26.0,Credit Card,Female,3.0,3,Mobile,4,Married,1,1,11.0,0.0,1.0,4.0,121.48,2,1,1,4,Hibernating
52644,1,9.0,Mobile,1,27.0,Credit Card,Female,3.0,3,Laptop & Accessory,4,Married,5,0,22.0,3.0,3.0,7.0,189.26,2,4,4,10,Champions
52645,0,13.0,Mobile,1,7.0,Debit Card,Female,2.0,3,Laptop & Accessory,1,Married,5,0,17.0,0.0,1.0,3.0,165.13,3,2,3,8,Hibernating
52646,0,7.0,Mobile,3,14.0,Cash on Delivery,Male,3.0,1,Laptop & Accessory,3,Married,2,0,21.0,2.0,4.0,8.0,167.99,1,4,3,8,Loyal
52647,0,30.0,Computer,3,8.0,Credit Card,Male,2.0,3,Grocery,4,Married,5,0,22.0,,14.0,14.0,262.91,1,5,5,11,Champions
52648,0,8.0,Mobile,1,29.0,Credit Card,Male,,5,Mobile,3,Married,1,0,16.0,0.0,1.0,3.0,127.05,3,1,1,5,Hibernating
52649,0,20.0,Mobile,1,10.0,Debit Card,Female,3.0,4,Fashion,4,Married,9,1,12.0,5.0,14.0,10.0,203.33,1,5,4,10,Champions
52650,0,13.0,Mobile,1,18.0,Debit Card,Female,2.0,3,Laptop & Accessory,5,Married,3,0,12.0,1.0,7.0,7.0,144.48,2,5,2,9,At Risk
52651,0,27.0,Mobile,1,13.0,Credit Card,Female,3.0,3,Laptop & Accessory,1,Married,5,0,15.0,1.0,1.0,7.0,168.54,2,2,3,7,Hibernating
52652,0,4.0,Computer,3,13.0,E wallet,Female,3.0,3,Fashion,5,Married,3,0,14.0,2.0,2.0,2.0,196.37,4,4,4,12,Champions
52653,0,1.0,Mobile,1,7.0,Credit Card,Female,3.0,3,Mobile Phone,5,Married,2,0,25.0,1.0,1.0,2.0,135.91,4,1,1,6,Recent Customers
52654,0,11.0,Mobile,3,8.0,E wallet,Female,3.0,5,Laptop & Accessory,1,Married,3,1,20.0,0.0,1.0,3.0,154.05,3,2,3,8,Hibernating
52655,0,0.0,Mobile,3,16.0,Credit Card,Male,2.0,3,Laptop & Accessory,1,Single,2,0,13.0,1.0,1.0,2.0,146.84,4,1,2,7,Recent Customers
52656,0,30.0,Computer,1,21.0,Debit Card,Male,2.0,3,Grocery,3,Married,3,1,14.0,2.0,,2.0,257.87,4,5,5,14,Champions
52657,0,,Computer,1,20.0,Credit Card,Female,2.0,3,Mobile Phone,3,Single,2,0,16.0,1.0,1.0,0.0,115.14,5,1,1,7,Recent Customers
52658,1,0.0,Mobile,2,24.0,UPI,Male,,1,Mobile,5,Married,1,0,17.0,1.0,1.0,0.0,129.56,5,1,1,7,Recent Customers
52659,1,0.0,Mobile,2,,UPI,Male,2.0,4,Mobile,5,Married,5,1,15.0,2.0,2.0,0.0,123.35,5,2,1,8,Recent Customers
52660,0,18.0,Computer,3,8.0,Debit Card,Female,3.0,3,Laptop & Accessory,3,Married,5,0,22.0,3.0,5.0,7.0,151.54,2,4,2,8,At Risk
52661,0,9.0,Mobile,1,8.0,UPI,Female,3.0,3,Laptop & Accessory,4,Married,5,1,22.0,1.0,1.0,0.0,169.62,5,2,3,10,Recent Customers
52662,0,16.0,Computer,3,8.0,Debit Card,Male,3.0,3,Laptop & Accessory,1,Married,2,0,20.0,7.0,7.0,7.0,156.75,2,5,3,10,Loyal
52663,0,0.0,Computer,1,,Debit Card,Female,2.0,3,Mobile,1,Single,1,1,14.0,1.0,1.0,2.0,123.79,4,1,1,6,Recent Customers
52664,0,2.0,Computer,1,26.0,Credit Card,Male,2.0,3,Mobile Phone,1,Married,2,0,13.0,1.0,3.0,10.0,138.12,1,4,1,6,At Risk
52665,0,5.0,Computer,3,16.0,E wallet,Male,3.0,3,Laptop & Accessory,1,Single,9,0,13.0,0.0,1.0,0.0,146.48,5,1,2,8,Recent Customers
52666,0,15.0,Computer,1,16.0,Cash on Delivery,Male,,3,Mobile,3,Married,4,0,22.0,3.0,3.0,3.0,129.36,3,4,1,8,Hibernating
52667,0,,Mobile,1,15.0,Debit Card,Female,3.0,3,Mobile,3,Single,5,0,12.0,0.0,2.0,0.0,121.05,5,2,1,8,Recent Customers
52668,0,19.0,Mobile,1,8.0,Debit Card,Male,2.0,3,Fashion,1,Married,4,0,14.0,0.0,4.0,7.0,185.78,2,4,4,10,Champions
52669,0,1.0,Computer,2,7.0,Debit Card,Male,,3,Mobile,1,Married,2,0,15.0,1.0,2.0,2.0,127.06,4,2,1,7,Recent Customers
52670,0,2.0,Mobile,1,35.0,Debit Card,Male,3.0,5,Laptop & Accessory,3,Married,9,0,17.0,0.0,1.0,6.0,163.84,2,2,3,7,Hibernating
52671,0,15.0,Mobile,1,14.0,Debit Card,Male,2.0,3,Mobile Phone,3,Single,5,0,13.0,1.0,1.0,0.0,139.68,5,1,1,7,Recent Customers
52672,1,0.0,Mobile,3,8.0,E wallet,Male,2.0,4,Laptop & Accessory,4,Single,8,1,12.0,1.0,2.0,2.0,199.07,4,4,4,12,Champions
52673,0,19.0,Mobile,3,9.0,Cash on Delivery,Female,2.0,1,Grocery,5,Married,3,0,12.0,2.0,,8.0,232.25,2,5,5,12,Champions
52674,0,0.0,Mobile,3,29.0,Credit Card,Female,2.0,4,Laptop & Accessory,3,Married,2,0,21.0,3.0,5.0,8.0,135.4,1,4,1,6,At Risk
52675,0,2.0,Mobile,2,12.0,Credit Card,Male,,4,Mobile,4,Married,2,0,11.0,1.0,1.0,0.0,128.04,5,1,1,7,Recent Customers
52676,0,16.0,Mobile,1,12.0,Credit Card,Female,2.0,4,Others,3,Married,8,0,,6.0,6.0,14.0,293.92,1,5,5,11,Champions
52677,0,21.0,Mobile,1,16.0,Debit Card,Male,3.0,4,Others,4,Married,5,0,,3.0,12.0,9.0,296.65,1,5,5,11,Champions
52678,1,0.0,Computer,1,,Debit Card,Male,3.0,4,Mobile,1,Single,2,1,24.0,1.0,1.0,0.0,124.39,5,1,1,7,Recent Customers
52679,1,9.0,Mobile,3,16.0,Debit Card,Female,3.0,3,Fashion,4,Married,6,0,21.0,1.0,1.0,7.0,173.14,2,2,4,8,Hibernating
52680,0,0.0,Computer,1,21.0,Debit Card,Female,3.0,4,Mobile Phone,5,Married,1,0,19.0,0.0,7.0,3.0,147.74,4,5,2,11,Hibernating
52681,0,12.0,Mobile,1,25.0,UPI,Male,2.0,3,Laptop & Accessory,1,Married,9,0,14.0,0.0,2.0,2.0,139.02,4,2,1,7,Recent Customers
52682,0,28.0,Mobile,1,8.0,Cash on Delivery,Male,,4,Mobile,1,Married,9,0,20.0,1.0,1.0,4.0,126.62,2,1,1,4,Hibernating
52683,0,1.0,Mobile,3,9.0,Credit Card,Female,,3,Mobile,4,Married,2,0,19.0,1.0,1.0,0.0,128.56,5,1,1,7,Recent Customers
52684,1,0.0,Mobile,3,15.0,Credit Card,Male,2.0,3,Mobile Phone,1,Single,2,0,13.0,0.0,1.0,0.0,110.81,5,1,1,7,Recent Customers
52685,1,0.0,Mobile,1,,Debit Card,Male,3.0,3,Mobile,4,Single,2,1,23.0,1.0,1.0,0.0,124.72,5,1,1,7,Recent Customers
52686,0,9.0,Mobile,3,16.0,Cash on Delivery,Female,3.0,4,Laptop & Accessory,3,Married,2,1,13.0,0.0,1.0,7.0,156.73,2,2,3,7,Hibernating
52687,0,4.0,Mobile,1,26.0,Debit Card,Male,2.0,3,Laptop & Accessory,3,Married,2,0,11.0,0.0,1.0,2.0,141.97,4,1,2,7,Recent Customers
52688,0,7.0,Mobile,3,10.0,Debit Card,Male,3.0,3,Fashion,1,Married,3,1,13.0,0.0,1.0,0.0,197.13,5,2,4,11,Recent Customers
52689,0,,Mobile,1,13.0,Debit Card,Male,2.0,3,Mobile,5,Single,4,0,14.0,0.0,1.0,2.0,120.62,4,1,1,6,Recent Customers
52690,0,10.0,Mobile,1,13.0,Credit Card,Male,3.0,3,Laptop & Accessory,5,Married,6,1,22.0,0.0,1.0,4.0,142.84,2,1,2,5,Hibernating
52691,0,8.0,Mobile,1,22.0,UPI,Female,2.0,4,Laptop & Accessory,4,Married,1,1,11.0,0.0,1.0,2.0,147.88,4,1,2,7,Recent Customers
52692,0,18.0,Mobile,1,31.0,Debit Card,Female,3.0,4,Laptop & Accessory,1,Married,1,0,13.0,0.0,3.0,8.0,159.06,1,4,3,8,Loyal
52693,0,9.0,Computer,2,8.0,UPI,Male,3.0,4,Laptop & Accessory,1,Single,2,0,21.0,1.0,1.0,8.0,138.86,1,1,1,3,Hibernating
52694,0,13.0,Mobile,1,7.0,Debit Card,Male,3.0,3,Grocery,5,Married,3,0,11.0,,11.0,16.0,268.23,1,5,5,11,Champions
52695,0,0.0,Mobile,1,7.0,Debit Card,Female,,4,Mobile,3,Married,2,1,13.0,0.0,1.0,0.0,129.33,5,1,1,7,Recent Customers
52696,0,0.0,Mobile,3,8.0,Credit Card,Female,2.0,1,Laptop & Accessory,3,Single,1,0,14.0,0.0,1.0,7.0,165.0,2,2,3,7,Hibernating
52697,0,21.0,Computer,1,28.0,Credit Card,Female,2.0,3,Grocery,1,Married,4,0,11.0,,4.0,7.0,271.74,2,4,5,11,Champions
52698,0,17.0,Mobile,1,7.0,Debit Card,Male,3.0,1,Laptop & Accessory,5,Married,3,0,15.0,1.0,2.0,2.0,150.33,4,3,2,9,Hibernating
52699,1,,Computer,1,22.0,Cash on Delivery,Male,2.0,5,Mobile,5,Married,2,1,23.0,0.0,3.0,0.0,123.07,5,4,1,10,Hibernating
52700,1,19.0,Mobile,1,,Debit Card,Male,3.0,3,Mobile,1,Single,2,0,16.0,0.0,1.0,0.0,125.87,5,1,1,7,Recent Customers
52701,0,9.0,Mobile,3,23.0,E wallet,Male,2.0,4,Laptop & Accessory,4,Married,3,0,16.0,1.0,1.0,3.0,155.07,3,2,3,8,Hibernating
52702,0,14.0,Mobile,3,14.0,E wallet,Female,2.0,3,Laptop & Accessory,4,Married,6,0,21.0,0.0,1.0,4.0,143.93,2,1,2,5,Hibernating
52703,0,15.0,Mobile,1,12.0,Credit Card,Male,2.0,3,Fashion,5,Married,10,0,13.0,5.0,,7.0,233.48,2,5,5,12,Champions
52704,0,4.0,Mobile,3,16.0,Credit Card,Female,2.0,3,Laptop & Accessory,1,Married,3,1,11.0,1.0,1.0,4.0,165.83,2,2,3,7,Hibernating
52705,0,7.0,Mobile,3,9.0,Credit Card,Female,3.0,4,Laptop & Accessory,1,Married,4,1,12.0,0.0,1.0,1.0,181.03,4,2,4,10,Recent Customers
52706,0,4.0,Mobile,1,10.0,Credit Card,Female,3.0,1,Mobile Phone,3,Married,9,0,12.0,1.0,2.0,2.0,139.78,4,2,1,7,Recent Customers
52707,0,0.0,Computer,1,,UPI,Male,3.0,1,Mobile,1,Married,1,0,18.0,2.0,7.0,7.0,125.44,2,5,1,8,At Risk
52708,0,18.0,Computer,1,7.0,Credit Card,Male,2.0,3,Laptop & Accessory,3,Single,5,0,12.0,0.0,1.0,3.0,153.99,3,2,3,8,Hibernating
52709,0,6.0,Mobile,3,16.0,E wallet,Male,2.0,3,Laptop & Accessory,3,Single,2,0,14.0,0.0,1.0,9.0,154.87,1,2,3,6,Hibernating
52710,0,1.0,Computer,3,7.0,Debit Card,Male,2.0,4,Laptop & Accessory,1,Married,2,1,12.0,1.0,1.0,7.0,168.34,2,2,3,7,Hibernating
52711,1,0.0,Computer,3,30.0,Cash on Delivery,Male,2.0,1,Mobile Phone,5,Single,2,0,17.0,0.0,1.0,0.0,110.91,5,1,1,7,Recent Customers
52712,0,12.0,Computer,3,27.0,Debit Card,Female,2.0,5,Laptop & Accessory,3,Married,7,0,19.0,0.0,1.0,2.0,157.36,4,2,3,9,Recent Customers
52713,0,,Mobile,1,8.0,Cash on Delivery,Male,2.0,3,Mobile,4,Married,2,0,11.0,0.0,1.0,2.0,122.26,4,1,1,6,Recent Customers
52714,0,7.0,Computer,1,28.0,UPI,Male,2.0,4,Laptop & Accessory,1,Married,2,1,15.0,3.0,6.0,11.0,157.47,1,5,3,9,Loyal
52715,1,0.0,Mobile,3,19.0,E wallet,Female,2.0,3,Laptop & Accessory,3,Single,4,1,11.0,0.0,2.0,2.0,198.54,4,4,4,12,Champions
52716,0,20.0,Computer,1,20.0,Cash on Delivery,Male,3.0,3,Laptop & Accessory,4,Married,9,0,18.0,0.0,1.0,7.0,154.67,2,2,3,7,Hibernating
52717,0,29.0,Mobile,3,17.0,E wallet,Female,2.0,4,Laptop & Accessory,5,Married,5,0,16.0,0.0,1.0,0.0,153.8,5,2,3,10,Recent Customers
52718,0,12.0,Mobile,1,15.0,Credit Card,Male,2.0,3,Laptop & Accessory,5,Married,2,0,25.0,0.0,7.0,9.0,151.51,1,5,2,8,At Risk
52719,0,,Computer,1,14.0,Credit Card,Female,2.0,4,Laptop & Accessory,4,Married,2,1,16.0,1.0,1.0,7.0,121.33,2,1,1,4,Hibernating
52720,0,60.0,Mobile,3,27.0,Debit Card,Female,3.0,3,Grocery,1,Married,5,1,13.0,,1.0,0.0,278.75,5,2,5,12,Recent Customers
52721,1,0.0,Computer,1,,Debit Card,Female,2.0,1,Mobile,3,Single,4,1,14.0,0.0,1.0,3.0,124.32,3,1,1,5,Hibernating
52722,0,11.0,Mobile,1,15.0,Debit Card,Male,3.0,3,Mobile Phone,1,Married,3,0,19.0,0.0,1.0,3.0,147.71,3,1,2,6,Hibernating
52723,0,22.0,Computer,1,8.0,Debit Card,Male,2.0,3,Others,1,Married,4,0,15.0,,4.0,3.0,291.61,3,4,5,12,Champions
52724,0,15.0,Mobile,3,18.0,E wallet,Male,3.0,3,Laptop & Accessory,1,Married,4,1,12.0,1.0,1.0,0.0,150.87,5,1,2,8,Recent Customers
52725,1,0.0,Computer,2,28.0,UPI,Female,,4,Mobile,4,Married,2,0,12.0,1.0,1.0,0.0,128.63,5,1,1,7,Recent Customers
52726,0,8.0,Mobile,3,24.0,Credit Card,Male,3.0,3,Laptop & Accessory,5,Married,1,0,16.0,1.0,1.0,4.0,155.61,2,2,3,7,Hibernating
52727,0,,Computer,1,22.0,Credit Card,Male,2.0,3,Mobile,3,Single,2,0,14.0,0.0,1.0,4.0,121.44,2,1,1,4,Hibernating
52728,0,4.0,Computer,1,9.0,Credit Card,Male,,3,Mobile,5,Married,2,1,13.0,2.0,2.0,3.0,130.65,3,2,1,6,Hibernating
52729,0,9.0,Computer,1,15.0,Debit Card,Male,,1,Mobile,4,Married,2,0,22.0,1.0,1.0,2.0,128.1,4,1,1,6,Recent Customers
52730,0,7.0,Mobile,3,7.0,E wallet,Male,2.0,3,Fashion,1,Single,2,0,21.0,2.0,2.0,1.0,198.88,5,4,4,13,Champions
52731,0,7.0,Mobile,3,19.0,Credit Card,Male,2.0,3,Fashion,3,Married,2,0,18.0,0.0,1.0,1.0,186.28,4,2,4,10,Recent Customers
52732,0,0.0,Mobile,1,7.0,Credit Card,Male,,3,Mobile,5,Single,1,0,13.0,7.0,7.0,6.0,128.67,2,5,1,8,At Risk
52733,0,2.0,Mobile,1,7.0,Debit Card,Male,2.0,3,Laptop & Accessory,5,Married,1,0,12.0,0.0,1.0,2.0,153.73,4,1,3,8,Recent Customers
52734,0,5.0,Computer,1,21.0,Credit Card,Female,2.0,3,Laptop & Accessory,1,Married,6,0,18.0,0.0,1.0,2.0,166.67,4,2,3,9,Recent Customers
52735,0,4.0,Computer,1,7.0,Debit Card,Male,2.0,5,Laptop & Accessory,5,Married,2,0,21.0,6.0,8.0,7.0,150.03,2,5,2,9,At Risk
52736,1,0.0,Mobile,1,,Cash on Delivery,Male,2.0,4,Mobile,1,Married,6,0,12.0,1.0,1.0,3.0,123.67,3,1,1,5,Hibernating
52737,0,11.0,Mobile,3,7.0,Debit Card,Male,,4,Mobile,5,Single,5,0,14.0,1.0,1.0,0.0,128.58,5,1,1,7,Recent Customers
52738,0,8.0,Mobile,3,13.0,Debit Card,Female,2.0,3,Laptop & Accessory,1,Married,2,1,11.0,1.0,1.0,9.0,152.04,1,1,2,4,Hibernating
52739,0,0.0,Mobile,3,15.0,E wallet,Male,2.0,3,Laptop & Accessory,1,Single,2,0,14.0,1.0,1.0,7.0,141.05,2,1,2,5,Hibernating
52740,0,5.0,Mobile,1,11.0,Debit Card,Male,2.0,4,Laptop & Accessory,1,Single,9,0,24.0,1.0,1.0,0.0,196.79,5,2,4,11,Recent Customers
52741,1,0.0,Computer,3,32.0,E wallet,Male,3.0,3,Laptop & Accessory,1,Married,2,1,11.0,0.0,1.0,8.0,156.17,1,2,3,6,Hibernating
52742,1,16.0,Mobile,3,30.0,Debit Card,Male,3.0,3,Fashion,5,Single,7,1,13.0,0.0,2.0,2.0,204.48,4,4,4,12,Champions
52743,0,27.0,Mobile,1,15.0,Debit Card,Female,,3,Laptop & Accessory,3,Married,4,0,11.0,1.0,2.0,3.0,128.97,3,2,1,6,Hibernating
52744,0,6.0,Computer,1,13.0,Debit Card,Male,2.0,3,Laptop & Accessory,3,Married,2,0,20.0,0.0,2.0,8.0,159.68,1,3,3,7,Loyal
52745,0,16.0,Mobile,1,17.0,Debit Card,Male,1.0,3,Fashion,3,Married,2,0,17.0,1.0,1.0,9.0,175.1,1,2,4,7,Hibernating
52746,0,11.0,Computer,2,7.0,UPI,Male,,3,Mobile,4,Married,1,1,11.0,0.0,1.0,2.0,129.91,4,1,1,6,Recent Customers
52747,0,28.0,Mobile,2,32.0,UPI,Male,3.0,1,Others,4,Married,5,1,,1.0,1.0,4.0,296.36,2,2,5,9,Hibernating
52748,0,4.0,Mobile,1,8.0,Credit Card,Female,2.0,5,Mobile Phone,1,Married,2,1,11.0,0.0,1.0,0.0,111.29,5,1,1,7,Recent Customers
52749,0,12.0,Mobile,3,21.0,E wallet,Male,3.0,3,Grocery,5,Single,1,0,12.0,4.0,,10.0,233.41000000000005,1,5,5,11,Champions
52750,0,15.0,Computer,1,29.0,Debit Card,Male,2.0,4,Laptop & Accessory,3,Single,2,0,12.0,3.0,3.0,7.0,143.32,2,4,2,8,At Risk
52751,0,4.0,Computer,1,16.0,Credit Card,Female,2.0,3,Fashion,3,Married,5,0,20.0,3.0,4.0,,210.31,5,4,5,14,Champions
52752,0,27.0,Mobile,1,16.0,Credit Card,Female,3.0,3,Laptop & Accessory,5,Single,7,1,19.0,0.0,1.0,4.0,144.4,2,1,2,5,Hibernating
52753,0,0.0,Mobile,1,7.0,Debit Card,Male,2.0,4,Laptop & Accessory,3,Single,2,0,12.0,1.0,1.0,2.0,146.17,4,1,2,7,Recent Customers
52754,0,0.0,Mobile,1,,UPI,Male,3.0,3,Mobile,1,Single,2,0,13.0,1.0,1.0,4.0,126.47,2,1,1,4,Hibernating
52755,0,13.0,Computer,1,17.0,Cash on Delivery,Female,3.0,3,Laptop & Accessory,3,Married,2,0,11.0,7.0,9.0,4.0,163.23,3,5,3,11,Loyal
52756,0,13.0,Mobile,3,8.0,E wallet,Female,3.0,3,Laptop & Accessory,4,Married,4,0,14.0,1.0,5.0,10.0,156.77,1,4,3,8,Loyal
52757,0,,Mobile,2,8.0,UPI,Female,2.0,3,Mobile,4,Married,5,0,14.0,0.0,1.0,2.0,121.87,4,1,1,6,Recent Customers
52758,0,3.0,Mobile,1,7.0,Credit Card,Male,3.0,3,Mobile Phone,4,Married,2,0,13.0,1.0,1.0,7.0,137.48,2,1,1,4,Hibernating
52759,0,0.0,Mobile,1,8.0,UPI,Male,2.0,3,Mobile Phone,3,Married,7,1,19.0,0.0,1.0,2.0,139.77,4,1,1,6,Recent Customers
52760,0,20.0,Mobile,1,31.0,Credit Card,Male,2.0,3,Fashion,3,Single,3,0,23.0,9.0,12.0,11.0,186.33,1,5,4,10,Champions
52761,0,,Computer,1,7.0,Credit Card,Male,2.0,4,Mobile,3,Married,2,0,12.0,0.0,1.0,0.0,120.08,5,1,1,7,Recent Customers
52762,0,11.0,Mobile,3,7.0,Debit Card,Male,2.0,3,Laptop & Accessory,4,Married,1,0,15.0,1.0,5.0,8.0,144.4,1,4,2,7,At Risk
52763,0,4.0,Mobile,3,8.0,Debit Card,Male,,3,Mobile,3,Married,1,0,19.0,0.0,1.0,2.0,130.67,4,1,1,6,Recent Customers
52764,0,11.0,Computer,1,12.0,Debit Card,Male,3.0,4,Laptop & Accessory,3,Married,3,0,11.0,2.0,7.0,7.0,153.21,2,5,2,9,At Risk
52765,0,15.0,Mobile,1,24.0,Debit Card,Male,2.0,3,Laptop & Accessory,5,Married,7,1,17.0,1.0,1.0,2.0,154.1,4,2,3,9,Recent Customers
52766,0,14.0,Mobile,1,7.0,Debit Card,Male,,3,Mobile,1,Married,4,0,22.0,0.0,1.0,0.0,127.82,5,1,1,7,Recent Customers
52767,0,20.0,Computer,1,7.0,Credit Card,Female,3.0,3,Fashion,4,Married,1,0,18.0,0.0,5.0,,219.57,5,4,5,14,Champions
52768,0,8.0,Mobile,1,17.0,Credit Card,Male,2.0,3,Mobile,3,Married,8,1,11.0,2.0,2.0,2.0,126.6,4,2,1,7,Recent Customers
52769,0,0.0,Mobile,1,7.0,Debit Card,Male,3.0,3,Mobile,3,Single,1,0,12.0,1.0,1.0,2.0,133.75,4,1,1,6,Recent Customers
52770,0,8.0,Mobile,1,15.0,Credit Card,Male,2.0,3,Laptop & Accessory,3,Single,2,0,19.0,0.0,1.0,8.0,150.98,1,1,2,4,Hibernating
52771,0,6.0,Mobile,1,21.0,Credit Card,Female,3.0,3,Laptop & Accessory,1,Married,1,1,13.0,6.0,8.0,1.0,148.78,5,5,2,12,Hibernating
52772,0,5.0,Mobile,1,35.0,Debit Card,Female,,4,Mobile,4,Single,2,0,13.0,0.0,4.0,1.0,128.37,5,4,1,10,Hibernating
52773,0,13.0,Mobile,1,,Debit Card,Male,2.0,3,Mobile,1,Married,9,0,19.0,1.0,1.0,0.0,124.06,5,1,1,7,Recent Customers
52774,0,,Mobile,3,7.0,Credit Card,Male,3.0,4,Mobile,4,Married,1,0,14.0,2.0,2.0,2.0,122.69,4,2,1,7,Recent Customers
52775,0,12.0,Mobile,1,30.0,Debit Card,Male,2.0,3,Laptop & Accessory,1,Single,8,0,13.0,0.0,1.0,7.0,141.08,2,1,2,5,Hibernating
52776,0,11.0,Mobile,1,16.0,Credit Card,Female,3.0,5,Fashion,3,Married,4,0,12.0,0.0,,11.0,232.06,1,5,5,11,Champions
52777,0,5.0,Mobile,3,7.0,E wallet,Female,2.0,3,Fashion,1,Married,2,0,19.0,0.0,5.0,7.0,204.22,2,4,4,10,Champions
52778,0,10.0,Mobile,1,16.0,Debit Card,Female,2.0,1,Fashion,1,Married,2,1,25.0,5.0,,8.0,237.44,2,5,5,12,Champions
52779,0,0.0,Mobile,3,14.0,UPI,Female,2.0,3,Laptop & Accessory,3,Married,1,1,22.0,0.0,1.0,4.0,149.07,2,1,2,5,Hibernating
52780,0,25.0,Computer,3,35.0,Debit Card,Male,2.0,3,Mobile,1,Married,3,0,15.0,1.0,1.0,0.0,134.82,5,1,1,7,Recent Customers
52781,0,17.0,Mobile,1,,Credit Card,Male,2.0,3,Mobile,1,Single,7,1,12.0,1.0,1.0,2.0,124.36,4,1,1,6,Recent Customers
52782,0,0.0,Mobile,3,,Credit Card,Male,2.0,3,Mobile,5,Single,2,1,11.0,1.0,1.0,2.0,123.8,4,1,1,6,Recent Customers
52783,0,12.0,Computer,1,15.0,Debit Card,Male,2.0,3,Others,1,Single,3,0,,1.0,1.0,3.0,294.31,3,2,5,10,Hibernating
52784,1,,Computer,3,15.0,E wallet,Male,2.0,3,Mobile Phone,5,Married,2,0,19.0,1.0,1.0,0.0,117.9,5,1,1,7,Recent Customers
52785,0,9.0,Mobile,3,9.0,Credit Card,Female,3.0,4,Fashion,1,Married,1,0,19.0,0.0,3.0,4.0,176.44,3,4,4,11,Champions
52786,0,9.0,Computer,1,10.0,Debit Card,Female,3.0,3,Laptop & Accessory,4,Married,8,0,13.0,0.0,1.0,2.0,151.31,4,1,2,7,Recent Customers
52787,0,29.0,Computer,1,7.0,Debit Card,Male,2.0,3,Laptop & Accessory,3,Married,2,0,21.0,0.0,1.0,9.0,163.06,1,2,3,6,Hibernating
52788,1,0.0,Mobile,1,7.0,Credit Card,Male,2.0,3,Mobile Phone,1,Married,10,1,14.0,2.0,2.0,2.0,147.87,4,2,2,8,Recent Customers
52789,0,15.0,Mobile,1,8.0,Debit Card,Male,2.0,3,Others,3,Married,6,0,11.0,,4.0,14.0,288.8,1,4,5,10,Champions
52790,1,19.0,Mobile,1,,Cash on Delivery,Male,3.0,3,Mobile,3,Married,9,0,11.0,6.0,9.0,8.0,123.39,2,5,1,8,At Risk
52791,0,14.0,Mobile,1,34.0,Debit Card,Female,2.0,4,Grocery,4,Married,1,0,23.0,1.0,,10.0,235.7,1,5,5,11,Champions
52792,0,7.0,Mobile,3,34.0,E wallet,Female,3.0,4,Laptop & Accessory,3,Married,2,0,21.0,1.0,1.0,7.0,167.12,2,2,3,7,Hibernating
52793,0,9.0,Computer,3,21.0,E wallet,Male,2.0,5,Laptop & Accessory,1,Married,2,0,24.0,5.0,11.0,11.0,154.06,1,5,3,9,Loyal
52794,0,14.0,Mobile,3,9.0,Debit Card,Male,2.0,4,Laptop & Accessory,4,Married,3,0,11.0,1.0,1.0,4.0,189.38,2,2,4,8,Hibernating
52795,0,5.0,Mobile,1,,Cash on Delivery,Male,3.0,3,Mobile,5,Single,2,0,14.0,0.0,1.0,2.0,124.39,4,1,1,6,Recent Customers
52796,0,8.0,Mobile,2,32.0,Debit Card,Female,2.0,3,Fashion,1,Single,2,1,16.0,1.0,1.0,7.0,188.37,2,2,4,8,Hibernating
52797,0,11.0,Mobile,3,16.0,Debit Card,Female,3.0,3,Laptop & Accessory,1,Married,2,0,11.0,0.0,1.0,9.0,153.43,1,1,2,4,Hibernating
52798,1,13.0,Computer,3,7.0,Debit Card,Male,3.0,3,Laptop & Accessory,3,Married,8,0,12.0,1.0,1.0,1.0,167.28,4,2,3,9,Recent Customers
52799,0,9.0,Mobile,3,17.0,E wallet,Female,3.0,4,Laptop & Accessory,1,Married,5,0,13.0,1.0,1.0,0.0,166.52,5,2,3,10,Recent Customers
52800,0,18.0,Mobile,3,26.0,Debit Card,Female,2.0,3,Laptop & Accessory,3,Single,9,0,15.0,0.0,1.0,1.0,148.5,4,1,2,7,Recent Customers
52801,0,13.0,Mobile,1,8.0,Debit Card,Male,,4,Mobile,3,Single,3,0,14.0,0.0,2.0,2.0,128.09,4,2,1,7,Recent Customers
52802,0,8.0,Computer,1,24.0,Debit Card,Male,3.0,3,Laptop & Accessory,3,Married,2,1,14.0,0.0,1.0,2.0,156.89,4,2,3,9,Recent Customers
52803,0,,Mobile,1,8.0,Credit Card,Female,3.0,3,Mobile,3,Married,3,0,14.0,0.0,1.0,2.0,120.01,4,1,1,6,Recent Customers
52804,0,8.0,Mobile,1,7.0,Debit Card,Female,,5,Mobile,1,Married,2,0,12.0,1.0,1.0,1.0,129.77,4,1,1,6,Recent Customers
52805,0,2.0,Mobile,1,19.0,UPI,Male,2.0,4,Laptop & Accessory,4,Married,5,1,13.0,0.0,1.0,3.0,140.25,3,1,1,5,Hibernating
52806,0,2.0,Mobile,1,34.0,Credit Card,Female,3.0,4,Mobile Phone,5,Single,2,0,14.0,0.0,1.0,4.0,137.85,2,1,1,4,Hibernating
52807,1,13.0,Mobile,3,34.0,E wallet,Male,2.0,4,Fashion,5,Married,5,1,13.0,2.0,2.0,0.0,208.54,5,4,4,13,Champions
52808,0,12.0,Mobile,3,30.0,E wallet,Female,2.0,4,Grocery,1,Married,1,0,11.0,3.0,9.0,,220.31,5,5,5,15,Champions
52809,0,4.0,Computer,1,11.0,Credit Card,Male,3.0,3,Laptop & Accessory,5,Single,1,0,19.0,1.0,1.0,7.0,199.36,2,2,4,8,Hibernating
52810,0,0.0,Mobile,3,11.0,UPI,Female,,4,Mobile,3,Single,1,0,18.0,1.0,1.0,0.0,129.66,5,1,1,7,Recent Customers
52811,0,9.0,Computer,1,,Credit Card,Male,2.0,1,Laptop & Accessory,1,Married,5,0,17.0,0.0,1.0,3.0,125.71,3,1,1,5,Hibernating
52812,0,12.0,Mobile,1,12.0,Credit Card,Male,2.0,4,Fashion,5,Married,5,0,15.0,0.0,1.0,7.0,199.91,2,2,4,8,Hibernating
52813,0,0.0,Mobile,1,10.0,Debit Card,Male,2.0,1,Laptop & Accessory,4,Married,2,1,20.0,0.0,1.0,3.0,161.42,3,2,3,8,Hibernating
52814,0,22.0,Computer,3,8.0,Credit Card,Male,3.0,4,Laptop & Accessory,4,Married,3,0,14.0,1.0,1.0,8.0,153.9,1,2,3,6,Hibernating
52815,0,7.0,Mobile,1,14.0,Credit Card,Male,2.0,1,Laptop & Accessory,3,Married,3,0,12.0,1.0,1.0,2.0,144.04,4,1,2,7,Recent Customers
52816,1,5.0,Mobile,3,7.0,Debit Card,Female,4.0,4,Laptop & Accessory,2,Single,10,1,12.0,2.0,2.0,6.0,184.93,2,3,4,9,Loyal
52817,1,1.0,Mobile,1,9.0,UPI,Male,4.0,5,Mobile Phone,3,Single,8,1,16.0,1.0,2.0,1.0,145.9,4,2,2,8,Recent Customers
52818,1,1.0,Mobile,1,31.0,Debit Card,Male,3.0,5,Mobile Phone,3,Single,7,1,15.0,1.0,2.0,4.0,145.28,3,2,2,7,Hibernating
52819,1,1.0,Mobile,3,16.0,Debit Card,Male,3.0,5,Laptop & Accessory,5,Single,9,0,24.0,1.0,2.0,4.0,159.07,3,3,3,9,Loyal
52820,1,1.0,Mobile,1,13.0,Credit Card,Male,3.0,4,Mobile Phone,5,Single,4,0,12.0,2.0,2.0,4.0,154.6,3,3,3,9,Loyal
52821,1,1.0,Computer,1,23.0,Debit Card,Female,4.0,6,Mobile Phone,5,Single,3,1,23.0,5.0,7.0,8.0,164.19,1,5,3,9,Loyal
52822,1,3.0,Mobile,3,12.0,Cash on Delivery,Male,3.0,4,Laptop & Accessory,2,Divorced,5,0,15.0,1.0,2.0,1.0,145.86,4,2,2,8,Recent Customers
52823,1,1.0,Mobile,1,7.0,Credit Card,Male,4.0,4,Mobile Phone,2,Divorced,4,1,17.0,3.0,3.0,1.0,147.93,5,4,2,11,Hibernating
52824,1,14.0,Mobile,3,10.0,E wallet,Male,3.0,5,Mobile Phone,3,Divorced,3,1,15.0,1.0,2.0,3.0,151.83,3,3,2,8,Hibernating
52825,1,1.0,Mobile,1,32.0,Debit Card,Male,3.0,6,Mobile Phone,3,Single,3,0,13.0,2.0,2.0,2.0,147.93,4,2,2,8,Recent Customers
52826,1,5.0,Mobile,1,19.0,Cash on Delivery,Female,3.0,4,Others,3,Divorced,3,0,,10.0,16.0,9.0,320.45,1,5,5,11,Champions
52827,1,12.0,Mobile,1,7.0,Debit Card,Male,4.0,5,Fashion,3,Single,11,1,14.0,1.0,2.0,1.0,178.81,5,3,4,12,Loyal
52828,1,1.0,Mobile,1,12.0,Cash on Delivery,Male,3.0,4,Mobile Phone,3,Single,3,1,14.0,3.0,3.0,3.0,159.41,3,4,3,10,Loyal
52829,1,1.0,Mobile,1,16.0,Credit Card,Male,4.0,5,Mobile Phone,3,Divorced,2,1,18.0,1.0,2.0,1.0,158.88,5,3,3,11,Loyal
52830,1,10.0,Mobile,3,16.0,Credit Card,Male,4.0,5,Fashion,2,Single,3,0,17.0,1.0,5.0,,221.19,5,4,5,14,Champions
52831,1,1.0,Mobile,2,13.0,UPI,Male,4.0,4,Mobile Phone,5,Married,6,1,23.0,2.0,2.0,3.0,145.73,3,2,2,7,Hibernating
52832,1,1.0,Computer,1,13.0,Debit Card,Female,4.0,5,Mobile Phone,2,Single,3,1,19.0,2.0,2.0,1.0,154.26,5,3,3,11,Loyal
52833,1,1.0,Mobile,3,12.0,E wallet,Male,3.0,5,Laptop & Accessory,3,Single,3,1,12.0,2.0,2.0,4.0,182.44,3,3,4,10,Loyal
52834,1,1.0,Computer,1,14.0,Debit Card,Male,4.0,6,Laptop & Accessory,3,Single,3,1,25.0,2.0,2.0,7.0,185.74,2,3,4,9,Loyal
52835,1,20.0,Mobile,1,21.0,Debit Card,Female,4.0,4,Mobile Phone,4,Divorced,11,1,19.0,2.0,5.0,4.0,174.63,3,4,4,11,Champions
52836,1,1.0,Mobile,3,13.0,Debit Card,Male,4.0,6,Laptop & Accessory,3,Divorced,6,1,19.0,7.0,8.0,8.0,186.72,2,5,4,11,Champions
52837,1,21.0,Mobile,1,30.0,Credit Card,Female,4.0,4,Fashion,2,Divorced,3,0,13.0,12.0,16.0,,228.12,5,5,5,15,Champions
52838,1,1.0,Mobile,3,29.0,E wallet,Male,3.0,4,Mobile Phone,3,Single,3,1,20.0,1.0,2.0,1.0,141.75,4,2,2,8,Recent Customers
52839,1,1.0,Mobile,3,27.0,Debit Card,Female,4.0,6,Laptop & Accessory,3,Divorced,5,1,12.0,2.0,3.0,3.0,170.59,3,4,3,10,Loyal
52840,1,15.0,Computer,1,15.0,Debit Card,Male,3.0,6,Fashion,2,Single,4,0,16.0,1.0,2.0,4.0,231.5,3,4,5,12,Champions
52841,1,1.0,Mobile,1,16.0,Credit Card,Female,3.0,4,Mobile Phone,5,Single,9,0,23.0,2.0,2.0,5.0,167.0,2,3,3,8,Loyal
52842,0,9.0,Mobile,3,7.0,E wallet,Male,4.0,4,Fashion,4,Divorced,3,0,14.0,2.0,2.0,7.0,197.95,2,4,4,10,Champions
52843,0,27.0,Mobile,3,13.0,E wallet,Male,3.0,4,Laptop & Accessory,3,Divorced,4,1,21.0,1.0,5.0,6.0,148.06,2,4,2,8,At Risk
52844,0,19.0,Mobile,1,16.0,Debit Card,Male,3.0,4,Laptop & Accessory,4,Married,10,0,19.0,2.0,2.0,16.0,148.48,1,2,2,5,Hibernating
52845,0,6.0,Computer,3,15.0,E wallet,Female,3.0,4,Fashion,2,Single,3,0,15.0,3.0,4.0,,214.98,5,4,5,14,Champions
52846,0,3.0,Computer,1,7.0,Cash on Delivery,Male,3.0,4,Laptop & Accessory,3,Divorced,3,0,14.0,1.0,2.0,10.0,168.19,1,3,3,7,Loyal
52847,0,1.0,Mobile,1,14.0,Credit Card,Male,3.0,5,Laptop & Accessory,3,Divorced,4,0,18.0,2.0,2.0,1.0,186.32,5,3,4,12,Loyal
52848,0,31.0,Mobile,1,16.0,Credit Card,Female,4.0,5,Mobile Phone,4,Divorced,6,1,21.0,2.0,2.0,1.0,158.46,5,3,3,11,Loyal
52849,0,14.0,Mobile,3,11.0,E wallet,Male,4.0,5,Fashion,2,Divorced,9,0,12.0,3.0,,12.0,233.55,1,5,5,11,Champions
52850,0,8.0,Computer,3,9.0,E wallet,Female,4.0,4,Mobile Phone,3,Divorced,8,0,19.0,2.0,2.0,3.0,147.31,3,2,2,7,Hibernating
52851,0,1.0,Mobile,1,26.0,Credit Card,Male,4.0,4,Mobile Phone,2,Divorced,3,0,25.0,1.0,3.0,3.0,148.23,3,4,2,9,Hibernating
52852,0,1.0,Computer,1,16.0,Credit Card,Male,3.0,4,Mobile Phone,4,Married,8,0,19.0,1.0,3.0,3.0,145.24,3,4,2,9,Hibernating
52853,0,2.0,Mobile,1,28.0,Credit Card,Male,3.0,4,Mobile Phone,2,Divorced,3,0,12.0,1.0,2.0,3.0,152.13,3,3,2,8,Hibernating
52854,0,31.0,Mobile,1,31.0,Debit Card,Male,3.0,3,Fashion,2,Married,5,1,17.0,2.0,2.0,,219.39,5,4,5,14,Champions
52855,0,1.0,Computer,1,10.0,Credit Card,Male,4.0,5,Mobile Phone,3,Married,3,1,16.0,1.0,2.0,2.0,150.66,4,3,2,9,Hibernating
52856,0,24.0,Mobile,1,18.0,Debit Card,Female,3.0,4,Others,4,Single,5,0,16.0,3.0,5.0,5.0,324.26,2,5,5,12,Champions
52857,0,15.0,Mobile,1,21.0,Debit Card,Male,3.0,4,Mobile Phone,3,Married,6,0,13.0,2.0,2.0,9.0,149.51,1,3,2,6,At Risk
52858,0,4.0,Mobile,3,12.0,Debit Card,Female,3.0,4,Fashion,2,Divorced,4,0,13.0,3.0,8.0,,219.19,5,5,5,15,Champions
52859,0,12.0,Mobile,3,7.0,Debit Card,Female,3.0,5,Laptop & Accessory,2,Single,6,0,23.0,2.0,2.0,,211.86,5,4,5,14,Champions
52860,0,6.0,Mobile,1,13.0,Debit Card,Male,3.0,4,Mobile Phone,3,Single,5,0,21.0,1.0,2.0,5.0,155.38,2,3,3,8,Loyal
52861,0,1.0,Mobile,1,24.0,Cash on Delivery,Male,3.0,4,Mobile Phone,4,Divorced,2,1,17.0,2.0,2.0,2.0,155.58,4,3,3,10,Loyal
52862,1,1.0,Computer,3,7.0,Cash on Delivery,Female,4.0,6,Mobile Phone,5,Single,2,0,22.0,2.0,2.0,1.0,148.25,4,2,2,8,Recent Customers
52863,0,10.0,Computer,1,10.0,Credit Card,Male,2.0,4,Mobile Phone,4,Single,6,0,13.0,5.0,8.0,3.0,145.88,4,5,2,11,Hibernating
52864,0,4.0,Computer,1,16.0,Credit Card,Male,4.0,4,Laptop & Accessory,5,Married,3,0,12.0,1.0,7.0,11.0,155.72,1,5,3,9,Loyal
52865,0,19.0,Mobile,3,11.0,Debit Card,Female,2.0,4,Laptop & Accessory,5,Married,6,1,12.0,1.0,2.0,4.0,175.06,3,3,4,10,Loyal
52866,0,30.0,Mobile,1,15.0,Debit Card,Female,4.0,4,Mobile Phone,5,Married,6,1,19.0,2.0,3.0,3.0,167.57,3,4,3,10,Loyal
52867,0,7.0,Mobile,1,9.0,Debit Card,Male,3.0,4,Mobile Phone,2,Single,2,0,15.0,1.0,2.0,3.0,150.0,3,3,2,8,Hibernating
52868,1,1.0,Mobile,1,9.0,Debit Card,Male,3.0,5,Mobile Phone,2,Single,3,0,23.0,1.0,2.0,1.0,136.02,4,2,1,7,Recent Customers
52869,0,20.0,Mobile,3,7.0,E wallet,Female,4.0,4,Fashion,5,Married,3,0,26.0,5.0,16.0,,229.53,5,5,5,15,Champions
52870,0,12.0,Mobile,1,16.0,Debit Card,Female,4.0,4,Mobile Phone,2,Single,3,0,13.0,2.0,3.0,2.0,147.88,4,4,2,10,Hibernating
52871,0,5.0,Mobile,1,19.0,Credit Card,Female,4.0,4,Mobile Phone,2,Divorced,10,1,24.0,2.0,2.0,3.0,164.29,3,3,3,9,Loyal
52872,0,8.0,Mobile,1,34.0,Credit Card,Female,4.0,4,Mobile Phone,4,Single,4,0,16.0,2.0,2.0,3.0,148.11,3,2,2,7,Hibernating
52873,1,5.0,Mobile,3,27.0,E wallet,Female,4.0,4,Mobile Phone,4,Single,3,1,23.0,1.0,2.0,3.0,156.4,3,3,3,9,Loyal
52874,0,24.0,Mobile,1,7.0,Credit Card,Male,3.0,5,Mobile Phone,3,Divorced,4,0,16.0,1.0,2.0,3.0,161.9,3,3,3,9,Loyal
52875,0,27.0,Mobile,1,20.0,Credit Card,Female,3.0,3,Laptop & Accessory,5,Married,3,0,12.0,2.0,2.0,4.0,169.5,3,3,3,9,Loyal
52876,0,7.0,Mobile,1,21.0,Credit Card,Female,4.0,4,Mobile Phone,4,Divorced,3,0,14.0,1.0,2.0,7.0,152.56,2,3,2,7,At Risk
52877,0,14.0,Mobile,1,11.0,Credit Card,Female,3.0,4,Others,3,Divorced,3,0,,1.0,10.0,10.0,315.33,1,5,5,11,Champions
52878,0,29.0,Mobile,1,21.0,Credit Card,Male,4.0,3,Others,4,Single,10,0,,1.0,3.0,16.0,312.22,1,4,5,10,Champions
52879,0,8.0,Computer,1,9.0,Debit Card,Male,3.0,5,Laptop & Accessory,3,Divorced,3,0,18.0,1.0,2.0,,220.47,5,4,5,14,Champions
52880,0,25.0,Mobile,1,10.0,Credit Card,Female,4.0,4,Grocery,4,Single,5,0,19.0,,2.0,1.0,262.34,5,4,5,14,Champions
52881,0,26.0,Mobile,1,7.0,Debit Card,Male,4.0,5,Others,3,Divorced,2,0,15.0,2.0,12.0,10.0,324.99,1,5,5,11,Champions
52882,0,1.0,Mobile,1,16.0,Credit Card,Female,3.0,4,Mobile Phone,4,Single,3,0,17.0,2.0,2.0,4.0,147.79,3,2,2,7,Hibernating
52883,1,1.0,Mobile,1,30.0,Debit Card,Male,3.0,5,Laptop & Accessory,3,Divorced,5,1,14.0,2.0,2.0,2.0,184.16,4,3,4,11,Loyal
52884,0,17.0,Computer,1,14.0,Credit Card,Male,3.0,3,Mobile Phone,2,Married,6,0,15.0,1.0,3.0,3.0,145.89,3,4,2,9,Hibernating
52885,0,19.0,Computer,1,9.0,Credit Card,Male,4.0,5,Grocery,2,Divorced,11,0,,10.0,12.0,9.0,292.92,1,5,5,11,Champions
52886,0,11.0,Mobile,1,28.0,Debit Card,Male,4.0,3,Mobile Phone,5,Divorced,3,1,13.0,1.0,2.0,8.0,160.64,1,3,3,7,Loyal
52887,0,9.0,Computer,1,9.0,Credit Card,Female,3.0,4,Laptop & Accessory,4,Single,7,0,12.0,2.0,2.0,3.0,169.25,3,3,3,9,Loyal
52888,0,16.0,Computer,1,28.0,Credit Card,Female,3.0,4,Laptop & Accessory,3,Married,4,0,17.0,1.0,2.0,3.0,177.65,3,3,4,10,Loyal
52889,0,12.0,Mobile,1,9.0,Debit Card,Male,3.0,4,Laptop & Accessory,3,Divorced,11,0,15.0,1.0,2.0,1.0,190.53,5,3,4,12,Loyal
52890,0,12.0,Mobile,1,36.0,Cash on Delivery,Male,3.0,4,Laptop & Accessory,2,Divorced,5,0,19.0,1.0,2.0,8.0,187.61,1,3,4,8,Loyal
52891,0,1.0,Computer,1,7.0,Cash on Delivery,Male,3.0,5,Laptop & Accessory,5,Divorced,7,0,20.0,1.0,3.0,1.0,167.98,5,4,3,12,Loyal
52892,0,23.0,Computer,1,25.0,Debit Card,Male,4.0,4,Laptop & Accessory,2,Married,3,1,16.0,1.0,2.0,8.0,193.04,1,3,4,8,Loyal
52893,0,8.0,Computer,1,17.0,Credit Card,Male,3.0,4,Mobile Phone,3,Married,3,1,18.0,3.0,3.0,1.0,163.15,5,4,3,12,Loyal
52894,0,14.0,Mobile,1,26.0,Credit Card,Male,3.0,4,Laptop & Accessory,2,Divorced,10,1,16.0,2.0,4.0,8.0,152.41,1,4,2,7,At Risk
52895,1,2.0,Mobile,1,36.0,Credit Card,Male,4.0,4,Laptop & Accessory,5,Divorced,9,1,20.0,1.0,2.0,1.0,191.73,5,3,4,12,Loyal
52896,1,1.0,Mobile,3,34.0,E wallet,Female,3.0,4,Fashion,2,Divorced,3,0,23.0,2.0,2.0,10.0,201.39,1,4,4,9,Champions
52897,0,1.0,Mobile,1,12.0,Debit Card,Male,3.0,3,Mobile Phone,4,Married,3,1,17.0,1.0,3.0,3.0,148.28,3,4,2,9,Hibernating
52898,0,10.0,Computer,1,25.0,Credit Card,Female,4.0,4,Mobile Phone,2,Single,3,0,14.0,2.0,2.0,8.0,146.53,1,2,2,5,Hibernating
52899,0,14.0,Computer,1,16.0,Debit Card,Male,4.0,5,Laptop & Accessory,2,Divorced,11,0,15.0,2.0,2.0,3.0,173.76,3,3,4,10,Loyal
52900,0,20.0,Mobile,1,7.0,Credit Card,Male,4.0,4,Fashion,5,Married,9,0,17.0,1.0,2.0,,218.96,5,4,5,14,Champions
52901,1,1.0,Mobile,3,11.0,Credit Card,Male,3.0,6,Fashion,2,Divorced,3,0,12.0,8.0,10.0,,229.0,5,5,5,15,Champions
52902,0,4.0,Computer,1,7.0,Debit Card,Male,3.0,5,Fashion,3,Single,3,0,23.0,3.0,6.0,,209.74,5,5,5,15,Champions
52903,0,1.0,Computer,3,27.0,Debit Card,Female,3.0,4,Laptop & Accessory,3,Single,3,0,15.0,2.0,2.0,,224.81,5,4,5,14,Champions
52904,0,25.0,Mobile,1,15.0,Debit Card,Male,3.0,5,Fashion,4,Divorced,7,0,17.0,2.0,,8.0,249.9,2,5,5,12,Champions
52905,1,1.0,Mobile,1,10.0,Cash on Delivery,Female,3.0,4,Mobile Phone,5,Single,7,1,12.0,2.0,2.0,5.0,151.57,2,3,2,7,At Risk
52906,0,15.0,Mobile,3,13.0,Debit Card,Female,4.0,4,Fashion,2,Single,5,1,19.0,1.0,2.0,1.0,260.91,5,4,5,14,Champions
52907,1,1.0,Computer,3,33.0,E wallet,Female,3.0,5,Laptop & Accessory,5,Single,7,0,16.0,1.0,2.0,2.0,191.96,4,3,4,11,Loyal
52908,1,1.0,Mobile,1,7.0,Cash on Delivery,Male,3.0,4,Mobile Phone,3,Single,2,0,15.0,1.0,2.0,6.0,145.58,2,2,2,6,Hibernating
52909,0,19.0,Computer,3,13.0,Credit Card,Female,3.0,5,Fashion,2,Single,8,0,13.0,13.0,13.0,,213.65,5,5,5,15,Champions
52910,0,28.0,Mobile,3,10.0,E wallet,Female,3.0,4,Laptop & Accessory,5,Divorced,4,0,15.0,2.0,2.0,6.0,184.4,2,3,4,9,Loyal
52911,0,10.0,Mobile,1,12.0,Debit Card,Male,4.0,4,Laptop & Accessory,4,Single,10,0,17.0,1.0,4.0,8.0,184.14,1,4,4,9,Champions
52912,0,7.0,Mobile,1,11.0,Credit Card,Female,3.0,5,Mobile Phone,4,Divorced,8,0,22.0,1.0,2.0,2.0,151.22,4,3,2,9,Hibernating
52913,0,11.0,Computer,1,18.0,UPI,Male,3.0,4,Fashion,2,Married,3,1,15.0,1.0,,8.0,246.85,2,5,5,12,Champions
52914,0,12.0,Mobile,3,10.0,Debit Card,Male,4.0,4,Fashion,3,Married,2,0,13.0,2.0,6.0,,231.09,5,5,5,15,Champions
52915,0,5.0,Computer,1,7.0,Credit Card,Male,3.0,6,Laptop & Accessory,3,Divorced,2,0,13.0,2.0,2.0,5.0,168.45,2,3,3,8,Loyal
52916,0,31.0,Mobile,1,10.0,Debit Card,Male,4.0,5,Mobile Phone,2,Divorced,5,0,18.0,1.0,2.0,1.0,146.77,4,2,2,8,Recent Customers
52917,0,11.0,Computer,3,11.0,E wallet,Male,3.0,4,Mobile Phone,2,Married,6,0,18.0,2.0,6.0,9.0,25.0,1,5,1,7,At Risk
52918,0,3.0,Computer,3,7.0,Credit Card,Female,3.0,4,Fashion,2,Divorced,3,0,15.0,5.0,5.0,2.0,204.18,4,4,4,12,Champions
52919,0,9.0,Computer,3,7.0,E wallet,Female,4.0,4,Fashion,3,Single,3,0,15.0,2.0,2.0,,212.89,5,4,5,14,Champions
52920,1,1.0,Mobile,1,25.0,Credit Card,Male,3.0,5,Mobile Phone,2,Single,3,1,14.0,1.0,2.0,2.0,148.89,4,2,2,8,Recent Customers
52921,0,26.0,Mobile,1,9.0,Debit Card,Female,3.0,5,Mobile Phone,2,Single,9,0,16.0,1.0,3.0,3.0,157.12,3,4,3,10,Loyal
52922,0,16.0,Mobile,1,11.0,Cash on Delivery,Male,3.0,4,Others,2,Divorced,3,0,,1.0,12.0,16.0,317.32,1,5,5,11,Champions
52923,0,31.0,Mobile,2,13.0,Credit Card,Male,3.0,4,Mobile Phone,3,Divorced,10,0,18.0,3.0,3.0,3.0,147.67,3,4,2,9,Hibernating
52924,0,24.0,Mobile,3,7.0,Credit Card,Female,4.0,4,Others,2,Married,5,0,,2.0,2.0,7.0,320.17,2,4,5,11,Champions
52925,1,1.0,Mobile,1,21.0,Credit Card,Male,3.0,4,Mobile Phone,2,Divorced,7,1,14.0,1.0,2.0,5.0,149.36,2,2,2,6,Hibernating
52926,0,17.0,Mobile,3,23.0,E wallet,Female,4.0,4,Grocery,2,Divorced,7,1,23.0,,2.0,10.0,285.64,1,4,5,10,Champions
52927,1,1.0,Mobile,1,9.0,Debit Card,Female,3.0,4,Mobile Phone,5,Divorced,9,0,21.0,2.0,2.0,8.0,152.07,1,3,2,6,At Risk
52928,0,26.0,Computer,3,9.0,Debit Card,Male,4.0,5,Others,3,Single,3,1,,8.0,16.0,13.0,315.68,1,5,5,11,Champions
52929,0,6.0,Mobile,3,11.0,Debit Card,Female,3.0,4,Mobile Phone,4,Divorced,4,0,12.0,2.0,2.0,3.0,164.31,3,3,3,9,Loyal
52930,1,1.0,Mobile,1,7.0,Debit Card,Male,4.0,5,Mobile Phone,3,Single,2,1,15.0,2.0,2.0,3.0,162.3,3,3,3,9,Loyal
52931,0,13.0,Mobile,1,7.0,Credit Card,Female,4.0,4,Mobile Phone,3,Married,9,0,15.0,1.0,2.0,3.0,147.32,3,2,2,7,Hibernating
52932,0,6.0,Computer,3,33.0,E wallet,Male,4.0,4,Laptop & Accessory,2,Divorced,2,0,19.0,2.0,3.0,3.0,169.65,3,4,3,10,Loyal
52933,0,15.0,Mobile,1,26.0,Debit Card,Male,3.0,4,Laptop & Accessory,5,Married,4,0,17.0,2.0,2.0,1.0,155.72,5,3,3,11,Loyal
52934,0,14.0,Mobile,1,31.0,Cash on Delivery,Male,4.0,4,Laptop & Accessory,2,Married,3,0,18.0,3.0,5.0,8.0,158.19,1,4,3,8,Loyal
52935,0,19.0,Mobile,1,7.0,UPI,Male,4.0,3,Others,2,Divorced,2,0,,2.0,2.0,8.0,317.02,1,4,5,10,Champions
52936,0,5.0,Computer,1,10.0,Credit Card,Male,4.0,4,Fashion,3,Married,11,0,13.0,,3.0,3.0,261.75,3,4,5,12,Champions
52937,0,7.0,Mobile,1,12.0,Debit Card,Female,4.0,5,Mobile Phone,2,Divorced,3,0,14.0,1.0,2.0,3.0,154.11,3,3,3,9,Loyal
52938,0,8.0,Mobile,1,9.0,Debit Card,Male,3.0,5,Laptop & Accessory,5,Divorced,8,0,14.0,1.0,6.0,10.0,184.57,1,5,4,10,Champions
52939,0,11.0,Mobile,1,7.0,Credit Card,Female,3.0,5,Mobile Phone,5,Divorced,4,0,15.0,2.0,2.0,3.0,164.2,3,3,3,9,Loyal
52940,0,19.0,Computer,1,14.0,Debit Card,Male,4.0,3,Laptop & Accessory,3,Divorced,6,0,18.0,1.0,2.0,3.0,189.34,3,3,4,10,Loyal
52941,1,1.0,Computer,1,17.0,Credit Card,Male,4.0,4,Fashion,3,Married,8,0,12.0,2.0,2.0,,225.48,5,4,5,14,Champions
52942,0,13.0,Computer,1,9.0,Cash on Delivery,Female,4.0,4,Fashion,3,Single,2,0,26.0,11.0,,9.0,234.38,1,5,5,11,Champions
52943,0,3.0,Mobile,1,22.0,Debit Card,Male,3.0,4,Mobile Phone,2,Single,3,0,20.0,1.0,2.0,6.0,148.4,2,2,2,6,Hibernating
52944,0,16.0,Mobile,1,24.0,Debit Card,Female,3.0,3,Laptop & Accessory,5,Single,5,1,14.0,1.0,2.0,3.0,190.45,3,3,4,10,Loyal
52945,0,3.0,Mobile,3,27.0,E wallet,Male,3.0,4,Laptop & Accessory,2,Married,4,0,15.0,2.0,2.0,3.0,194.31,3,4,4,11,Champions
52946,0,1.0,Mobile,1,7.0,Debit Card,Female,4.0,4,Laptop & Accessory,3,Divorced,2,0,13.0,2.0,2.0,3.0,173.98,3,3,4,10,Loyal
52947,0,16.0,Mobile,1,9.0,Credit Card,Female,3.0,5,Mobile Phone,5,Married,2,1,12.0,5.0,8.0,9.0,150.93,1,5,2,8,At Risk
52948,0,14.0,Mobile,1,9.0,Credit Card,Male,3.0,4,Others,3,Married,2,0,,1.0,4.0,10.0,319.36,1,4,5,10,Champions
52949,0,25.0,Mobile,1,7.0,Debit Card,Male,4.0,4,Mobile Phone,2,Divorced,3,0,12.0,2.0,2.0,1.0,152.23,5,3,2,10,Hibernating
52950,1,1.0,Computer,1,36.0,Credit Card,Male,4.0,5,Mobile Phone,4,Single,2,0,12.0,2.0,2.0,5.0,159.79,2,3,3,8,Loyal
52951,0,6.0,Computer,1,14.0,Debit Card,Male,4.0,3,Mobile Phone,4,Divorced,3,0,21.0,1.0,2.0,4.0,152.94,3,3,2,8,Hibernating
52952,0,12.0,Computer,3,9.0,Debit Card,Male,3.0,5,Laptop & Accessory,2,Divorced,5,0,19.0,7.0,8.0,6.0,177.49,2,5,4,11,Champions
52953,0,6.0,Mobile,1,9.0,Cash on Delivery,Male,3.0,5,Laptop & Accessory,5,Single,6,0,14.0,1.0,2.0,5.0,146.76,2,2,2,6,Hibernating
52954,0,20.0,Mobile,3,9.0,Cash on Delivery,Female,4.0,6,Grocery,4,Divorced,5,1,,7.0,8.0,8.0,293.72,2,5,5,12,Champions
52955,1,1.0,Mobile,1,9.0,Debit Card,Male,4.0,4,Mobile Phone,3,Single,4,0,12.0,2.0,2.0,1.0,159.85,5,3,3,11,Loyal
52956,0,3.0,Mobile,3,9.0,Credit Card,Male,4.0,5,Laptop & Accessory,4,Divorced,4,0,20.0,1.0,2.0,1.0,191.44,5,3,4,12,Loyal
52957,0,5.0,Mobile,1,30.0,Credit Card,Male,4.0,5,Laptop & Accessory,2,Divorced,2,0,22.0,2.0,8.0,9.0,180.82,1,5,4,10,Champions
52958,0,1.0,Computer,1,12.0,Debit Card,Male,3.0,3,Laptop & Accessory,5,Married,3,0,13.0,2.0,2.0,6.0,165.0,2,3,3,8,Loyal
52959,0,19.0,Mobile,1,27.0,Credit Card,Male,4.0,4,Grocery,2,Divorced,2,1,15.0,1.0,,11.0,259.96,1,5,5,11,Champions
52960,0,10.0,Mobile,1,13.0,Debit Card,Male,3.0,4,Mobile Phone,2,Divorced,2,0,12.0,5.0,11.0,12.0,157.1,1,5,3,9,Loyal
52961,0,29.0,Mobile,1,7.0,Credit Card,Male,3.0,4,Others,5,Single,2,1,,5.0,5.0,14.0,315.45,1,5,5,11,Champions
52962,1,11.0,Computer,1,36.0,Debit Card,Male,3.0,4,Fashion,4,Divorced,3,1,13.0,6.0,,10.0,243.49,1,5,5,11,Champions
52963,0,2.0,Mobile,1,16.0,Credit Card,Male,4.0,4,Mobile Phone,2,Divorced,3,0,24.0,2.0,2.0,5.0,145.7,2,2,2,6,Hibernating
52964,0,11.0,Mobile,3,13.0,Credit Card,Male,4.0,4,Laptop & Accessory,2,Divorced,6,0,15.0,1.0,2.0,2.0,190.02,4,3,4,11,Loyal
52965,0,1.0,Mobile,1,10.0,Credit Card,Male,4.0,5,Mobile Phone,3,Single,3,0,18.0,2.0,2.0,1.0,157.3,5,3,3,11,Loyal
52966,0,11.0,Computer,1,7.0,Credit Card,Female,1.0,4,Fashion,2,Married,4,1,19.0,,2.0,3.0,261.03,3,4,5,12,Champions
52967,0,3.0,Mobile,1,29.0,Debit Card,Female,4.0,3,Fashion,4,Married,9,0,19.0,6.0,,3.0,244.96,4,5,5,14,Champions
52968,0,12.0,Mobile,3,14.0,Credit Card,Female,3.0,3,Laptop & Accessory,5,Married,3,1,25.0,1.0,8.0,8.0,181.05,2,5,4,11,Champions
52969,0,1.0,Computer,1,7.0,Debit Card,Female,3.0,4,Laptop & Accessory,4,Married,3,0,21.0,1.0,2.0,5.0,188.97,2,3,4,9,Loyal
52970,0,24.0,Mobile,1,11.0,Debit Card,Male,4.0,4,Others,4,Married,5,0,,2.0,2.0,7.0,316.44,2,4,5,11,Champions
52971,0,27.0,Mobile,1,10.0,Credit Card,Male,3.0,4,Grocery,3,Divorced,5,1,,1.0,2.0,4.0,300.84,3,4,5,12,Champions
52972,0,16.0,Mobile,3,7.0,Debit Card,Male,3.0,4,Laptop & Accessory,3,Divorced,3,0,26.0,5.0,12.0,7.0,174.07,2,5,4,11,Champions
52973,0,3.0,Computer,3,9.0,Debit Card,Male,3.0,4,Laptop & Accessory,2,Single,3,0,19.0,1.0,2.0,10.0,170.54,1,3,3,7,Loyal
52974,0,29.0,Mobile,1,27.0,Cash on Delivery,Male,3.0,4,Laptop & Accessory,2,Divorced,5,1,20.0,2.0,2.0,9.0,179.15,1,3,4,8,Loyal
52975,0,1.0,Computer,1,18.0,Credit Card,Male,3.0,4,Laptop & Accessory,5,Divorced,3,1,14.0,3.0,4.0,4.0,172.41,3,4,3,10,Loyal
52976,0,11.0,Mobile,1,7.0,Debit Card,Female,3.0,4,Mobile Phone,2,Single,3,0,13.0,2.0,6.0,8.0,146.15,1,5,2,8,At Risk
52977,1,8.0,Computer,1,31.0,Debit Card,Male,3.0,4,Mobile Phone,3,Married,5,1,23.0,1.0,2.0,1.0,156.61,5,3,3,11,Loyal
52978,0,12.0,Mobile,1,30.0,Debit Card,Male,3.0,4,Laptop & Accessory,2,Married,11,0,15.0,1.0,2.0,3.0,182.45,3,3,4,10,Loyal
52979,1,1.0,Mobile,1,23.0,Credit Card,Male,3.0,4,Mobile Phone,4,Married,4,1,14.0,2.0,2.0,3.0,148.73,3,2,2,7,Hibernating
52980,0,2.0,Mobile,1,15.0,Debit Card,Female,4.0,4,Mobile Phone,2,Single,3,0,22.0,1.0,2.0,3.0,158.1,3,3,3,9,Loyal
52981,0,23.0,Computer,1,17.0,Debit Card,Female,3.0,4,Others,5,Single,11,1,,1.0,2.0,3.0,311.65,3,4,5,12,Champions
52982,0,10.0,Mobile,1,10.0,Cash on Delivery,Male,2.0,4,Laptop & Accessory,4,Single,6,0,13.0,7.0,8.0,8.0,169.85,2,5,3,10,Loyal
52983,0,5.0,Computer,3,12.0,E wallet,Female,3.0,4,Mobile Phone,4,Married,3,0,12.0,1.0,3.0,3.0,152.89,3,4,2,9,Hibernating
52984,1,1.0,Mobile,3,11.0,E wallet,Male,3.0,5,Laptop & Accessory,2,Single,3,1,13.0,8.0,8.0,5.0,183.28,2,5,4,11,Champions
52985,0,11.0,Computer,1,16.0,Credit Card,Male,3.0,4,Mobile Phone,2,Divorced,3,1,13.0,1.0,2.0,3.0,148.26,3,2,2,7,Hibernating
52986,0,16.0,Computer,3,33.0,E wallet,Female,4.0,4,Grocery,4,Divorced,7,0,15.0,3.0,,9.0,260.25,1,5,5,11,Champions
52987,1,1.0,Mobile,1,10.0,Debit Card,Male,3.0,4,Mobile Phone,3,Single,3,0,14.0,1.0,2.0,1.0,139.2,4,2,1,7,Recent Customers
52988,0,9.0,Mobile,3,23.0,E wallet,Male,4.0,4,Fashion,4,Divorced,2,0,16.0,4.0,7.0,10.0,205.2,1,5,4,10,Champions
52989,0,10.0,Computer,1,25.0,Debit Card,Male,3.0,3,Mobile Phone,2,Divorced,6,0,19.0,1.0,2.0,1.0,161.88,5,3,3,11,Loyal
52990,0,25.0,Mobile,1,9.0,Credit Card,Male,3.0,6,Laptop & Accessory,4,Married,7,0,19.0,1.0,2.0,3.0,179.82,3,3,4,10,Loyal
52991,0,15.0,Mobile,3,9.0,Debit Card,Male,3.0,4,Grocery,4,Single,3,0,20.0,,2.0,5.0,285.15,2,4,5,11,Champions
52992,0,1.0,Mobile,3,17.0,Credit Card,Female,4.0,5,Mobile Phone,3,Single,3,0,13.0,2.0,2.0,1.0,137.0,4,2,1,7,Recent Customers
52993,0,2.0,Mobile,1,23.0,Credit Card,Male,4.0,3,Laptop & Accessory,5,Single,2,0,20.0,1.0,2.0,8.0,181.61,1,3,4,8,Loyal
52994,0,5.0,Mobile,3,14.0,Cash on Delivery,Male,4.0,3,Laptop & Accessory,2,Divorced,6,0,12.0,4.0,8.0,8.0,194.29,2,5,4,11,Champions
52995,0,13.0,Mobile,1,7.0,Credit Card,Male,3.0,3,Fashion,2,Married,2,0,18.0,4.0,4.0,,221.13,5,4,5,14,Champions
52996,0,10.0,Computer,1,31.0,Debit Card,Female,3.0,4,Laptop & Accessory,4,Divorced,9,0,16.0,1.0,2.0,9.0,181.74,1,3,4,8,Loyal
52997,0,6.0,Mobile,3,14.0,Debit Card,Male,4.0,5,Laptop & Accessory,3,Divorced,3,0,15.0,2.0,5.0,9.0,179.84,1,4,4,9,Champions
52998,0,12.0,Mobile,1,32.0,Debit Card,Female,3.0,5,Fashion,4,Divorced,5,0,18.0,2.0,,2.0,245.61,4,5,5,14,Champions
52999,0,31.0,Computer,1,7.0,Debit Card,Male,3.0,6,Laptop & Accessory,3,Married,4,1,14.0,2.0,2.0,3.0,181.6,3,3,4,10,Loyal
53000,0,5.0,Mobile,1,12.0,Cash on Delivery,Male,3.0,4,Mobile Phone,2,Divorced,2,1,13.0,1.0,2.0,4.0,173.21,3,3,4,10,Loyal
53001,0,5.0,Mobile,2,9.0,UPI,Male,4.0,5,Laptop & Accessory,5,Divorced,5,0,13.0,1.0,2.0,1.0,189.1,5,3,4,12,Loyal
53002,0,19.0,Computer,1,14.0,Debit Card,Male,4.0,4,Fashion,5,Married,3,0,19.0,6.0,10.0,12.0,177.1,1,5,4,10,Champions
53003,0,5.0,Mobile,1,9.0,Debit Card,Male,3.0,4,Mobile Phone,2,Married,2,1,19.0,2.0,3.0,3.0,151.95,3,4,2,9,Hibernating
53004,0,7.0,Computer,1,12.0,Debit Card,Female,4.0,4,Fashion,4,Divorced,8,0,12.0,3.0,,9.0,243.78,1,5,5,11,Champions
53005,0,13.0,Mobile,1,17.0,Credit Card,Male,3.0,4,Grocery,5,Divorced,3,1,,12.0,12.0,11.0,295.68,1,5,5,11,Champions
53006,0,17.0,Computer,1,17.0,Debit Card,Female,3.0,4,Mobile Phone,2,Single,2,0,20.0,1.0,2.0,8.0,149.55,1,3,2,6,At Risk
53007,0,23.0,Mobile,1,7.0,Cash on Delivery,Female,3.0,5,Grocery,3,Single,9,1,13.0,,2.0,8.0,264.64,1,4,5,10,Champions
53008,1,16.0,Mobile,1,15.0,Credit Card,Male,3.0,5,Laptop & Accessory,4,Divorced,4,0,16.0,8.0,8.0,8.0,174.41,2,5,4,11,Champions
53009,0,1.0,Mobile,1,12.0,Debit Card,Female,3.0,4,Mobile Phone,4,Single,3,1,13.0,1.0,2.0,3.0,149.78,3,3,2,8,Hibernating
53010,0,6.0,Mobile,3,15.0,Cash on Delivery,Female,4.0,5,Laptop & Accessory,4,Divorced,3,1,12.0,7.0,12.0,10.0,177.28,1,5,4,10,Champions
53011,0,1.0,Mobile,3,9.0,Debit Card,Male,4.0,4,Laptop & Accessory,3,Single,3,1,12.0,2.0,2.0,5.0,169.78,2,3,3,8,Loyal
53012,0,5.0,Mobile,3,14.0,E wallet,Male,4.0,4,Laptop & Accessory,2,Married,6,0,13.0,1.0,2.0,8.0,200.47,1,4,4,9,Champions
53013,0,6.0,Mobile,1,9.0,Credit Card,Female,4.0,3,Laptop & Accessory,2,Single,9,0,17.0,2.0,2.0,8.0,175.55,1,3,4,8,Loyal
53014,1,1.0,Mobile,1,9.0,Credit Card,Male,3.0,6,Mobile Phone,2,Divorced,7,1,14.0,3.0,3.0,3.0,159.64,3,4,3,10,Loyal
53015,0,4.0,Mobile,1,35.0,Credit Card,Female,4.0,4,Laptop & Accessory,2,Divorced,3,0,14.0,1.0,2.0,10.0,182.75,1,3,4,8,Loyal
53016,0,5.0,Computer,1,14.0,Debit Card,Female,3.0,5,Fashion,3,Divorced,3,0,25.0,4.0,9.0,,214.43,5,5,5,15,Champions
53017,0,13.0,Computer,1,6.0,Credit Card,Male,3.0,5,Others,2,Divorced,3,0,,10.0,14.0,4.0,317.72,3,5,5,13,Champions
53018,1,3.0,Mobile,3,10.0,Credit Card,Female,3.0,4,Laptop & Accessory,3,Divorced,6,1,19.0,2.0,2.0,1.0,177.38,5,3,4,12,Loyal
53019,0,7.0,Computer,3,17.0,E wallet,Male,3.0,5,Laptop & Accessory,2,Single,5,0,15.0,2.0,2.0,2.0,171.82,4,3,3,10,Loyal
53020,0,21.0,Mobile,1,12.0,Debit Card,Male,3.0,4,Others,3,Divorced,6,0,,1.0,2.0,2.0,308.0,4,4,5,13,Champions
53021,0,17.0,Computer,1,17.0,Debit Card,Female,3.0,5,Laptop & Accessory,3,Married,3,0,12.0,1.0,2.0,1.0,177.57,5,3,4,12,Loyal
53022,0,1.0,Computer,3,7.0,E wallet,Male,4.0,4,Laptop & Accessory,4,Divorced,2,1,14.0,1.0,2.0,5.0,188.49,2,3,4,9,Loyal
53023,0,28.0,Computer,1,27.0,Debit Card,Female,3.0,4,Laptop & Accessory,3,Single,5,0,13.0,2.0,2.0,4.0,173.69,3,3,4,10,Loyal
53024,0,17.0,Mobile,1,14.0,Debit Card,Female,3.0,4,Fashion,5,Divorced,10,0,17.0,2.0,2.0,,224.85,5,4,5,14,Champions
53025,0,19.0,Mobile,1,15.0,UPI,Male,4.0,4,Laptop & Accessory,2,Divorced,11,0,15.0,8.0,10.0,9.0,161.97,1,5,3,9,Loyal
53026,0,14.0,Mobile,3,7.0,Credit Card,Male,3.0,6,Laptop & Accessory,2,Divorced,4,1,23.0,2.0,2.0,3.0,199.57,3,4,4,11,Champions
53027,1,1.0,Mobile,1,15.0,UPI,Male,4.0,6,Mobile Phone,5,Divorced,3,1,12.0,2.0,2.0,8.0,146.19,1,2,2,5,Hibernating
53028,0,3.0,Mobile,1,16.0,UPI,Male,2.0,5,Mobile Phone,2,Single,2,0,18.0,3.0,3.0,3.0,164.83,3,4,3,10,Loyal
53029,0,4.0,Mobile,3,12.0,E wallet,Female,2.0,5,Laptop & Accessory,3,Married,3,0,14.0,1.0,2.0,3.0,186.18,3,3,4,10,Loyal
53030,0,1.0,Mobile,3,15.0,E wallet,Female,3.0,4,Laptop & Accessory,4,Divorced,3,0,19.0,1.0,2.0,8.0,187.14,1,3,4,8,Loyal
53031,0,11.0,Mobile,1,12.0,Credit Card,Male,4.0,4,Laptop & Accessory,2,Married,9,0,17.0,1.0,2.0,5.0,188.47,2,3,4,9,Loyal
53032,0,12.0,Mobile,1,22.0,Debit Card,Male,4.0,5,Fashion,2,Married,2,1,15.0,2.0,,10.0,240.1,1,5,5,11,Champions
53033,0,5.0,Mobile,1,14.0,Credit Card,Female,3.0,4,Fashion,2,Single,3,1,15.0,3.0,5.0,11.0,196.43,1,4,4,9,Champions
53034,0,3.0,Mobile,3,17.0,E wallet,Female,3.0,5,Laptop & Accessory,4,Married,3,1,15.0,1.0,2.0,8.0,207.68,1,4,4,9,Champions
53035,0,9.0,Mobile,1,12.0,Cash on Delivery,Male,4.0,4,Fashion,4,Single,2,0,14.0,1.0,2.0,14.0,205.95,1,4,4,9,Champions
53036,0,1.0,Mobile,1,33.0,Debit Card,Male,3.0,4,Mobile Phone,2,Married,3,0,13.0,2.0,2.0,3.0,154.04,3,3,3,9,Loyal
53037,0,15.0,Mobile,1,13.0,Credit Card,Male,4.0,5,Laptop & Accessory,4,Single,8,1,16.0,2.0,2.0,3.0,185.32,3,3,4,10,Loyal
53038,0,21.0,Computer,3,11.0,Credit Card,Male,3.0,4,Laptop & Accessory,3,Single,5,0,20.0,1.0,2.0,1.0,154.76,5,3,3,11,Loyal
53039,0,16.0,Mobile,1,30.0,Debit Card,Female,3.0,4,Grocery,2,Single,4,0,15.0,,2.0,1.0,284.92,5,4,5,14,Champions
53040,0,3.0,Computer,3,9.0,Debit Card,Male,4.0,4,Laptop & Accessory,3,Divorced,3,0,15.0,2.0,2.0,3.0,171.49,3,3,3,9,Loyal
53041,0,16.0,Mobile,2,9.0,Cash on Delivery,Male,3.0,4,Mobile Phone,3,Married,2,1,12.0,2.0,2.0,1.0,151.96,5,3,2,10,Hibernating
53042,0,6.0,Mobile,1,9.0,Credit Card,Female,4.0,4,Mobile Phone,4,Divorced,3,0,14.0,1.0,2.0,8.0,148.7,1,2,2,5,Hibernating
53043,0,22.0,Mobile,3,36.0,Credit Card,Female,4.0,4,Fashion,3,Divorced,5,0,22.0,1.0,,1.0,250.04,5,5,5,15,Champions
53044,0,11.0,Mobile,1,13.0,Credit Card,Male,3.0,3,Laptop & Accessory,5,Married,6,1,14.0,3.0,7.0,8.0,184.74,2,5,4,11,Champions
53045,0,4.0,Computer,3,32.0,Cash on Delivery,Female,3.0,4,Laptop & Accessory,3,Divorced,9,1,13.0,2.0,3.0,3.0,172.36,3,4,3,10,Loyal
53046,0,1.0,Mobile,3,7.0,Debit Card,Male,3.0,4,Laptop & Accessory,3,Divorced,3,0,18.0,3.0,8.0,8.0,177.96,2,5,4,11,Champions
53047,0,16.0,Mobile,1,9.0,UPI,Male,4.0,5,Laptop & Accessory,2,Single,5,0,24.0,1.0,2.0,1.0,192.81,5,3,4,12,Loyal
53048,1,1.0,Computer,3,7.0,Cash on Delivery,Female,3.0,5,Mobile Phone,4,Single,3,1,12.0,2.0,2.0,3.0,146.74,3,2,2,7,Hibernating
53049,0,10.0,Computer,3,7.0,Credit Card,Female,3.0,4,Laptop & Accessory,2,Single,6,0,16.0,2.0,2.0,1.0,191.53,5,3,4,12,Loyal
53050,0,10.0,Computer,3,10.0,Credit Card,Male,3.0,5,Fashion,2,Divorced,6,0,12.0,1.0,2.0,,221.99,5,4,5,14,Champions
53051,0,31.0,Mobile,1,7.0,Credit Card,Male,3.0,4,Laptop & Accessory,3,Divorced,4,0,12.0,2.0,2.0,3.0,192.55,3,3,4,10,Loyal
53052,0,14.0,Mobile,1,17.0,Debit Card,Female,3.0,3,Mobile Phone,3,Divorced,5,1,14.0,1.0,2.0,8.0,147.13,1,2,2,5,Hibernating
53053,0,1.0,Computer,3,16.0,Credit Card,Male,3.0,4,Mobile Phone,2,Single,3,0,25.0,1.0,3.0,3.0,151.1,3,4,2,9,Hibernating
53054,1,1.0,Mobile,3,12.0,E wallet,Female,3.0,4,Mobile Phone,3,Single,3,1,14.0,2.0,2.0,1.0,153.51,5,3,2,10,Hibernating
53055,0,11.0,Mobile,1,17.0,Credit Card,Female,4.0,4,Mobile Phone,5,Divorced,8,0,21.0,2.0,2.0,4.0,159.52,3,3,3,9,Loyal
53056,0,20.0,Computer,1,14.0,Credit Card,Female,2.0,4,Laptop & Accessory,3,Divorced,4,0,15.0,1.0,2.0,1.0,177.58,5,3,4,12,Loyal
53057,1,5.0,Computer,3,11.0,E wallet,Male,3.0,4,Laptop & Accessory,4,Single,3,0,19.0,8.0,8.0,,218.55,5,5,5,15,Champions
53058,0,24.0,Mobile,1,17.0,Cash on Delivery,Male,4.0,5,Fashion,2,Single,8,0,16.0,1.0,2.0,,229.96,5,4,5,14,Champions
53059,1,4.0,Mobile,3,29.0,E wallet,Male,4.0,5,Laptop & Accessory,3,Divorced,4,1,13.0,2.0,2.0,1.0,188.8,5,3,4,12,Loyal
53060,0,5.0,Mobile,1,16.0,Debit Card,Male,3.0,5,Mobile Phone,4,Single,2,1,17.0,2.0,3.0,3.0,151.57,3,4,2,9,Hibernating
53061,1,1.0,Mobile,3,19.0,Debit Card,Female,3.0,3,Mobile Phone,4,Single,3,0,16.0,1.0,2.0,1.0,152.16,5,3,2,10,Hibernating
53062,0,3.0,Mobile,1,30.0,Debit Card,Male,3.0,4,Mobile Phone,2,Single,11,0,17.0,2.0,2.0,3.0,147.01,3,2,2,7,Hibernating
53063,0,9.0,Mobile,1,16.0,Debit Card,Male,4.0,5,Laptop & Accessory,4,Single,11,0,20.0,2.0,2.0,1.0,190.4,5,3,4,12,Loyal
53064,0,1.0,Mobile,1,7.0,Credit Card,Male,3.0,4,Mobile Phone,4,Married,3,0,12.0,1.0,2.0,5.0,163.16,2,3,3,8,Loyal
53065,0,2.0,Mobile,3,16.0,Debit Card,Male,4.0,4,Laptop & Accessory,2,Single,3,0,17.0,2.0,2.0,8.0,177.53,1,3,4,8,Loyal
53066,0,23.0,Mobile,1,14.0,UPI,Male,3.0,5,Fashion,3,Single,10,0,25.0,2.0,2.0,1.0,170.0,5,3,3,11,Loyal
53067,0,25.0,Mobile,3,21.0,Debit Card,Female,3.0,4,Laptop & Accessory,2,Divorced,6,0,12.0,1.0,2.0,8.0,174.36,1,3,4,8,Loyal
53068,0,10.0,Mobile,1,9.0,Debit Card,Female,4.0,4,Mobile Phone,3,Divorced,6,0,14.0,2.0,3.0,3.0,150.43,3,4,2,9,Hibernating
53069,1,1.0,Computer,3,26.0,E wallet,Male,4.0,3,Laptop & Accessory,2,Single,10,1,14.0,2.0,2.0,5.0,178.04,2,3,4,9,Loyal
53070,0,29.0,Mobile,1,9.0,Debit Card,Female,4.0,4,Grocery,2,Single,4,1,14.0,,2.0,3.0,291.59,3,4,5,12,Champions
53071,0,1.0,Mobile,3,17.0,E wallet,Female,4.0,4,Laptop & Accessory,3,Married,3,1,13.0,1.0,2.0,4.0,167.6,3,3,3,9,Loyal
53072,0,4.0,Mobile,3,9.0,Cash on Delivery,Male,4.0,4,Mobile Phone,4,Divorced,3,0,19.0,2.0,2.0,1.0,149.76,4,3,2,9,Hibernating
53073,1,1.0,Computer,1,10.0,Cash on Delivery,Male,4.0,4,Mobile Phone,5,Single,2,0,23.0,1.0,2.0,5.0,156.02,2,3,3,8,Loyal
53074,0,1.0,Mobile,1,18.0,Credit Card,Female,3.0,4,Mobile Phone,4,Divorced,3,0,14.0,2.0,2.0,3.0,147.44,3,2,2,7,Hibernating
53075,0,10.0,Mobile,3,9.0,Credit Card,Male,4.0,5,Fashion,3,Divorced,3,0,14.0,10.0,10.0,1.0,200.96,5,5,4,14,Champions
53076,1,1.0,Computer,1,11.0,Cash on Delivery,Male,3.0,4,Mobile Phone,2,Single,20,1,24.0,2.0,2.0,1.0,147.85,4,2,2,8,Recent Customers
53077,0,11.0,Mobile,1,21.0,Debit Card,Female,4.0,4,Mobile Phone,5,Married,3,0,13.0,4.0,13.0,18.0,155.34,1,5,3,9,Loyal
53078,0,14.0,Mobile,3,9.0,E wallet,Female,3.0,4,Laptop & Accessory,4,Married,9,0,13.0,1.0,2.0,4.0,182.15,3,3,4,10,Loyal
53079,0,16.0,Mobile,1,7.0,Debit Card,Female,4.0,4,Mobile Phone,5,Married,5,0,17.0,2.0,2.0,3.0,150.76,3,3,2,8,Hibernating
53080,0,11.0,Mobile,1,17.0,Debit Card,Male,3.0,4,Laptop & Accessory,4,Single,4,1,13.0,1.0,2.0,2.0,166.97,4,3,3,10,Loyal
53081,0,17.0,Mobile,1,19.0,Debit Card,Male,3.0,5,Grocery,4,Married,3,0,12.0,,4.0,10.0,268.36,1,4,5,10,Champions
53082,0,14.0,Mobile,1,9.0,Credit Card,Female,4.0,5,Laptop & Accessory,3,Divorced,8,0,23.0,2.0,2.0,1.0,159.48,5,3,3,11,Loyal
53083,0,28.0,Mobile,1,12.0,Credit Card,Male,3.0,4,Others,5,Divorced,6,0,,2.0,2.0,3.0,319.06,3,4,5,12,Champions
53084,0,8.0,Computer,3,11.0,E wallet,Female,4.0,4,Laptop & Accessory,3,Divorced,11,0,16.0,2.0,2.0,3.0,190.38,3,3,4,10,Loyal
53085,0,5.0,Mobile,1,14.0,Credit Card,Female,3.0,4,Laptop & Accessory,5,Divorced,3,0,13.0,4.0,4.0,13.0,168.06,1,4,3,8,Loyal
53086,0,17.0,Computer,1,28.0,Credit Card,Male,4.0,4,Mobile Phone,2,Divorced,9,0,21.0,1.0,2.0,3.0,147.58,3,2,2,7,Hibernating
53087,0,17.0,Mobile,1,15.0,UPI,Female,4.0,4,Laptop & Accessory,3,Married,6,1,15.0,1.0,2.0,3.0,170.22,3,3,3,9,Loyal
53088,0,1.0,Mobile,3,11.0,Debit Card,Female,3.0,5,Laptop & Accessory,2,Single,3,1,12.0,1.0,2.0,4.0,169.87,3,3,3,9,Loyal
53089,0,11.0,Computer,1,32.0,Credit Card,Female,4.0,4,Laptop & Accessory,3,Divorced,5,1,16.0,4.0,11.0,8.0,169.49,2,5,3,10,Loyal
53090,0,5.0,Mobile,1,7.0,Debit Card,Male,4.0,5,Mobile Phone,5,Divorced,3,0,13.0,1.0,4.0,3.0,147.18,3,4,2,9,Hibernating
53091,0,13.0,Computer,1,7.0,Debit Card,Male,3.0,4,Others,3,Married,3,1,,1.0,2.0,7.0,316.97,2,4,5,11,Champions
53092,0,30.0,Computer,3,13.0,Debit Card,Female,3.0,3,Grocery,5,Divorced,11,0,12.0,3.0,,8.0,257.12,2,5,5,12,Champions
53093,0,4.0,Mobile,3,19.0,Cash on Delivery,Female,3.0,4,Laptop & Accessory,3,Single,2,0,12.0,4.0,5.0,5.0,190.77,2,4,4,10,Champions
53094,0,15.0,Mobile,3,7.0,E wallet,Male,3.0,3,Fashion,5,Divorced,3,0,17.0,2.0,2.0,8.0,208.92,1,4,5,10,Champions
53095,0,2.0,Mobile,1,24.0,Credit Card,Male,4.0,4,Laptop & Accessory,5,Married,3,0,13.0,1.0,2.0,9.0,170.58,1,3,3,7,Loyal
53096,1,1.0,Mobile,1,10.0,Credit Card,Male,4.0,4,Mobile Phone,5,Divorced,7,0,14.0,2.0,2.0,3.0,165.31,3,3,3,9,Loyal
53097,0,26.0,Mobile,1,10.0,Credit Card,Male,3.0,5,Fashion,3,Divorced,4,1,15.0,1.0,2.0,5.0,204.69,2,4,4,10,Champions
53098,0,19.0,Mobile,1,17.0,Debit Card,Male,4.0,4,Mobile Phone,2,Divorced,5,0,22.0,2.0,2.0,3.0,151.54,3,3,2,8,Hibernating
53099,0,26.0,Mobile,1,11.0,Debit Card,Female,2.0,4,Grocery,2,Divorced,4,0,14.0,,2.0,5.0,290.55,2,4,5,11,Champions
53100,0,16.0,Computer,1,36.0,Debit Card,Female,4.0,4,Laptop & Accessory,3,Married,4,0,12.0,2.0,2.0,3.0,170.56,3,3,3,9,Loyal
53101,0,4.0,Mobile,1,9.0,Debit Card,Female,3.0,6,Laptop & Accessory,2,Single,4,0,21.0,1.0,2.0,3.0,185.91,3,3,4,10,Loyal
53102,0,31.0,Mobile,1,14.0,Debit Card,Female,3.0,4,Others,5,Divorced,7,0,,1.0,12.0,11.0,320.66,1,5,5,11,Champions
53103,0,20.0,Mobile,1,25.0,Credit Card,Female,3.0,4,Laptop & Accessory,3,Married,4,0,15.0,1.0,2.0,9.0,173.1,1,3,4,8,Loyal
53104,0,16.0,Computer,1,35.0,Cash on Delivery,Female,3.0,5,Laptop & Accessory,2,Divorced,2,0,12.0,1.0,2.0,5.0,170.23,2,3,3,8,Loyal
53105,1,1.0,Mobile,3,7.0,Cash on Delivery,Female,4.0,4,Mobile Phone,4,Single,3,1,17.0,2.0,2.0,5.0,157.02,2,3,3,8,Loyal
53106,1,1.0,Computer,3,13.0,E wallet,Female,3.0,6,Mobile Phone,3,Married,2,0,17.0,2.0,2.0,1.0,148.51,4,2,2,8,Recent Customers
53107,0,12.0,Computer,1,9.0,Debit Card,Male,3.0,4,Mobile Phone,2,Divorced,3,1,24.0,2.0,2.0,1.0,142.02,4,2,2,8,Recent Customers
53108,0,14.0,Mobile,3,9.0,Debit Card,Female,4.0,4,Others,3,Divorced,2,0,,1.0,2.0,13.0,305.41,1,4,5,10,Champions
53109,0,1.0,Mobile,1,30.0,Debit Card,Female,3.0,4,Mobile Phone,2,Married,3,0,23.0,2.0,2.0,3.0,153.86,3,3,3,9,Loyal
53110,0,4.0,Computer,1,10.0,Debit Card,Male,3.0,4,Mobile Phone,2,Divorced,6,0,16.0,1.0,2.0,5.0,145.97,2,2,2,6,Hibernating
53111,0,3.0,Mobile,1,10.0,Credit Card,Male,4.0,5,Fashion,3,Divorced,3,0,19.0,2.0,,8.0,244.35,2,5,5,12,Champions
53112,1,1.0,Mobile,1,32.0,Cash on Delivery,Female,4.0,5,Mobile Phone,4,Divorced,7,0,17.0,1.0,2.0,2.0,150.46,4,3,2,9,Hibernating
53113,1,1.0,Mobile,2,9.0,Cash on Delivery,Male,3.0,5,Mobile Phone,2,Single,3,0,13.0,2.0,2.0,1.0,150.64,4,3,2,9,Hibernating
53114,0,4.0,Computer,3,29.0,UPI,Female,4.0,4,Fashion,5,Divorced,2,0,12.0,3.0,8.0,9.0,209.12,1,5,5,11,Champions
53115,0,31.0,Mobile,3,36.0,E wallet,Male,3.0,5,Grocery,2,Married,5,0,13.0,,2.0,1.0,266.18,5,4,5,14,Champions
53116,0,24.0,Mobile,1,36.0,Debit Card,Male,3.0,5,Grocery,3,Divorced,2,0,,12.0,16.0,8.0,295.46,2,5,5,12,Champions
53117,0,4.0,Computer,1,9.0,Credit Card,Female,3.0,4,Mobile Phone,2,Single,2,0,15.0,6.0,7.0,8.0,150.64,1,5,2,8,At Risk
53118,0,31.0,Computer,3,35.0,E wallet,Female,4.0,5,Fashion,5,Divorced,6,0,20.0,14.0,14.0,,227.66,5,5,5,15,Champions
53119,0,21.0,Mobile,1,9.0,Credit Card,Female,4.0,4,Laptop & Accessory,2,Married,7,0,14.0,1.0,2.0,5.0,175.7,2,3,4,9,Loyal
53120,0,20.0,Mobile,1,9.0,Debit Card,Male,3.0,4,Grocery,3,Divorced,8,0,,1.0,2.0,2.0,303.61,4,4,5,13,Champions
53121,0,9.0,Mobile,1,29.0,Debit Card,Male,3.0,6,Mobile Phone,3,Single,2,0,16.0,3.0,5.0,4.0,167.3,3,4,3,10,Loyal
53122,0,28.0,Mobile,1,15.0,Debit Card,Female,3.0,4,Laptop & Accessory,3,Single,9,0,12.0,2.0,2.0,1.0,162.8,5,3,3,11,Loyal
53123,0,8.0,Mobile,1,9.0,Debit Card,Male,4.0,5,Mobile Phone,3,Married,5,0,13.0,6.0,6.0,8.0,152.68,1,5,2,8,At Risk
53124,0,20.0,Mobile,3,17.0,E wallet,Female,4.0,5,Fashion,2,Divorced,4,1,20.0,2.0,2.0,,215.71,5,4,5,14,Champions
53125,0,5.0,Mobile,1,16.0,Debit Card,Male,3.0,4,Fashion,4,Married,3,0,26.0,2.0,2.0,9.0,231.48,1,4,5,10,Champions
53126,1,1.0,Mobile,1,22.0,Credit Card,Male,3.0,4,Fashion,3,Divorced,9,1,13.0,,8.0,8.0,261.1,2,5,5,12,Champions
53127,1,1.0,Mobile,1,17.0,Credit Card,Male,3.0,6,Mobile Phone,2,Married,9,0,14.0,1.0,2.0,4.0,159.08,3,3,3,9,Loyal
53128,0,4.0,Mobile,3,14.0,E wallet,Male,3.0,4,Mobile Phone,4,Single,2,0,15.0,2.0,2.0,3.0,154.83,3,3,3,9,Loyal
53129,0,9.0,Mobile,1,23.0,Debit Card,Male,4.0,4,Fashion,3,Divorced,6,1,13.0,1.0,2.0,1.0,201.32,5,4,4,13,Champions
53130,1,1.0,Computer,1,27.0,Debit Card,Male,4.0,4,Fashion,3,Divorced,5,0,13.0,2.0,2.0,,223.24,5,4,5,14,Champions
53131,1,1.0,Computer,2,30.0,UPI,Female,3.0,4,Fashion,5,Married,11,1,16.0,2.0,2.0,,224.5,5,4,5,14,Champions
53132,0,16.0,Computer,1,12.0,UPI,Male,4.0,4,Mobile Phone,3,Divorced,6,0,18.0,3.0,3.0,1.0,145.93,5,4,2,11,Hibernating
53133,0,10.0,Computer,3,17.0,Credit Card,Male,3.0,4,Fashion,2,Single,3,0,15.0,2.0,10.0,,224.8,5,5,5,15,Champions
53134,1,1.0,Computer,1,11.0,Cash on Delivery,Male,3.0,5,Mobile Phone,3,Single,7,0,17.0,2.0,2.0,3.0,163.94,3,3,3,9,Loyal
53135,0,22.0,Mobile,3,9.0,E wallet,Female,3.0,4,Laptop & Accessory,2,Divorced,4,0,15.0,5.0,7.0,8.0,165.51,1,5,3,9,Loyal
53136,0,29.0,Mobile,3,25.0,Debit Card,Female,3.0,4,Grocery,4,Single,5,0,,1.0,8.0,8.0,293.35,2,5,5,12,Champions
53137,0,15.0,Computer,3,17.0,Debit Card,Male,3.0,4,Laptop & Accessory,2,Single,9,0,15.0,1.0,2.0,11.0,187.3,1,3,4,8,Loyal
53138,0,9.0,Mobile,3,7.0,E wallet,Male,3.0,4,Laptop & Accessory,3,Divorced,11,0,12.0,4.0,7.0,10.0,172.17,1,5,3,9,Loyal
53139,0,14.0,Mobile,1,13.0,Debit Card,Female,4.0,4,Grocery,3,Single,9,0,16.0,5.0,,14.0,257.37,1,5,5,11,Champions
53140,0,13.0,Computer,1,15.0,Debit Card,Female,3.0,4,Mobile Phone,3,Divorced,3,0,12.0,1.0,2.0,8.0,162.55,1,3,3,7,Loyal
53141,0,5.0,Mobile,3,9.0,Debit Card,Male,4.0,4,Laptop & Accessory,2,Single,6,1,14.0,2.0,2.0,6.0,190.82,2,3,4,9,Loyal
53142,0,16.0,Mobile,1,31.0,Credit Card,Male,3.0,4,Fashion,5,Divorced,3,1,22.0,5.0,6.0,9.0,199.06,1,5,4,10,Champions
53143,0,19.0,Mobile,3,9.0,UPI,Male,4.0,4,Laptop & Accessory,4,Divorced,2,0,20.0,4.0,4.0,8.0,173.05,1,4,3,8,Loyal
53144,1,1.0,Computer,2,24.0,Debit Card,Female,3.0,4,Mobile Phone,3,Married,2,1,12.0,1.0,2.0,1.0,152.41,5,3,2,10,Hibernating
53145,0,3.0,Mobile,1,26.0,Cash on Delivery,Male,3.0,4,Laptop & Accessory,2,Married,6,0,13.0,1.0,2.0,3.0,167.62,3,3,3,9,Loyal
53146,0,7.0,Mobile,1,7.0,Credit Card,Female,4.0,3,Grocery,3,Married,6,0,20.0,,2.0,6.0,286.84,2,4,5,11,Champions
53147,0,1.0,Mobile,3,14.0,Debit Card,Male,3.0,5,Fashion,2,Married,11,0,22.0,2.0,,2.0,240.57,4,5,5,14,Champions
53148,1,1.0,Computer,3,12.0,E wallet,Male,4.0,4,Mobile Phone,4,Single,3,1,15.0,2.0,2.0,1.0,143.78,4,2,2,8,Recent Customers
53149,0,14.0,Computer,3,35.0,UPI,Male,3.0,6,Fashion,5,Married,5,0,16.0,2.0,,2.0,234.32,4,5,5,14,Champions
53150,0,15.0,Computer,1,9.0,UPI,Female,4.0,5,Laptop & Accessory,3,Single,4,1,18.0,1.0,2.0,8.0,193.11,1,3,4,8,Loyal
53151,0,1.0,Mobile,3,36.0,Credit Card,Male,3.0,4,Laptop & Accessory,3,Married,7,0,13.0,2.0,2.0,1.0,168.06,5,3,3,11,Loyal
53152,0,9.0,Mobile,3,7.0,Credit Card,Female,4.0,4,Laptop & Accessory,3,Single,3,0,17.0,1.0,2.0,4.0,173.59,3,3,4,10,Loyal
53153,0,8.0,Mobile,3,28.0,Debit Card,Male,4.0,3,Laptop & Accessory,2,Single,3,0,13.0,6.0,6.0,8.0,178.37,1,5,4,10,Champions
53154,1,1.0,Mobile,1,31.0,Cash on Delivery,Male,4.0,6,Mobile Phone,2,Single,3,1,19.0,2.0,2.0,1.0,148.4,4,2,2,8,Recent Customers
53155,0,11.0,Mobile,1,7.0,Cash on Delivery,Female,3.0,4,Fashion,2,Single,6,0,18.0,2.0,2.0,3.0,199.91,3,4,4,11,Champions
53156,0,20.0,Computer,1,25.0,Credit Card,Female,3.0,4,Fashion,3,Divorced,7,0,12.0,2.0,2.0,,230.27,5,4,5,14,Champions
53157,0,15.0,Mobile,3,9.0,Debit Card,Female,4.0,4,Grocery,5,Divorced,9,0,17.0,,12.0,9.0,290.95,1,5,5,11,Champions
53158,0,11.0,Computer,3,16.0,Credit Card,Male,4.0,4,Fashion,4,Married,3,0,14.0,7.0,8.0,,213.34,5,5,5,15,Champions
53159,0,26.0,Mobile,1,13.0,Cash on Delivery,Male,4.0,4,Laptop & Accessory,5,Married,5,1,13.0,3.0,7.0,10.0,180.77,1,5,4,10,Champions
53160,1,1.0,Computer,3,18.0,UPI,Male,3.0,3,Laptop & Accessory,3,Divorced,10,0,13.0,2.0,2.0,3.0,172.07,3,3,3,9,Loyal
53161,0,1.0,Computer,3,31.0,Credit Card,Male,3.0,4,Mobile Phone,2,Divorced,2,0,14.0,1.0,3.0,2.0,149.0,4,4,2,10,Hibernating
53162,0,12.0,Mobile,1,17.0,Credit Card,Female,4.0,4,Laptop & Accessory,3,Divorced,5,0,20.0,2.0,2.0,,223.24,5,4,5,14,Champions
53163,0,11.0,Mobile,1,7.0,Debit Card,Female,4.0,4,Laptop & Accessory,4,Divorced,8,0,13.0,4.0,5.0,4.0,189.47,3,4,4,11,Champions
53164,0,23.0,Mobile,1,25.0,Debit Card,Male,3.0,5,Others,3,Married,3,1,,1.0,2.0,10.0,320.02,1,4,5,10,Champions
53165,0,1.0,Mobile,1,30.0,Credit Card,Male,3.0,3,Mobile Phone,2,Divorced,3,1,12.0,1.0,2.0,5.0,152.25,2,3,2,7,At Risk
53166,0,1.0,Mobile,3,35.0,E wallet,Male,4.0,4,Laptop & Accessory,4,Divorced,3,0,21.0,2.0,2.0,5.0,187.72,2,3,4,9,Loyal
53167,0,1.0,Mobile,1,24.0,UPI,Male,4.0,5,Mobile Phone,4,Divorced,3,0,22.0,2.0,2.0,1.0,146.27,4,2,2,8,Recent Customers
53168,0,24.0,Computer,2,10.0,Credit Card,Male,3.0,4,Others,4,Divorced,3,0,,7.0,11.0,8.0,307.0,2,5,5,12,Champions
53169,0,1.0,Mobile,3,20.0,Credit Card,Male,3.0,4,Mobile Phone,3,Divorced,3,0,12.0,2.0,2.0,7.0,145.96,2,2,2,6,Hibernating
53170,1,1.0,Computer,1,14.0,Debit Card,Female,3.0,4,Mobile Phone,3,Divorced,3,1,17.0,1.0,2.0,3.0,153.86,3,3,3,9,Loyal
53171,1,1.0,Computer,3,19.0,Debit Card,Male,4.0,5,Mobile Phone,5,Divorced,3,0,19.0,2.0,2.0,1.0,145.33,4,2,2,8,Recent Customers
53172,0,8.0,Mobile,1,7.0,Debit Card,Male,3.0,5,Mobile Phone,2,Divorced,3,1,14.0,1.0,2.0,4.0,161.22,3,3,3,9,Loyal
53173,1,1.0,Mobile,3,20.0,Credit Card,Male,3.0,4,Laptop & Accessory,5,Married,4,0,18.0,1.0,2.0,3.0,167.33,3,3,3,9,Loyal
53174,0,9.0,Mobile,1,32.0,UPI,Male,3.0,5,Laptop & Accessory,2,Single,6,0,15.0,1.0,2.0,3.0,161.81,3,3,3,9,Loyal
53175,0,5.0,Mobile,3,13.0,Credit Card,Male,4.0,3,Laptop & Accessory,2,Married,6,0,23.0,4.0,6.0,8.0,179.6,1,5,4,10,Champions
53176,0,1.0,Mobile,1,13.0,Credit Card,Female,4.0,5,Mobile Phone,3,Married,2,0,13.0,2.0,2.0,4.0,146.87,3,2,2,7,Hibernating
53177,0,11.0,Mobile,3,9.0,E wallet,Male,4.0,4,Laptop & Accessory,3,Divorced,6,1,12.0,1.0,2.0,,221.02,5,4,5,14,Champions
53178,0,1.0,Mobile,1,7.0,Debit Card,Female,3.0,5,Mobile Phone,4,Single,3,0,14.0,2.0,2.0,1.0,153.36,5,3,2,10,Hibernating
53179,0,16.0,Mobile,1,9.0,Debit Card,Female,3.0,4,Laptop & Accessory,2,Divorced,3,0,14.0,3.0,3.0,3.0,165.89,3,4,3,10,Loyal
53180,0,17.0,Mobile,1,13.0,UPI,Male,3.0,5,Grocery,2,Married,6,1,15.0,,2.0,1.0,291.27,5,4,5,14,Champions
53181,0,12.0,Mobile,1,7.0,Debit Card,Female,3.0,4,Mobile Phone,5,Single,5,0,18.0,2.0,2.0,1.0,151.19,4,3,2,9,Hibernating
53182,0,17.0,Computer,1,16.0,Credit Card,Male,4.0,4,Laptop & Accessory,3,Married,5,1,14.0,3.0,5.0,8.0,181.79,1,4,4,9,Champions
53183,0,22.0,Mobile,1,7.0,Debit Card,Female,3.0,5,Grocery,5,Divorced,9,0,12.0,,2.0,3.0,279.02,3,4,5,12,Champions
53184,0,18.0,Mobile,2,7.0,Debit Card,Female,3.0,5,Laptop & Accessory,3,Single,6,0,12.0,2.0,2.0,3.0,184.85,3,3,4,10,Loyal
53185,0,8.0,Mobile,3,21.0,Cash on Delivery,Female,3.0,4,Mobile Phone,3,Married,3,1,19.0,2.0,2.0,7.0,150.79,2,3,2,7,At Risk
53186,1,1.0,Mobile,3,9.0,E wallet,Male,3.0,4,Mobile Phone,5,Married,2,0,12.0,1.0,2.0,3.0,155.41,3,3,3,9,Loyal
53187,0,1.0,Mobile,3,29.0,Cash on Delivery,Male,3.0,4,Mobile Phone,3,Single,3,0,12.0,2.0,2.0,3.0,159.47,3,3,3,9,Loyal
53188,0,18.0,Mobile,1,10.0,UPI,Male,3.0,4,Others,2,Divorced,6,1,,2.0,2.0,2.0,320.13,4,4,5,13,Champions
53189,0,1.0,Mobile,1,13.0,Credit Card,Male,4.0,4,Mobile Phone,3,Divorced,2,0,21.0,3.0,3.0,3.0,152.73,3,4,2,9,Hibernating
53190,0,7.0,Mobile,3,15.0,E wallet,Male,3.0,4,Laptop & Accessory,3,Married,2,0,13.0,2.0,2.0,3.0,196.04,3,4,4,11,Champions
53191,0,6.0,Mobile,1,16.0,Debit Card,Female,4.0,4,Laptop & Accessory,2,Divorced,3,1,13.0,2.0,2.0,6.0,188.22,2,3,4,9,Loyal
53192,0,4.0,Computer,1,10.0,Credit Card,Female,4.0,4,Mobile Phone,3,Married,3,0,21.0,2.0,2.0,1.0,145.83,4,2,2,8,Recent Customers
53193,0,27.0,Mobile,3,7.0,Credit Card,Female,3.0,4,Laptop & Accessory,5,Single,9,0,21.0,7.0,9.0,11.0,208.81,1,5,4,10,Champions
53194,0,8.0,Mobile,1,7.0,Debit Card,Male,3.0,4,Mobile Phone,2,Divorced,3,0,13.0,7.0,9.0,9.0,151.91,1,5,2,8,At Risk
53195,1,9.0,Computer,3,33.0,Debit Card,Female,4.0,4,Laptop & Accessory,5,Divorced,4,0,15.0,1.0,2.0,1.0,167.86,5,3,3,11,Loyal
53196,0,1.0,Mobile,1,13.0,Debit Card,Female,4.0,4,Mobile Phone,2,Divorced,3,1,14.0,1.0,2.0,3.0,151.59,3,3,2,8,Hibernating
53197,0,11.0,Mobile,1,10.0,UPI,Male,3.0,4,Fashion,3,Divorced,3,0,16.0,7.0,8.0,,219.34,5,5,5,15,Champions
53198,0,3.0,Mobile,3,10.0,Credit Card,Female,4.0,4,Laptop & Accessory,3,Divorced,3,0,15.0,1.0,2.0,3.0,180.61,3,3,4,10,Loyal
53199,0,9.0,Mobile,1,13.0,Debit Card,Male,3.0,6,Laptop & Accessory,2,Single,3,0,14.0,12.0,12.0,9.0,191.46,1,5,4,10,Champions
53200,0,7.0,Computer,1,13.0,Debit Card,Male,2.0,4,Laptop & Accessory,2,Married,5,0,24.0,5.0,5.0,8.0,202.25,1,4,4,9,Champions
53201,0,28.0,Mobile,2,26.0,Credit Card,Male,3.0,4,Fashion,4,Divorced,4,0,16.0,4.0,,2.0,232.25,4,5,5,14,Champions
53202,0,10.0,Mobile,1,16.0,Credit Card,Male,3.0,5,Laptop & Accessory,4,Married,4,1,12.0,2.0,2.0,,213.47,5,4,5,14,Champions
53203,0,1.0,Mobile,1,10.0,Credit Card,Male,3.0,5,Mobile Phone,2,Single,2,0,14.0,1.0,2.0,2.0,145.45,4,2,2,8,Recent Customers
53204,1,1.0,Mobile,1,17.0,Credit Card,Male,3.0,4,Mobile,3,Single,3,1,12.0,1.0,2.0,2.0,135.09,4,2,1,7,Recent Customers
53205,1,1.0,Computer,1,10.0,Debit Card,Male,4.0,4,Mobile Phone,5,Single,3,1,12.0,10.0,10.0,8.0,158.48,2,5,3,10,Loyal
53206,0,9.0,Computer,1,10.0,Debit Card,Male,3.0,5,Mobile Phone,3,Divorced,3,0,19.0,2.0,2.0,1.0,137.81,4,2,1,7,Recent Customers
53207,0,1.0,Mobile,1,11.0,Credit Card,Male,3.0,3,Mobile Phone,5,Divorced,4,0,17.0,1.0,2.0,3.0,153.19,3,3,2,8,Hibernating
53208,0,1.0,Mobile,3,15.0,Debit Card,Male,3.0,3,Laptop & Accessory,4,Divorced,2,0,23.0,1.0,2.0,3.0,173.51,3,3,4,10,Loyal
53209,0,12.0,Mobile,3,14.0,E wallet,Female,3.0,5,Laptop & Accessory,2,Single,2,0,21.0,2.0,2.0,6.0,165.28,2,3,3,8,Loyal
53210,0,3.0,Computer,1,7.0,Debit Card,Male,4.0,6,Mobile Phone,2,Married,3,0,19.0,3.0,3.0,9.0,152.2,1,4,2,7,At Risk
53211,0,22.0,Mobile,3,9.0,E wallet,Male,3.0,3,Laptop & Accessory,4,Divorced,5,0,13.0,3.0,3.0,3.0,206.2,3,4,4,11,Champions
53212,0,1.0,Computer,3,10.0,Credit Card,Female,4.0,3,Laptop & Accessory,2,Married,3,1,21.0,2.0,2.0,5.0,171.47,2,3,3,8,Loyal
53213,0,11.0,Mobile,1,17.0,Debit Card,Male,4.0,3,Mobile Phone,2,Single,5,0,18.0,2.0,2.0,1.0,171.8,5,3,3,11,Loyal
53214,0,24.0,Mobile,1,35.0,Credit Card,Male,4.0,3,Mobile Phone,3,Divorced,3,1,12.0,4.0,4.0,9.0,157.21,1,4,3,8,Loyal
53215,0,8.0,Mobile,1,16.0,Credit Card,Female,3.0,5,Fashion,4,Single,3,0,15.0,5.0,8.0,,211.21,5,5,5,15,Champions
53216,1,1.0,Mobile,3,10.0,Debit Card,Female,4.0,4,Laptop & Accessory,3,Single,11,0,15.0,2.0,3.0,1.0,170.77,5,4,3,12,Loyal
53217,0,13.0,Mobile,1,9.0,Cash on Delivery,Female,4.0,5,Laptop & Accessory,3,Single,3,0,12.0,3.0,12.0,11.0,170.53,1,5,3,9,Loyal
53218,0,6.0,Mobile,3,17.0,E wallet,Male,3.0,4,Laptop & Accessory,2,Single,3,0,13.0,1.0,2.0,9.0,178.96,1,3,4,8,Loyal
53219,1,14.0,Computer,3,15.0,Cash on Delivery,Male,3.0,4,Laptop & Accessory,3,Divorced,5,1,15.0,2.0,2.0,4.0,192.96,3,3,4,10,Loyal
53220,0,12.0,Mobile,1,7.0,Debit Card,Female,3.0,3,Laptop & Accessory,2,Single,2,0,14.0,2.0,2.0,9.0,201.25,1,4,4,9,Champions
53221,0,1.0,Mobile,1,7.0,Debit Card,Female,4.0,4,Fashion,5,Divorced,3,0,12.0,2.0,2.0,8.0,199.12,1,4,4,9,Champions
53222,0,6.0,Mobile,1,10.0,Debit Card,Female,3.0,4,Fashion,2,Single,5,0,16.0,4.0,,8.0,236.59,2,5,5,12,Champions
53223,0,21.0,Mobile,3,21.0,E wallet,Male,3.0,4,Laptop & Accessory,5,Single,4,0,13.0,1.0,2.0,8.0,174.6,1,3,4,8,Loyal
53224,0,14.0,Computer,3,12.0,Debit Card,Male,3.0,5,Fashion,5,Divorced,7,1,22.0,1.0,2.0,,229.75,5,4,5,14,Champions
53225,0,27.0,Mobile,1,14.0,Debit Card,Male,3.0,3,Grocery,3,Divorced,5,0,20.0,,2.0,4.0,273.14,3,4,5,12,Champions
53226,0,15.0,Mobile,2,17.0,UPI,Male,4.0,5,Others,2,Married,5,0,,13.0,13.0,7.0,316.41,2,5,5,12,Champions
53227,0,31.0,Mobile,3,23.0,E wallet,Male,3.0,4,Laptop & Accessory,5,Single,10,0,15.0,2.0,3.0,3.0,179.05,3,4,4,11,Champions
53228,0,1.0,Computer,1,17.0,Debit Card,Male,3.0,4,Fashion,5,Married,3,0,22.0,2.0,2.0,,212.93,5,4,5,14,Champions
53229,0,15.0,Mobile,2,7.0,UPI,Male,3.0,5,Others,3,Divorced,3,0,,3.0,3.0,11.0,316.89,1,4,5,10,Champions
53230,0,24.0,Mobile,3,15.0,E wallet,Male,3.0,4,Mobile Phone,4,Divorced,9,0,16.0,2.0,3.0,3.0,163.75,3,4,3,10,Loyal
53231,1,1.0,Mobile,1,7.0,Debit Card,Female,4.0,6,Mobile Phone,4,Single,9,1,14.0,2.0,4.0,8.0,147.16,1,4,2,7,At Risk
53232,0,10.0,Computer,1,15.0,Debit Card,Female,4.0,3,Fashion,5,Divorced,11,0,15.0,1.0,,6.0,242.13,2,5,5,12,Champions
53233,0,12.0,Mobile,1,7.0,Debit Card,Female,3.0,4,Fashion,3,Single,6,1,15.0,1.0,2.0,1.0,203.61,5,4,4,13,Champions
53234,0,18.0,Computer,1,31.0,Credit Card,Male,3.0,6,Mobile Phone,3,Single,4,0,15.0,1.0,2.0,5.0,162.08,2,3,3,8,Loyal
53235,0,21.0,Computer,3,10.0,Credit Card,Female,3.0,4,Grocery,3,Married,11,1,13.0,,12.0,14.0,262.7,1,5,5,11,Champions
53236,0,4.0,Mobile,3,34.0,E wallet,Male,3.0,4,Laptop & Accessory,2,Married,9,0,24.0,5.0,8.0,8.0,178.04,2,5,4,11,Champions
53237,0,3.0,Mobile,3,17.0,Debit Card,Male,3.0,4,Mobile Phone,3,Single,3,0,12.0,1.0,2.0,1.0,151.42,4,3,2,9,Hibernating
53238,1,6.0,Computer,1,26.0,Credit Card,Male,3.0,3,Mobile Phone,3,Married,8,1,13.0,3.0,3.0,3.0,152.59,3,4,2,9,Hibernating
53239,0,17.0,Computer,3,22.0,Debit Card,Male,3.0,5,Laptop & Accessory,2,Divorced,5,0,19.0,1.0,3.0,3.0,193.04,3,4,4,11,Champions
53240,0,8.0,Mobile,1,15.0,Credit Card,Female,4.0,4,Laptop & Accessory,3,Single,5,0,12.0,2.0,5.0,4.0,186.42,3,4,4,11,Champions
53241,0,1.0,Mobile,1,16.0,Credit Card,Male,3.0,4,Mobile Phone,5,Divorced,3,0,15.0,1.0,2.0,3.0,150.0,3,3,2,8,Hibernating
53242,0,13.0,Mobile,2,10.0,UPI,Female,3.0,3,Laptop & Accessory,4,Divorced,11,0,16.0,4.0,4.0,7.0,188.89,2,4,4,10,Champions
53243,0,30.0,Mobile,1,16.0,Credit Card,Male,3.0,4,Grocery,2,Divorced,9,0,12.0,1.0,,2.0,236.03,4,5,5,14,Champions
53244,0,14.0,Mobile,1,9.0,Credit Card,Female,3.0,5,Mobile Phone,2,Single,2,1,21.0,3.0,3.0,4.0,148.42,3,4,2,9,Hibernating
53245,0,1.0,Mobile,1,14.0,Credit Card,Female,3.0,5,Laptop & Accessory,5,Single,10,0,20.0,2.0,2.0,8.0,193.11,1,3,4,8,Loyal
53246,0,3.0,Mobile,3,17.0,E wallet,Male,3.0,4,Mobile Phone,4,Married,3,0,15.0,1.0,3.0,3.0,147.97,3,4,2,9,Hibernating
53247,0,27.0,Mobile,1,13.0,Debit Card,Male,3.0,4,Laptop & Accessory,2,Single,4,0,18.0,2.0,3.0,3.0,149.5,3,4,2,9,Hibernating
53248,0,9.0,Computer,1,9.0,Debit Card,Female,4.0,4,Laptop & Accessory,5,Married,4,0,12.0,1.0,2.0,1.0,175.93,5,3,4,12,Loyal
53249,0,6.0,Computer,1,31.0,Debit Card,Male,4.0,4,Laptop & Accessory,2,Divorced,3,0,16.0,3.0,5.0,8.0,178.09,1,4,4,9,Champions
53250,0,12.0,Mobile,1,9.0,Credit Card,Male,4.0,4,Mobile Phone,3,Divorced,8,1,14.0,1.0,2.0,2.0,155.57,4,3,3,10,Loyal
53251,0,8.0,Mobile,1,15.0,Debit Card,Female,3.0,4,Laptop & Accessory,5,Married,5,0,15.0,2.0,2.0,1.0,176.21,5,3,4,12,Loyal
53252,0,26.0,Mobile,3,10.0,E wallet,Male,3.0,5,Grocery,5,Divorced,3,0,,2.0,2.0,17.0,293.56,1,4,5,10,Champions
53253,1,1.0,Mobile,1,7.0,UPI,Male,4.0,4,Mobile Phone,2,Single,3,1,14.0,6.0,8.0,9.0,151.86,1,5,2,8,At Risk
53254,0,1.0,Mobile,3,33.0,Credit Card,Female,3.0,4,Laptop & Accessory,2,Single,3,0,24.0,1.0,2.0,5.0,186.8,2,3,4,9,Loyal
53255,0,19.0,Mobile,3,9.0,Cash on Delivery,Male,3.0,6,Laptop & Accessory,3,Single,2,0,14.0,1.0,4.0,2.0,191.32,4,4,4,12,Champions
53256,0,1.0,Mobile,1,17.0,Credit Card,Male,4.0,3,Mobile Phone,3,Single,3,0,19.0,2.0,2.0,3.0,160.05,3,3,3,9,Loyal
53257,1,11.0,Computer,3,34.0,Debit Card,Female,4.0,2,Laptop & Accessory,3,Single,6,1,13.0,2.0,2.0,4.0,188.97,3,3,4,10,Loyal
53258,0,8.0,Mobile,3,9.0,UPI,Male,3.0,4,Laptop & Accessory,2,Single,3,0,23.0,1.0,2.0,5.0,187.74,2,3,4,9,Loyal
53259,1,19.0,Mobile,1,9.0,Credit Card,Male,4.0,4,Others,5,Divorced,7,1,14.0,2.0,2.0,5.0,323.59,2,4,5,11,Champions
53260,0,10.0,Computer,3,15.0,Debit Card,Male,4.0,5,Fashion,5,Single,3,0,16.0,1.0,2.0,10.0,200.87,1,4,4,9,Champions
53261,0,26.0,Computer,1,26.0,Credit Card,Male,3.0,4,Mobile Phone,2,Divorced,2,0,19.0,2.0,2.0,3.0,167.58,3,3,3,9,Loyal
53262,0,1.0,Computer,1,7.0,Debit Card,Female,4.0,6,Mobile Phone,2,Married,5,0,15.0,3.0,3.0,1.0,168.64,5,4,3,12,Loyal
53263,0,3.0,Mobile,1,34.0,Credit Card,Female,4.0,4,Laptop & Accessory,3,Divorced,6,0,13.0,2.0,2.0,2.0,168.35,4,3,3,10,Loyal
53264,1,1.0,Mobile,3,15.0,Cash on Delivery,Male,3.0,5,Laptop & Accessory,5,Single,8,0,18.0,2.0,2.0,3.0,178.26,3,3,4,10,Loyal
53265,0,8.0,Mobile,1,7.0,Debit Card,Female,4.0,2,Mobile Phone,2,Single,4,0,17.0,1.0,2.0,4.0,157.8,3,3,3,9,Loyal
53266,0,28.0,Mobile,1,26.0,Credit Card,Female,4.0,4,Laptop & Accessory,5,Married,11,1,12.0,1.0,2.0,5.0,179.85,2,3,4,9,Loyal
53267,0,3.0,Computer,3,6.0,E wallet,Male,3.0,4,Laptop & Accessory,2,Divorced,2,0,20.0,1.0,2.0,2.0,168.42,4,3,3,10,Loyal
53268,0,11.0,Mobile,1,17.0,Debit Card,Female,3.0,4,Mobile Phone,5,Married,2,1,14.0,4.0,5.0,4.0,152.82,3,4,2,9,Hibernating
53269,0,12.0,Computer,1,9.0,Debit Card,Female,4.0,2,Laptop & Accessory,5,Single,8,1,13.0,5.0,5.0,13.0,184.8,1,4,4,9,Champions
53270,0,8.0,Mobile,1,9.0,Credit Card,Female,3.0,5,Mobile Phone,5,Single,3,0,12.0,2.0,2.0,4.0,168.81,3,3,3,9,Loyal
53271,0,9.0,Mobile,3,15.0,Debit Card,Female,4.0,4,Mobile Phone,2,Divorced,3,0,17.0,1.0,2.0,3.0,150.72,3,3,2,8,Hibernating
53272,0,4.0,Mobile,1,7.0,Debit Card,Male,3.0,6,Mobile Phone,3,Divorced,5,0,22.0,2.0,2.0,3.0,163.33,3,3,3,9,Loyal
53273,0,14.0,Computer,1,9.0,Credit Card,Female,3.0,2,Laptop & Accessory,4,Divorced,3,0,25.0,1.0,4.0,8.0,167.44,1,4,3,8,Loyal
53274,0,8.0,Mobile,3,15.0,Debit Card,Female,4.0,4,Laptop & Accessory,5,Divorced,7,0,18.0,2.0,2.0,3.0,190.0,3,3,4,10,Loyal
53275,0,16.0,Computer,1,15.0,Debit Card,Male,4.0,4,Others,2,Married,3,0,,1.0,15.0,10.0,309.3,1,5,5,11,Champions
53276,1,1.0,Mobile,1,13.0,Debit Card,Male,4.0,2,Mobile Phone,5,Divorced,3,1,22.0,2.0,2.0,1.0,141.01,4,2,2,8,Recent Customers
53277,0,1.0,Computer,1,16.0,Debit Card,Male,3.0,5,Mobile Phone,4,Married,3,0,12.0,2.0,2.0,1.0,151.94,5,3,2,10,Hibernating
53278,0,26.0,Mobile,1,18.0,Debit Card,Female,3.0,4,Laptop & Accessory,3,Divorced,10,0,21.0,2.0,2.0,5.0,156.49,2,3,3,8,Loyal
53279,0,24.0,Mobile,1,9.0,Credit Card,Male,4.0,4,Grocery,3,Divorced,7,0,,1.0,2.0,4.0,301.39,3,4,5,12,Champions
53280,1,1.0,Mobile,1,7.0,Debit Card,Female,3.0,5,Mobile Phone,5,Divorced,3,1,12.0,1.0,2.0,1.0,148.19,4,2,2,8,Recent Customers
53281,0,7.0,Mobile,1,14.0,Credit Card,Male,3.0,4,Fashion,3,Divorced,2,0,12.0,1.0,,8.0,241.91000000000005,2,5,5,12,Champions
53282,1,1.0,Mobile,3,23.0,E wallet,Female,4.0,4,Laptop & Accessory,5,Single,7,0,16.0,2.0,2.0,3.0,178.24,3,3,4,10,Loyal
53283,0,21.0,Mobile,1,9.0,UPI,Female,3.0,4,Grocery,2,Divorced,3,1,,4.0,4.0,1.0,292.52,5,4,5,14,Champions
53284,0,10.0,Mobile,1,7.0,UPI,Female,3.0,4,Laptop & Accessory,4,Divorced,2,0,16.0,1.0,2.0,6.0,177.28,2,3,4,9,Loyal
53285,0,3.0,Mobile,1,30.0,Debit Card,Male,3.0,2,Mobile Phone,3,Divorced,3,0,25.0,2.0,2.0,8.0,152.0,1,3,2,6,At Risk
53286,1,21.0,Mobile,1,9.0,Debit Card,Male,3.0,4,Others,4,Single,9,1,,6.0,14.0,9.0,317.46,1,5,5,11,Champions
53287,0,9.0,Mobile,1,7.0,Debit Card,Female,3.0,2,Mobile Phone,3,Single,5,0,14.0,1.0,3.0,3.0,150.06,3,4,2,9,Hibernating
53288,0,16.0,Mobile,1,7.0,Debit Card,Female,3.0,5,Laptop & Accessory,2,Divorced,11,1,14.0,1.0,2.0,3.0,185.62,3,3,4,10,Loyal
53289,1,1.0,Mobile,1,9.0,Credit Card,Male,3.0,4,Mobile Phone,3,Single,8,0,18.0,1.0,3.0,2.0,168.82,4,4,3,11,Loyal
53290,0,10.0,Mobile,2,20.0,UPI,Male,3.0,4,Mobile Phone,4,Divorced,5,0,14.0,2.0,2.0,5.0,146.43,2,2,2,6,Hibernating
53291,0,6.0,Mobile,1,11.0,Debit Card,Female,4.0,5,Laptop & Accessory,3,Divorced,3,0,13.0,2.0,7.0,9.0,186.62,1,5,4,10,Champions
53292,0,14.0,Computer,1,23.0,Credit Card,Male,3.0,5,Laptop & Accessory,3,Single,8,0,15.0,2.0,2.0,1.0,175.94,5,3,4,12,Loyal
53293,0,4.0,Mobile,1,9.0,Credit Card,Female,3.0,5,Laptop & Accessory,2,Single,7,1,25.0,2.0,2.0,1.0,193.77,5,4,4,13,Champions
53294,0,19.0,Mobile,1,9.0,Debit Card,Female,4.0,5,Mobile Phone,3,Single,3,0,15.0,2.0,2.0,1.0,147.74,4,2,2,8,Recent Customers
53295,0,16.0,Mobile,1,36.0,Debit Card,Male,4.0,4,Laptop & Accessory,4,Divorced,3,0,14.0,3.0,8.0,9.0,169.34,1,5,3,9,Loyal
53296,0,12.0,Computer,1,19.0,Debit Card,Male,3.0,5,Laptop & Accessory,5,Married,4,0,16.0,2.0,2.0,3.0,187.88,3,3,4,10,Loyal
53297,0,8.0,Computer,1,23.0,Debit Card,Female,4.0,5,Mobile Phone,2,Single,3,0,17.0,2.0,2.0,4.0,150.53,3,3,2,8,Hibernating
53298,1,13.0,Mobile,3,18.0,E wallet,Female,3.0,4,Fashion,2,Divorced,3,0,19.0,1.0,8.0,8.0,201.54,2,5,4,11,Champions
53299,1,19.0,Mobile,3,9.0,Credit Card,Male,3.0,4,Laptop & Accessory,2,Single,6,0,17.0,1.0,8.0,4.0,176.6,3,5,4,12,Champions
53300,0,17.0,Mobile,1,21.0,Debit Card,Male,4.0,4,Grocery,5,Divorced,8,0,,2.0,2.0,1.0,296.59,5,4,5,14,Champions
53301,0,1.0,Mobile,1,12.0,Cash on Delivery,Male,3.0,5,Fashion,2,Married,3,1,17.0,1.0,,9.0,253.08,1,5,5,11,Champions
53302,0,9.0,Mobile,1,14.0,UPI,Male,3.0,4,Fashion,3,Single,5,0,22.0,1.0,2.0,,227.21,5,4,5,14,Champions
53303,0,2.0,Mobile,3,9.0,E wallet,Female,3.0,4,Laptop & Accessory,4,Divorced,3,1,21.0,8.0,8.0,6.0,172.79,2,5,3,10,Loyal
53304,0,8.0,Mobile,2,10.0,UPI,Male,3.0,4,Mobile Phone,2,Divorced,2,0,20.0,2.0,2.0,3.0,162.37,3,3,3,9,Loyal
53305,1,1.0,Computer,1,12.0,Credit Card,Female,3.0,5,Mobile Phone,3,Divorced,3,1,15.0,1.0,2.0,8.0,148.66,1,2,2,5,Hibernating
53306,0,1.0,Computer,1,10.0,Credit Card,Male,3.0,4,Mobile Phone,2,Divorced,3,0,12.0,2.0,2.0,1.0,142.06,4,2,2,8,Recent Customers
53307,0,25.0,Mobile,3,33.0,E wallet,Female,4.0,4,Grocery,3,Divorced,4,0,15.0,,5.0,18.0,288.07,1,5,5,11,Champions
53308,0,18.0,Mobile,1,11.0,Credit Card,Male,3.0,4,Laptop & Accessory,4,Single,11,0,13.0,2.0,3.0,4.0,184.33,3,4,4,11,Champions
53309,0,1.0,Mobile,1,9.0,Credit Card,Male,4.0,2,Mobile Phone,5,Single,9,0,14.0,2.0,2.0,2.0,159.24,4,3,3,10,Loyal
53310,0,7.0,Mobile,3,7.0,Credit Card,Male,3.0,2,Laptop & Accessory,5,Married,3,0,23.0,1.0,2.0,9.0,165.37,1,3,3,7,Loyal
53311,0,9.0,Mobile,1,34.0,Credit Card,Female,3.0,5,Mobile Phone,5,Single,3,0,12.0,2.0,2.0,2.0,150.59,4,3,2,9,Hibernating
53312,0,10.0,Mobile,3,7.0,Debit Card,Male,3.0,4,Laptop & Accessory,2,Divorced,3,1,15.0,3.0,5.0,12.0,187.01,1,4,4,9,Champions
53313,0,6.0,Mobile,3,20.0,Debit Card,Male,4.0,4,Laptop & Accessory,2,Married,4,0,12.0,1.0,2.0,4.0,169.03,3,3,3,9,Loyal
53314,0,4.0,Computer,1,12.0,Debit Card,Male,4.0,5,Mobile Phone,2,Married,11,0,13.0,1.0,2.0,4.0,162.61,3,3,3,9,Loyal
53315,0,27.0,Mobile,3,14.0,E wallet,Female,4.0,5,Fashion,2,Divorced,9,1,19.0,1.0,,5.0,234.34,2,5,5,12,Champions
53316,0,19.0,Mobile,3,16.0,E wallet,Male,4.0,4,Fashion,5,Married,6,1,13.0,2.0,,3.0,232.61,4,5,5,14,Champions
53317,0,6.0,Mobile,1,15.0,Credit Card,Female,4.0,2,Laptop & Accessory,3,Divorced,7,0,13.0,2.0,2.0,4.0,176.75,3,3,4,10,Loyal
53318,0,26.0,Computer,1,32.0,Credit Card,Female,3.0,5,Grocery,2,Divorced,5,0,23.0,,2.0,1.0,263.26,5,4,5,14,Champions
53319,0,11.0,Mobile,3,23.0,E wallet,Male,4.0,5,Laptop & Accessory,3,Married,6,0,20.0,2.0,2.0,1.0,188.34,5,3,4,12,Loyal
53320,0,2.0,Mobile,2,15.0,Credit Card,Male,4.0,5,Mobile Phone,2,Married,3,0,14.0,1.0,2.0,5.0,174.36,2,3,4,9,Loyal
53321,0,1.0,Mobile,1,7.0,Debit Card,Male,3.0,5,Laptop & Accessory,2,Divorced,8,0,23.0,3.0,3.0,3.0,172.75,3,4,3,10,Loyal
53322,0,18.0,Mobile,1,15.0,Debit Card,Male,4.0,2,Mobile Phone,2,Divorced,4,1,25.0,2.0,2.0,3.0,153.18,3,3,2,8,Hibernating
53323,0,16.0,Computer,1,9.0,Credit Card,Male,3.0,4,Mobile Phone,2,Single,7,1,15.0,1.0,3.0,3.0,150.15,3,4,2,9,Hibernating
53324,0,10.0,Mobile,2,15.0,Debit Card,Male,4.0,5,Mobile Phone,5,Divorced,2,0,22.0,2.0,2.0,4.0,148.42,3,2,2,7,Hibernating
53325,0,1.0,Mobile,3,10.0,UPI,Male,4.0,4,Laptop & Accessory,5,Divorced,3,1,19.0,2.0,2.0,4.0,166.94,3,3,3,9,Loyal
53326,0,9.0,Mobile,1,16.0,Debit Card,Female,4.0,5,Fashion,3,Divorced,3,1,21.0,3.0,,16.0,231.85,1,5,5,11,Champions
53327,1,1.0,Computer,1,32.0,Debit Card,Female,4.0,4,Mobile Phone,4,Married,3,1,20.0,1.0,8.0,9.0,145.22,1,5,2,8,At Risk
53328,0,6.0,Computer,1,7.0,Debit Card,Male,4.0,4,Mobile Phone,2,Married,2,0,13.0,1.0,2.0,3.0,148.14,3,2,2,7,Hibernating
53329,0,1.0,Mobile,3,11.0,E wallet,Male,3.0,5,Laptop & Accessory,5,Divorced,3,0,13.0,2.0,2.0,4.0,167.56,3,3,3,9,Loyal
53330,0,23.0,Mobile,1,7.0,Cash on Delivery,Female,3.0,4,Mobile Phone,5,Divorced,4,0,17.0,2.0,2.0,3.0,160.8,3,3,3,9,Loyal
53331,0,1.0,Computer,1,11.0,Debit Card,Male,3.0,5,Mobile Phone,2,Divorced,2,0,18.0,1.0,4.0,5.0,156.62,2,4,3,9,Loyal
53332,0,6.0,Computer,3,12.0,Debit Card,Male,3.0,4,Laptop & Accessory,4,Divorced,3,0,15.0,3.0,6.0,4.0,190.24,3,5,4,12,Champions
53333,0,12.0,Mobile,3,16.0,E wallet,Male,4.0,5,Mobile Phone,4,Divorced,2,0,20.0,1.0,2.0,3.0,153.99,3,3,3,9,Loyal
53334,0,16.0,Mobile,1,10.0,Debit Card,Female,4.0,2,Laptop & Accessory,2,Divorced,4,1,14.0,1.0,2.0,4.0,177.31,3,3,4,10,Loyal
53335,0,5.0,Mobile,1,18.0,Debit Card,Male,3.0,4,Mobile Phone,2,Divorced,5,1,20.0,2.0,2.0,3.0,148.56,3,2,2,7,Hibernating
53336,1,1.0,Mobile,3,7.0,Credit Card,Female,3.0,5,Mobile Phone,3,Married,8,1,20.0,1.0,2.0,3.0,153.0,3,3,2,8,Hibernating
53337,0,27.0,Mobile,3,15.0,E wallet,Male,4.0,4,Grocery,2,Divorced,7,0,15.0,1.0,,3.0,243.36,4,5,5,14,Champions
53338,0,9.0,Mobile,1,32.0,Cash on Delivery,Male,4.0,5,Fashion,4,Divorced,5,0,17.0,4.0,,9.0,234.03,1,5,5,11,Champions
53339,0,11.0,Computer,3,28.0,Credit Card,Female,3.0,4,Mobile Phone,2,Divorced,7,0,16.0,2.0,2.0,1.0,154.73,5,3,3,11,Loyal
53340,0,27.0,Mobile,1,30.0,Debit Card,Female,4.0,4,Grocery,2,Single,8,0,19.0,,4.0,9.0,267.75,1,4,5,10,Champions
53341,0,17.0,Computer,1,7.0,Debit Card,Female,3.0,4,Laptop & Accessory,2,Divorced,6,0,14.0,2.0,3.0,3.0,180.62,3,4,4,11,Champions
53342,0,21.0,Mobile,3,9.0,E wallet,Female,3.0,4,Laptop & Accessory,2,Divorced,2,1,23.0,6.0,8.0,8.0,170.37,2,5,3,10,Loyal
53343,0,11.0,Computer,3,26.0,Credit Card,Male,3.0,4,Fashion,4,Single,3,1,14.0,1.0,2.0,10.0,201.42,1,4,4,9,Champions
53344,0,24.0,Computer,1,9.0,Debit Card,Male,4.0,4,Grocery,5,Married,3,0,,14.0,15.0,8.0,304.24,2,5,5,12,Champions
53345,0,13.0,Mobile,2,9.0,Debit Card,Female,3.0,5,Laptop & Accessory,2,Divorced,10,0,12.0,1.0,2.0,5.0,177.04,2,3,4,9,Loyal
53346,0,7.0,Mobile,2,10.0,UPI,Male,3.0,4,Mobile Phone,4,Married,5,1,12.0,1.0,2.0,4.0,147.77,3,2,2,7,Hibernating
53347,1,1.0,Mobile,1,32.0,Debit Card,Male,3.0,4,Mobile Phone,2,Single,3,1,25.0,2.0,2.0,2.0,152.95,4,3,2,9,Hibernating
53348,0,3.0,Mobile,1,14.0,Credit Card,Female,4.0,5,Mobile Phone,2,Married,8,0,15.0,2.0,2.0,4.0,150.32,3,3,2,8,Hibernating
53349,0,18.0,Mobile,1,16.0,Debit Card,Male,4.0,4,Mobile Phone,5,Divorced,3,1,14.0,3.0,8.0,2.0,150.59,4,5,2,11,Hibernating
53350,0,2.0,Mobile,3,12.0,Credit Card,Male,4.0,4,Laptop & Accessory,2,Single,3,0,15.0,2.0,2.0,3.0,174.08,3,3,4,10,Loyal
53351,1,21.0,Computer,1,9.0,Debit Card,Male,3.0,5,Mobile Phone,2,Married,11,1,15.0,1.0,2.0,1.0,148.8,4,2,2,8,Recent Customers
53352,0,17.0,Mobile,1,15.0,Debit Card,Female,3.0,4,Laptop & Accessory,4,Married,6,0,22.0,2.0,2.0,1.0,172.65,5,3,3,11,Loyal
53353,1,1.0,Mobile,3,9.0,Credit Card,Female,3.0,5,Mobile Phone,3,Single,3,0,14.0,1.0,2.0,3.0,145.44,3,2,2,7,Hibernating
53354,1,1.0,Mobile,1,25.0,UPI,Female,4.0,4,Mobile Phone,2,Single,3,0,20.0,2.0,2.0,1.0,151.93,5,3,2,10,Hibernating
53355,0,10.0,Mobile,1,21.0,Debit Card,Male,4.0,4,Laptop & Accessory,2,Divorced,2,1,18.0,5.0,5.0,12.0,190.86,1,4,4,9,Champions
53356,0,21.0,Mobile,3,9.0,Debit Card,Female,4.0,5,Mobile Phone,2,Single,3,1,19.0,2.0,2.0,3.0,157.94,3,3,3,9,Loyal
53357,1,1.0,Mobile,1,10.0,Debit Card,Female,3.0,4,Laptop & Accessory,3,Divorced,2,1,20.0,2.0,2.0,3.0,166.71,3,3,3,9,Loyal
53358,1,5.0,Mobile,1,9.0,Debit Card,Female,3.0,6,Mobile Phone,2,Married,6,1,14.0,1.0,2.0,1.0,152.78,5,3,2,10,Hibernating
53359,0,2.0,Mobile,1,16.0,Credit Card,Female,4.0,4,Mobile Phone,3,Married,7,0,19.0,3.0,3.0,3.0,148.77,3,4,2,9,Hibernating
53360,1,3.0,Mobile,1,13.0,Credit Card,Male,4.0,4,Mobile Phone,5,Divorced,9,1,22.0,2.0,3.0,3.0,149.04,3,4,2,9,Hibernating
53361,0,1.0,Mobile,1,11.0,Debit Card,Female,4.0,4,Mobile Phone,3,Single,3,0,20.0,2.0,2.0,1.0,148.18,4,2,2,8,Recent Customers
53362,0,8.0,Mobile,1,17.0,Debit Card,Male,3.0,4,Mobile Phone,4,Married,3,0,15.0,2.0,2.0,1.0,145.08,4,2,2,8,Recent Customers
53363,0,16.0,Mobile,3,21.0,Credit Card,Female,4.0,5,Laptop & Accessory,3,Single,9,0,18.0,1.0,2.0,4.0,187.44,3,3,4,10,Loyal
53364,0,7.0,Mobile,1,7.0,UPI,Male,4.0,5,Mobile Phone,5,Single,5,1,12.0,1.0,2.0,3.0,152.99,3,3,2,8,Hibernating
53365,0,31.0,Mobile,1,12.0,Cash on Delivery,Female,3.0,5,Fashion,4,Married,4,1,14.0,2.0,2.0,,230.52,5,4,5,14,Champions
53366,0,5.0,Mobile,3,14.0,Debit Card,Male,3.0,5,Mobile Phone,3,Divorced,5,0,16.0,4.0,6.0,3.0,148.29,4,5,2,11,Hibernating
53367,0,9.0,Mobile,1,28.0,Debit Card,Female,3.0,4,Laptop & Accessory,2,Divorced,3,1,26.0,1.0,2.0,8.0,165.14,1,3,3,7,Loyal
53368,0,23.0,Mobile,1,15.0,UPI,Female,3.0,4,Fashion,4,Divorced,6,0,12.0,1.0,2.0,8.0,199.03,1,4,4,9,Champions
53369,0,22.0,Mobile,1,27.0,Credit Card,Male,3.0,4,Mobile Phone,3,Divorced,6,0,18.0,1.0,2.0,1.0,147.59,4,2,2,8,Recent Customers
53370,0,5.0,Computer,3,27.0,E wallet,Female,3.0,4,Laptop & Accessory,3,Divorced,3,0,14.0,2.0,2.0,1.0,194.32,5,4,4,13,Champions
53371,0,10.0,Mobile,1,14.0,UPI,Male,4.0,4,Mobile Phone,2,Single,4,0,19.0,1.0,2.0,2.0,171.78,4,3,3,10,Loyal
53372,0,12.0,Mobile,1,7.0,Cash on Delivery,Female,4.0,4,Fashion,5,Divorced,3,0,14.0,4.0,6.0,12.0,260.82,1,5,5,11,Champions
53373,0,6.0,Computer,1,7.0,Debit Card,Female,4.0,5,Mobile Phone,4,Divorced,8,0,21.0,2.0,2.0,3.0,148.32,3,2,2,7,Hibernating
53374,1,1.0,Mobile,3,26.0,E wallet,Male,3.0,5,Mobile Phone,4,Divorced,3,1,19.0,1.0,2.0,1.0,149.13,4,2,2,8,Recent Customers
53375,0,14.0,Mobile,3,17.0,E wallet,Male,4.0,5,Fashion,4,Married,4,0,13.0,2.0,2.0,,222.05,5,4,5,14,Champions
53376,0,1.0,Computer,3,7.0,Credit Card,Male,3.0,5,Laptop & Accessory,5,Single,3,0,13.0,2.0,2.0,8.0,167.94,1,3,3,7,Loyal
53377,0,15.0,Mobile,1,13.0,Credit Card,Male,3.0,4,Mobile Phone,5,Single,4,1,14.0,2.0,3.0,18.0,172.21,1,4,3,8,Loyal
53378,0,10.0,Mobile,1,9.0,Credit Card,Male,4.0,4,Mobile Phone,3,Single,6,0,22.0,3.0,4.0,10.0,150.19,1,4,2,7,At Risk
53379,1,1.0,Mobile,3,28.0,UPI,Male,3.0,5,Mobile Phone,4,Single,3,1,14.0,1.0,2.0,1.0,146.21,4,2,2,8,Recent Customers
53380,1,1.0,Mobile,1,11.0,Cash on Delivery,Male,3.0,4,Mobile Phone,5,Single,3,0,20.0,2.0,2.0,1.0,154.73,5,3,3,11,Loyal
53381,0,5.0,Mobile,1,19.0,Credit Card,Female,3.0,4,Laptop & Accessory,2,Divorced,2,1,12.0,1.0,9.0,6.0,183.55,2,5,4,11,Champions
53382,0,14.0,Computer,1,16.0,Credit Card,Male,3.0,4,Mobile Phone,4,Married,10,1,15.0,1.0,2.0,1.0,161.17,5,3,3,11,Loyal
53383,0,6.0,Mobile,1,10.0,Credit Card,Female,4.0,4,Laptop & Accessory,5,Divorced,3,0,13.0,7.0,7.0,4.0,192.25,3,5,4,12,Champions
53384,1,1.0,Mobile,3,10.0,Debit Card,Male,3.0,5,Fashion,2,Divorced,3,1,12.0,4.0,4.0,,228.25,5,4,5,14,Champions
53385,0,7.0,Mobile,1,7.0,Debit Card,Female,3.0,5,Laptop & Accessory,2,Single,2,0,15.0,1.0,2.0,5.0,194.49,2,4,4,10,Champions
53386,1,1.0,Mobile,3,7.0,Debit Card,Male,3.0,5,Fashion,3,Divorced,7,0,12.0,2.0,12.0,,231.09,5,5,5,15,Champions
53387,0,19.0,Computer,1,11.0,Debit Card,Male,3.0,4,Laptop & Accessory,4,Divorced,3,0,13.0,2.0,2.0,9.0,169.47,1,3,3,7,Loyal
53388,0,3.0,Computer,3,27.0,Cash on Delivery,Female,3.0,4,Mobile Phone,2,Divorced,3,0,16.0,1.0,2.0,3.0,146.57,3,2,2,7,Hibernating
53389,0,9.0,Mobile,3,25.0,Credit Card,Female,3.0,4,Laptop & Accessory,3,Divorced,3,0,17.0,2.0,2.0,1.0,171.01,5,3,3,11,Loyal
53390,0,26.0,Mobile,1,7.0,Debit Card,Male,4.0,4,Grocery,2,Divorced,4,0,,8.0,8.0,9.0,295.99,1,5,5,11,Champions
53391,1,21.0,Mobile,1,9.0,Cash on Delivery,Male,3.0,4,Mobile Phone,3,Single,6,0,25.0,2.0,2.0,1.0,149.79,4,3,2,9,Hibernating
53392,0,27.0,Mobile,3,9.0,Credit Card,Male,3.0,4,Grocery,3,Married,8,0,14.0,,16.0,3.0,273.52,4,5,5,14,Champions
53393,0,4.0,Mobile,3,15.0,UPI,Male,4.0,4,Fashion,3,Married,7,0,12.0,5.0,8.0,8.0,197.64,2,5,4,11,Champions
53394,0,12.0,Computer,3,17.0,Cash on Delivery,Female,3.0,4,Laptop & Accessory,2,Single,3,1,14.0,1.0,2.0,4.0,181.66,3,3,4,10,Loyal
53395,0,9.0,Mobile,3,10.0,Debit Card,Male,4.0,4,Fashion,2,Married,8,0,14.0,1.0,2.0,9.0,203.23,1,4,4,9,Champions
53396,0,13.0,Mobile,3,9.0,Debit Card,Male,3.0,2,Fashion,3,Single,2,0,19.0,2.0,2.0,8.0,203.8,1,4,4,9,Champions
53397,1,4.0,Computer,3,31.0,Debit Card,Female,4.0,2,Grocery,4,Single,6,1,17.0,2.0,,1.0,256.94,5,5,5,15,Champions
53398,0,21.0,Computer,1,23.0,Credit Card,Male,4.0,2,Laptop & Accessory,3,Married,3,1,20.0,1.0,3.0,8.0,175.67,1,4,4,9,Champions
53399,0,10.0,Computer,3,15.0,Cash on Delivery,Male,3.0,4,Laptop & Accessory,2,Married,6,0,14.0,2.0,2.0,8.0,175.79,1,3,4,8,Loyal
53400,1,1.0,Computer,1,16.0,Credit Card,Male,3.0,5,Mobile Phone,5,Single,2,1,23.0,2.0,2.0,3.0,148.21,3,2,2,7,Hibernating
53401,0,7.0,Computer,3,24.0,Debit Card,Male,3.0,4,Grocery,3,Single,3,0,,6.0,7.0,1.0,299.44,5,5,5,15,Champions
53402,1,1.0,Mobile,1,17.0,Debit Card,Female,4.0,5,Mobile Phone,5,Single,8,1,21.0,2.0,2.0,1.0,149.04,4,2,2,8,Recent Customers
53403,0,7.0,Mobile,1,20.0,Debit Card,Female,3.0,4,Mobile Phone,2,Single,5,0,19.0,2.0,2.0,3.0,159.52,3,3,3,9,Loyal
53404,0,19.0,Mobile,1,7.0,Credit Card,Female,4.0,4,Mobile Phone,2,Married,5,0,15.0,1.0,2.0,3.0,147.7,3,2,2,7,Hibernating
53405,0,24.0,Mobile,1,7.0,Credit Card,Male,4.0,4,Grocery,2,Married,11,0,,1.0,2.0,4.0,298.99,3,4,5,12,Champions
53406,0,7.0,Computer,1,7.0,UPI,Female,3.0,2,Laptop & Accessory,4,Divorced,3,1,14.0,1.0,2.0,3.0,179.88,3,3,4,10,Loyal
53407,0,15.0,Computer,1,16.0,Credit Card,Male,4.0,4,Others,3,Married,4,0,,2.0,2.0,12.0,319.19,1,4,5,10,Champions
53408,0,1.0,Mobile,1,23.0,Cash on Delivery,Female,3.0,4,Mobile Phone,4,Divorced,11,0,15.0,3.0,3.0,3.0,153.11,3,4,2,9,Hibernating
53409,0,19.0,Computer,1,30.0,Debit Card,Male,3.0,4,Laptop & Accessory,5,Divorced,3,1,16.0,2.0,2.0,9.0,161.33,1,3,3,7,Loyal
53410,0,21.0,Mobile,3,11.0,Debit Card,Female,3.0,4,Laptop & Accessory,2,Single,3,1,18.0,2.0,2.0,8.0,166.63,1,3,3,7,Loyal
53411,1,1.0,Mobile,1,29.0,Debit Card,Female,3.0,4,Mobile Phone,3,Divorced,6,1,12.0,1.0,2.0,2.0,146.32,4,2,2,8,Recent Customers
53412,0,24.0,Mobile,1,31.0,Debit Card,Male,4.0,4,Grocery,3,Divorced,5,1,19.0,,2.0,6.0,264.73,2,4,5,11,Champions
53413,0,12.0,Computer,1,17.0,Credit Card,Male,4.0,4,Mobile Phone,3,Divorced,2,0,18.0,1.0,2.0,3.0,151.84,3,3,2,8,Hibernating
53414,0,20.0,Mobile,1,14.0,Credit Card,Male,4.0,4,Fashion,3,Married,8,0,14.0,1.0,,8.0,233.45,2,5,5,12,Champions
53415,0,1.0,Mobile,1,24.0,Credit Card,Female,3.0,5,Laptop & Accessory,3,Married,3,0,16.0,3.0,4.0,3.0,168.77,3,4,3,10,Loyal
53416,1,1.0,Mobile,1,21.0,UPI,Male,3.0,5,Mobile Phone,4,Married,3,1,25.0,2.0,2.0,3.0,162.43,3,3,3,9,Loyal
53417,0,5.0,Computer,1,7.0,Debit Card,Female,4.0,4,Laptop & Accessory,5,Divorced,3,0,13.0,2.0,2.0,4.0,166.48,3,3,3,9,Loyal
53418,0,1.0,Computer,1,12.0,Debit Card,Male,4.0,4,Mobile,2,Single,3,0,16.0,2.0,2.0,1.0,135.51,4,2,1,7,Recent Customers
53419,0,28.0,Mobile,1,24.0,Cash on Delivery,Female,3.0,4,Fashion,3,Divorced,10,0,12.0,2.0,,9.0,232.39,1,5,5,11,Champions
53420,0,9.0,Mobile,1,32.0,Credit Card,Female,3.0,4,Fashion,3,Married,3,1,12.0,3.0,11.0,,228.88,5,5,5,15,Champions
53421,0,4.0,Mobile,1,15.0,Debit Card,Female,4.0,2,Fashion,5,Divorced,2,1,13.0,1.0,,8.0,239.16000000000005,2,5,5,12,Champions
53422,1,1.0,Mobile,1,18.0,Credit Card,Female,4.0,5,Mobile Phone,5,Single,3,1,16.0,1.0,2.0,1.0,151.0,4,3,2,9,Hibernating
53423,1,1.0,Computer,1,12.0,Credit Card,Female,3.0,4,Mobile Phone,4,Single,2,0,18.0,1.0,2.0,3.0,149.22,3,2,2,7,Hibernating
53424,0,1.0,Mobile,1,9.0,Credit Card,Male,3.0,2,Laptop & Accessory,2,Divorced,3,0,13.0,2.0,2.0,4.0,179.72,3,3,4,10,Loyal
53425,0,1.0,Mobile,1,15.0,Debit Card,Male,4.0,6,Mobile Phone,5,Divorced,3,0,16.0,2.0,2.0,2.0,149.51,4,3,2,9,Hibernating
53426,0,22.0,Mobile,1,13.0,Debit Card,Male,4.0,5,Laptop & Accessory,3,Single,4,0,14.0,1.0,3.0,3.0,167.4,3,4,3,10,Loyal
53427,0,22.0,Mobile,1,11.0,Debit Card,Male,4.0,5,Fashion,3,Single,9,0,15.0,2.0,,9.0,234.99,1,5,5,11,Champions
53428,0,15.0,Mobile,1,14.0,Credit Card,Female,3.0,4,Laptop & Accessory,3,Single,8,0,15.0,2.0,3.0,2.0,175.03,4,4,4,12,Champions
53429,0,13.0,Mobile,1,7.0,Debit Card,Female,4.0,5,Grocery,2,Divorced,3,0,17.0,1.0,,9.0,252.42,1,5,5,11,Champions
53430,0,1.0,Mobile,1,9.0,Debit Card,Female,3.0,4,Laptop & Accessory,2,Divorced,2,0,19.0,1.0,3.0,3.0,167.27,3,4,3,10,Loyal
53431,0,9.0,Mobile,1,17.0,UPI,Male,3.0,4,Mobile Phone,2,Married,3,0,21.0,2.0,2.0,3.0,164.17,3,3,3,9,Loyal
53432,0,16.0,Mobile,3,12.0,E wallet,Male,3.0,4,Others,3,Divorced,8,0,,1.0,2.0,1.0,308.03,5,4,5,14,Champions
53433,0,24.0,Mobile,1,16.0,Debit Card,Male,4.0,4,Mobile Phone,2,Divorced,6,0,19.0,2.0,2.0,1.0,148.8,4,2,2,8,Recent Customers
53434,0,31.0,Mobile,1,9.0,Debit Card,Female,4.0,5,Grocery,2,Single,5,1,14.0,,5.0,4.0,262.26,3,4,5,12,Champions
53435,1,1.0,Mobile,1,18.0,Credit Card,Female,4.0,6,Laptop & Accessory,4,Divorced,7,0,16.0,2.0,2.0,1.0,172.77,5,3,3,11,Loyal
53436,0,29.0,Computer,1,25.0,Credit Card,Male,4.0,4,Laptop & Accessory,4,Divorced,5,1,15.0,7.0,7.0,8.0,188.85,2,5,4,11,Champions
53437,0,15.0,Computer,1,14.0,Debit Card,Female,3.0,6,Others,3,Married,3,0,23.0,2.0,6.0,11.0,324.73,1,5,5,11,Champions
53438,0,12.0,Mobile,3,10.0,Debit Card,Male,3.0,4,Laptop & Accessory,2,Single,10,1,13.0,2.0,2.0,1.0,193.61,5,3,4,12,Loyal
53439,1,1.0,Computer,3,36.0,Credit Card,Male,4.0,6,Laptop & Accessory,5,Single,10,0,19.0,1.0,3.0,3.0,174.69,3,4,4,11,Champions
53440,1,16.0,Mobile,3,9.0,E wallet,Female,3.0,6,Others,2,Divorced,3,0,16.0,6.0,7.0,10.0,323.45,1,5,5,11,Champions
53441,0,18.0,Mobile,3,35.0,Credit Card,Female,3.0,2,Grocery,2,Divorced,5,1,19.0,2.0,,12.0,258.2,1,5,5,11,Champions
53442,0,24.0,Computer,3,7.0,Debit Card,Female,4.0,4,Laptop & Accessory,3,Divorced,2,0,13.0,2.0,2.0,14.0,188.47,1,3,4,8,Loyal
53443,1,1.0,Mobile,1,23.0,Debit Card,Female,3.0,2,Mobile Phone,5,Single,3,0,17.0,16.0,16.0,15.0,152.43,1,5,2,8,At Risk
53444,0,13.0,Computer,1,29.0,Credit Card,Female,3.0,4,Fashion,5,Single,3,1,14.0,2.0,,9.0,233.8,1,5,5,11,Champions
53445,0,7.0,Computer,3,15.0,Debit Card,Female,3.0,5,Mobile Phone,2,Single,2,0,20.0,3.0,3.0,3.0,148.42,3,4,2,9,Hibernating
53446,0,19.0,Mobile,3,18.0,Debit Card,Female,3.0,4,Grocery,2,Divorced,5,0,,2.0,2.0,2.0,301.5,4,4,5,13,Champions
53447,0,6.0,Computer,1,36.0,Credit Card,Female,4.0,4,Mobile Phone,3,Single,11,0,13.0,6.0,8.0,8.0,165.25,2,5,3,10,Loyal
53448,0,8.0,Mobile,3,7.0,E wallet,Male,4.0,2,Laptop & Accessory,2,Married,2,0,12.0,2.0,2.0,,222.25,5,4,5,14,Champions
53449,0,31.0,Mobile,3,7.0,Cash on Delivery,Male,4.0,4,Fashion,2,Divorced,5,1,15.0,1.0,,5.0,244.04,2,5,5,12,Champions
53450,0,19.0,Mobile,2,31.0,Credit Card,Male,3.0,4,Mobile Phone,4,Single,3,0,17.0,1.0,2.0,5.0,146.77,2,2,2,6,Hibernating
53451,0,27.0,Computer,3,9.0,E wallet,Female,3.0,5,Fashion,4,Divorced,4,0,13.0,1.0,7.0,13.0,200.25,1,5,4,10,Champions
53452,1,1.0,Mobile,1,22.0,UPI,Male,3.0,4,Laptop & Accessory,3,Married,9,0,15.0,1.0,2.0,1.0,173.34,5,3,4,12,Loyal
53453,1,1.0,Computer,1,9.0,Debit Card,Male,3.0,4,Mobile Phone,5,Divorced,8,1,15.0,2.0,2.0,3.0,145.42,3,2,2,7,Hibernating
53454,0,8.0,Mobile,3,17.0,Debit Card,Female,3.0,4,Mobile Phone,3,Divorced,3,1,20.0,1.0,2.0,1.0,147.2,4,2,2,8,Recent Customers
53455,0,2.0,Mobile,3,17.0,Credit Card,Male,4.0,4,Mobile Phone,4,Divorced,3,0,23.0,2.0,2.0,1.0,135.52,4,2,1,7,Recent Customers
53456,0,12.0,Computer,1,10.0,UPI,Male,3.0,4,Mobile Phone,3,Divorced,5,0,17.0,3.0,3.0,3.0,153.21,3,4,2,9,Hibernating
53457,0,24.0,Mobile,1,9.0,Credit Card,Male,4.0,4,Others,3,Divorced,4,1,,8.0,8.0,8.0,317.37,2,5,5,12,Champions
53458,0,11.0,Mobile,1,10.0,UPI,Female,3.0,4,Laptop & Accessory,4,Single,5,0,16.0,2.0,2.0,2.0,166.07,4,3,3,10,Loyal
53459,0,14.0,Mobile,3,33.0,E wallet,Male,4.0,4,Laptop & Accessory,5,Divorced,3,0,15.0,6.0,8.0,6.0,208.96,2,5,5,12,Champions
53460,0,1.0,Computer,1,7.0,Credit Card,Female,4.0,5,Mobile Phone,3,Married,3,0,14.0,2.0,2.0,4.0,145.07,2,2,2,6,Hibernating
53461,0,20.0,Mobile,1,7.0,Credit Card,Male,3.0,4,Others,2,Married,11,0,,2.0,3.0,3.0,321.27,3,4,5,12,Champions
53462,0,28.0,Mobile,3,9.0,Debit Card,Female,3.0,5,Fashion,3,Divorced,8,0,12.0,7.0,,1.0,231.86,5,5,5,15,Champions
53463,0,30.0,Computer,1,16.0,Credit Card,Female,4.0,4,Mobile Phone,3,Divorced,4,0,20.0,1.0,2.0,4.0,154.42,3,3,3,9,Loyal
53464,0,10.0,Mobile,1,19.0,Credit Card,Female,3.0,5,Fashion,2,Single,2,0,12.0,6.0,8.0,,213.58,5,5,5,15,Champions
53465,0,29.0,Computer,1,9.0,Credit Card,Male,3.0,5,Grocery,5,Single,9,0,,4.0,7.0,3.0,292.56,4,5,5,14,Champions
53466,0,17.0,Mobile,3,32.0,Credit Card,Male,4.0,5,Fashion,2,Married,7,0,14.0,2.0,,1.0,259.0,5,5,5,15,Champions
53467,1,1.0,Computer,3,16.0,E wallet,Female,3.0,4,Mobile Phone,2,Single,3,1,15.0,1.0,2.0,3.0,148.23,3,2,2,7,Hibernating
53468,1,1.0,Mobile,1,17.0,Debit Card,Female,3.0,5,Mobile Phone,5,Single,3,0,14.0,2.0,2.0,1.0,139.16,4,2,1,7,Recent Customers
53469,0,20.0,Mobile,1,15.0,Debit Card,Female,4.0,5,Laptop & Accessory,5,Married,10,1,24.0,2.0,2.0,8.0,171.15,1,3,3,7,Loyal
53470,1,15.0,Mobile,1,11.0,Debit Card,Male,3.0,4,Mobile Phone,3,Divorced,11,1,13.0,2.0,3.0,8.0,149.61,1,4,2,7,At Risk
53471,1,1.0,Computer,1,31.0,Cash on Delivery,Male,4.0,5,Fashion,5,Single,3,0,13.0,1.0,2.0,,212.22,5,4,5,14,Champions
53472,0,1.0,Mobile,1,7.0,Credit Card,Male,3.0,5,Mobile Phone,5,Divorced,3,0,17.0,1.0,2.0,4.0,164.55,3,3,3,9,Loyal
53473,0,4.0,Mobile,1,27.0,UPI,Male,3.0,4,Laptop & Accessory,5,Divorced,2,0,16.0,2.0,2.0,,224.57,5,4,5,14,Champions
53474,0,15.0,Mobile,1,14.0,Cash on Delivery,Female,3.0,2,Mobile Phone,3,Divorced,3,0,14.0,2.0,2.0,9.0,158.76,1,3,3,7,Loyal
53475,0,12.0,Mobile,1,24.0,Debit Card,Female,4.0,5,Fashion,3,Divorced,2,0,19.0,1.0,2.0,,213.23,5,4,5,14,Champions
53476,0,14.0,Mobile,1,27.0,Cash on Delivery,Male,4.0,4,Fashion,2,Divorced,6,0,21.0,5.0,12.0,,228.22,5,5,5,15,Champions
53477,0,1.0,Computer,1,15.0,Debit Card,Male,3.0,6,Mobile Phone,3,Divorced,3,0,20.0,2.0,2.0,3.0,171.21,3,3,3,9,Loyal
53478,0,29.0,Computer,1,9.0,Debit Card,Male,4.0,4,Fashion,4,Divorced,5,0,19.0,2.0,,3.0,234.76,4,5,5,14,Champions
53479,0,2.0,Mobile,1,17.0,UPI,Female,3.0,4,Laptop & Accessory,3,Single,5,0,14.0,2.0,2.0,8.0,161.6,1,3,3,7,Loyal
53480,1,8.0,Mobile,2,7.0,Credit Card,Male,4.0,5,Fashion,5,Divorced,11,0,15.0,3.0,4.0,,229.82,5,4,5,14,Champions
53481,0,7.0,Mobile,1,12.0,Debit Card,Male,3.0,5,Fashion,2,Married,6,0,16.0,1.0,2.0,3.0,196.19,3,4,4,11,Champions
53482,1,1.0,Mobile,3,11.0,Cash on Delivery,Male,3.0,4,Fashion,5,Single,2,1,23.0,4.0,5.0,,220.82,5,4,5,14,Champions
53483,1,1.0,Computer,1,36.0,Credit Card,Female,3.0,5,Laptop & Accessory,3,Single,3,0,23.0,4.0,4.0,9.0,170.08,1,4,3,8,Loyal
53484,0,2.0,Mobile,1,22.0,Debit Card,Male,3.0,4,Mobile Phone,3,Married,3,0,17.0,3.0,3.0,3.0,147.07,3,4,2,9,Hibernating
53485,0,8.0,Computer,1,10.0,Debit Card,Male,3.0,4,Laptop & Accessory,2,Single,2,0,18.0,2.0,2.0,5.0,202.56,2,4,4,10,Champions
53486,0,11.0,Mobile,3,17.0,Debit Card,Female,3.0,5,Laptop & Accessory,2,Married,4,1,15.0,1.0,2.0,1.0,191.94,5,3,4,12,Loyal
53487,1,1.0,Mobile,1,11.0,Cash on Delivery,Male,3.0,4,Mobile Phone,2,Divorced,3,1,16.0,6.0,6.0,7.0,161.91,2,5,3,10,Loyal
53488,1,1.0,Mobile,1,28.0,Credit Card,Male,3.0,4,Mobile Phone,3,Married,3,0,21.0,2.0,2.0,1.0,148.77,4,2,2,8,Recent Customers
53489,1,1.0,Mobile,1,32.0,Credit Card,Male,3.0,5,Mobile Phone,4,Single,6,1,21.0,1.0,3.0,3.0,148.13,3,4,2,9,Hibernating
53490,0,16.0,Mobile,1,9.0,Credit Card,Male,3.0,4,Grocery,5,Divorced,2,0,,6.0,14.0,8.0,301.65,2,5,5,12,Champions
53491,1,1.0,Computer,1,5.0,Credit Card,Male,3.0,5,Mobile Phone,4,Married,3,0,16.0,1.0,2.0,1.0,150.96,4,3,2,9,Hibernating
53492,1,14.0,Computer,3,7.0,UPI,Male,3.0,4,Laptop & Accessory,3,Single,5,1,15.0,1.0,2.0,1.0,172.28,5,3,3,11,Loyal
53493,0,7.0,Computer,3,14.0,Debit Card,Female,2.0,4,Laptop & Accessory,4,Divorced,2,0,18.0,2.0,2.0,3.0,168.02,3,3,3,9,Loyal
53494,0,8.0,Computer,1,10.0,Debit Card,Male,3.0,5,Mobile Phone,2,Divorced,5,0,18.0,2.0,2.0,1.0,154.79,5,3,3,11,Loyal
53495,0,22.0,Computer,1,7.0,Credit Card,Male,3.0,2,Grocery,2,Single,4,0,,1.0,3.0,2.0,293.85,4,4,5,13,Champions
53496,0,19.0,Computer,3,16.0,Debit Card,Female,4.0,5,Laptop & Accessory,3,Divorced,3,0,14.0,1.0,5.0,13.0,180.93,1,4,4,9,Champions
53497,0,26.0,Mobile,1,14.0,Debit Card,Male,3.0,4,Fashion,4,Single,9,0,20.0,4.0,5.0,,229.45,5,4,5,14,Champions
53498,0,12.0,Mobile,3,17.0,E wallet,Male,4.0,5,Fashion,3,Married,2,1,15.0,3.0,3.0,,212.4,5,4,5,14,Champions
53499,0,3.0,Mobile,1,35.0,Debit Card,Female,4.0,4,Mobile Phone,2,Married,6,0,23.0,1.0,2.0,8.0,150.14,1,3,2,6,At Risk
53500,0,2.0,Mobile,1,10.0,Credit Card,Female,4.0,4,Fashion,4,Married,2,0,18.0,1.0,2.0,8.0,201.55,1,4,4,9,Champions
53501,0,20.0,Mobile,3,10.0,E wallet,Male,3.0,4,Grocery,3,Divorced,5,0,,2.0,5.0,10.0,299.65,1,5,5,11,Champions
53502,0,12.0,Mobile,3,9.0,E wallet,Male,3.0,4,Fashion,4,Single,9,0,17.0,2.0,2.0,1.0,198.51,5,4,4,13,Champions
53503,0,17.0,Computer,1,34.0,Debit Card,Female,3.0,4,Fashion,5,Divorced,10,0,12.0,1.0,,2.0,233.2,4,5,5,14,Champions
53504,1,3.0,Computer,1,9.0,Debit Card,Male,3.0,4,Grocery,2,Married,9,0,12.0,8.0,,6.0,246.69,2,5,5,12,Champions
53505,0,14.0,Mobile,1,21.0,Credit Card,Male,3.0,5,Others,3,Single,3,0,,5.0,5.0,10.0,321.26,1,5,5,11,Champions
53506,0,1.0,Mobile,1,7.0,Cash on Delivery,Female,4.0,5,Mobile Phone,4,Single,3,1,12.0,1.0,3.0,3.0,145.7,3,4,2,9,Hibernating
53507,0,13.0,Computer,1,16.0,Debit Card,Male,4.0,4,Laptop & Accessory,4,Single,22,0,16.0,2.0,2.0,4.0,192.82,3,3,4,10,Loyal
53508,0,10.0,Computer,1,25.0,Debit Card,Male,4.0,4,Laptop & Accessory,2,Single,4,0,21.0,2.0,2.0,10.0,202.79,1,4,4,9,Champions
53509,0,5.0,Computer,3,27.0,Debit Card,Male,4.0,2,Mobile Phone,2,Divorced,2,0,13.0,2.0,3.0,3.0,152.91,3,4,2,9,Hibernating
53510,0,2.0,Mobile,1,9.0,Debit Card,Male,4.0,5,Mobile Phone,4,Divorced,2,0,18.0,1.0,2.0,5.0,157.01,2,3,3,8,Loyal
53511,0,9.0,Computer,3,18.0,E wallet,Male,3.0,4,Laptop & Accessory,2,Married,3,0,12.0,1.0,2.0,3.0,174.68,3,3,4,10,Loyal
53512,0,23.0,Mobile,3,15.0,Cash on Delivery,Male,3.0,5,Grocery,4,Divorced,8,0,18.0,2.0,,4.0,256.2,3,5,5,13,Champions
53513,0,8.0,Computer,1,9.0,Debit Card,Male,4.0,4,Laptop & Accessory,3,Single,4,0,12.0,2.0,2.0,3.0,165.33,3,3,3,9,Loyal
53514,0,3.0,Computer,1,17.0,Debit Card,Female,4.0,4,Mobile Phone,4,Married,2,0,15.0,2.0,2.0,2.0,157.91,4,3,3,10,Loyal
53515,0,16.0,Mobile,1,36.0,Credit Card,Male,3.0,6,Laptop & Accessory,2,Single,6,0,20.0,2.0,2.0,1.0,167.72,5,3,3,11,Loyal
53516,0,3.0,Mobile,1,15.0,Credit Card,Male,4.0,5,Laptop & Accessory,2,Divorced,3,1,14.0,1.0,2.0,3.0,175.56,3,3,4,10,Loyal
53517,0,12.0,Mobile,2,7.0,UPI,Male,3.0,2,Mobile Phone,3,Divorced,3,0,14.0,2.0,6.0,1.0,153.44,5,5,2,12,Hibernating
53518,0,5.0,Computer,1,13.0,Debit Card,Male,3.0,5,Mobile Phone,3,Married,3,1,15.0,2.0,2.0,3.0,152.03,3,3,2,8,Hibernating
53519,1,1.0,Computer,1,15.0,Credit Card,Male,4.0,4,Mobile Phone,3,Single,3,0,13.0,1.0,2.0,1.0,144.04,4,2,2,8,Recent Customers
53520,1,1.0,Mobile,3,16.0,E wallet,Female,4.0,4,Laptop & Accessory,5,Single,2,1,18.0,1.0,2.0,4.0,207.24,3,4,4,11,Champions
53521,0,15.0,Mobile,1,19.0,Debit Card,Male,3.0,4,Mobile Phone,2,Divorced,5,1,12.0,2.0,2.0,1.0,172.66,5,3,3,11,Loyal
53522,1,1.0,Computer,1,22.0,Credit Card,Male,4.0,4,Mobile Phone,3,Divorced,3,0,13.0,3.0,3.0,3.0,151.1,3,4,2,9,Hibernating
53523,0,11.0,Mobile,1,32.0,Credit Card,Female,3.0,5,Laptop & Accessory,2,Married,9,0,14.0,1.0,2.0,4.0,182.31,3,3,4,10,Loyal
53524,0,1.0,Mobile,1,13.0,Debit Card,Male,3.0,5,Mobile Phone,3,Divorced,3,0,14.0,3.0,3.0,3.0,150.39,3,4,2,9,Hibernating
53525,0,8.0,Mobile,3,16.0,Debit Card,Female,4.0,4,Laptop & Accessory,3,Divorced,3,0,21.0,2.0,2.0,4.0,182.14,3,3,4,10,Loyal
53526,0,9.0,Mobile,2,15.0,Cash on Delivery,Male,4.0,4,Mobile Phone,3,Single,3,0,18.0,1.0,2.0,5.0,168.23,2,3,3,8,Loyal
53527,1,1.0,Mobile,3,30.0,Debit Card,Female,3.0,5,Fashion,5,Divorced,3,0,14.0,1.0,4.0,11.0,198.36,1,4,4,9,Champions
53528,0,14.0,Computer,1,16.0,Credit Card,Female,3.0,4,Fashion,3,Single,11,0,18.0,1.0,,14.0,259.99,1,5,5,11,Champions
53529,1,6.0,Computer,3,19.0,Debit Card,Male,3.0,4,Grocery,5,Single,2,1,13.0,,14.0,15.0,262.58,1,5,5,11,Champions
53530,0,16.0,Mobile,3,11.0,E wallet,Male,3.0,4,Laptop & Accessory,5,Single,9,0,14.0,2.0,2.0,6.0,176.55,2,3,4,9,Loyal
53531,0,9.0,Mobile,1,7.0,Credit Card,Male,3.0,5,Mobile Phone,3,Divorced,8,0,13.0,2.0,2.0,8.0,147.58,1,2,2,5,Hibernating
53532,0,1.0,Mobile,1,31.0,Credit Card,Male,3.0,4,Mobile Phone,4,Single,10,0,23.0,2.0,2.0,3.0,160.97,3,3,3,9,Loyal
53533,1,1.0,Mobile,1,19.0,Debit Card,Female,4.0,4,Mobile Phone,2,Divorced,3,1,12.0,2.0,2.0,1.0,150.15,4,3,2,9,Hibernating
53534,0,1.0,Mobile,1,10.0,Credit Card,Male,3.0,2,Mobile Phone,2,Divorced,3,0,23.0,2.0,2.0,8.0,169.2,1,3,3,7,Loyal
53535,0,4.0,Mobile,3,17.0,E wallet,Male,4.0,5,Laptop & Accessory,3,Divorced,3,0,19.0,2.0,2.0,5.0,190.78,2,3,4,9,Loyal
53536,0,14.0,Computer,1,33.0,Credit Card,Female,4.0,5,Laptop & Accessory,2,Divorced,5,1,14.0,2.0,2.0,1.0,169.22,5,3,3,11,Loyal
53537,0,9.0,Mobile,1,9.0,Debit Card,Male,3.0,5,Fashion,4,Married,4,0,19.0,7.0,7.0,,227.74,5,5,5,15,Champions
53538,0,8.0,Computer,1,7.0,Credit Card,Male,4.0,5,Laptop & Accessory,5,Single,2,0,21.0,2.0,5.0,10.0,178.43,1,4,4,9,Champions
53539,0,9.0,Computer,1,11.0,UPI,Male,3.0,5,Mobile Phone,2,Divorced,3,0,14.0,3.0,3.0,3.0,148.76,3,4,2,9,Hibernating
53540,1,7.0,Mobile,3,16.0,E wallet,Female,3.0,6,Laptop & Accessory,3,Single,10,0,14.0,2.0,2.0,4.0,178.46,3,3,4,10,Loyal
53541,0,6.0,Computer,3,9.0,Debit Card,Female,4.0,4,Mobile Phone,5,Married,3,0,13.0,1.0,2.0,1.0,153.27,5,3,2,10,Hibernating
53542,0,30.0,Mobile,1,11.0,Cash on Delivery,Female,4.0,4,Others,5,Married,6,0,14.0,1.0,5.0,3.0,324.43,4,5,5,14,Champions
53543,0,3.0,Mobile,1,13.0,Credit Card,Female,3.0,4,Mobile Phone,2,Divorced,3,0,14.0,1.0,2.0,9.0,156.31,1,3,3,7,Loyal
53544,0,1.0,Mobile,1,16.0,Debit Card,Male,3.0,4,Mobile Phone,5,Single,3,0,26.0,1.0,2.0,1.0,150.52,4,3,2,9,Hibernating
53545,0,19.0,Mobile,1,14.0,Credit Card,Female,3.0,4,Mobile Phone,3,Divorced,6,1,20.0,2.0,2.0,3.0,169.77,3,3,3,9,Loyal
53546,0,11.0,Mobile,1,7.0,Debit Card,Female,3.0,5,Laptop & Accessory,2,Divorced,3,0,14.0,4.0,4.0,12.0,189.74,1,4,4,9,Champions
53547,0,1.0,Mobile,1,10.0,Debit Card,Male,3.0,5,Mobile Phone,3,Single,3,0,13.0,1.0,2.0,3.0,155.33,3,3,3,9,Loyal
53548,1,8.0,Mobile,1,17.0,Debit Card,Male,4.0,4,Mobile Phone,3,Single,3,1,12.0,2.0,2.0,3.0,154.36,3,3,3,9,Loyal
53549,0,27.0,Mobile,1,14.0,Credit Card,Female,3.0,4,Others,3,Married,5,0,,5.0,5.0,8.0,311.06,1,5,5,11,Champions
53550,0,3.0,Mobile,1,22.0,Debit Card,Female,4.0,6,Mobile Phone,2,Divorced,2,1,19.0,2.0,2.0,4.0,146.68,3,2,2,7,Hibernating
53551,1,1.0,Computer,1,10.0,Debit Card,Male,3.0,5,Mobile Phone,2,Divorced,2,1,12.0,1.0,2.0,1.0,153.53,5,3,2,10,Hibernating
53552,0,20.0,Mobile,3,9.0,E wallet,Female,4.0,4,Grocery,5,Divorced,10,0,,13.0,16.0,10.0,295.48,1,5,5,11,Champions
53553,0,18.0,Computer,1,24.0,Debit Card,Male,4.0,6,Mobile Phone,3,Single,4,0,14.0,2.0,2.0,1.0,147.9,4,2,2,8,Recent Customers
53554,0,7.0,Mobile,2,9.0,UPI,Male,3.0,4,Mobile Phone,3,Divorced,3,0,14.0,1.0,2.0,5.0,161.0,2,3,3,8,Loyal
53555,1,5.0,Computer,1,12.0,Debit Card,Male,4.0,5,Mobile Phone,5,Married,8,0,18.0,2.0,2.0,1.0,146.07,4,2,2,8,Recent Customers
53556,0,4.0,Mobile,3,36.0,Debit Card,Male,4.0,4,Laptop & Accessory,5,Married,10,0,20.0,2.0,2.0,4.0,166.15,3,3,3,9,Loyal
53557,0,14.0,Computer,3,9.0,Credit Card,Male,4.0,4,Laptop & Accessory,4,Divorced,7,0,13.0,2.0,2.0,1.0,168.27,5,3,3,11,Loyal
53558,0,24.0,Computer,1,9.0,Credit Card,Female,2.0,4,Grocery,5,Divorced,4,0,,3.0,3.0,3.0,303.56,3,4,5,12,Champions
53559,0,2.0,Mobile,1,26.0,Credit Card,Male,4.0,5,Mobile Phone,5,Divorced,3,0,13.0,2.0,4.0,4.0,156.96,3,4,3,10,Loyal
53560,0,20.0,Mobile,1,22.0,Debit Card,Male,3.0,4,Others,4,Divorced,7,0,,2.0,2.0,4.0,315.81,3,4,5,12,Champions
53561,0,9.0,Mobile,3,24.0,Debit Card,Male,4.0,4,Laptop & Accessory,5,Divorced,5,1,16.0,2.0,2.0,,214.66,5,4,5,14,Champions
53562,1,1.0,Mobile,1,24.0,Debit Card,Female,4.0,4,Mobile Phone,4,Divorced,3,0,14.0,1.0,2.0,1.0,147.1,4,2,2,8,Recent Customers
53563,0,7.0,Computer,3,32.0,Credit Card,Female,3.0,4,Laptop & Accessory,3,Divorced,3,0,13.0,1.0,2.0,2.0,170.39,4,3,3,10,Loyal
53564,0,10.0,Mobile,1,13.0,Debit Card,Male,3.0,6,Mobile Phone,3,Married,3,0,15.0,1.0,2.0,8.0,152.41,1,3,2,6,At Risk
53565,0,4.0,Mobile,1,14.0,Debit Card,Male,3.0,4,Laptop & Accessory,3,Married,3,0,14.0,9.0,9.0,10.0,159.91,1,5,3,9,Loyal
53566,0,18.0,Mobile,1,36.0,UPI,Male,3.0,4,Laptop & Accessory,2,Single,3,0,26.0,2.0,2.0,18.0,170.41,1,3,3,7,Loyal
53567,0,1.0,Mobile,3,28.0,E wallet,Male,3.0,2,Mobile Phone,2,Single,3,0,18.0,1.0,3.0,3.0,151.78,3,4,2,9,Hibernating
53568,0,20.0,Mobile,1,9.0,Cash on Delivery,Male,3.0,4,Laptop & Accessory,2,Married,4,0,12.0,2.0,2.0,5.0,198.79,2,4,4,10,Champions
53569,0,16.0,Computer,2,9.0,Credit Card,Male,4.0,2,Laptop & Accessory,5,Divorced,9,0,17.0,1.0,2.0,4.0,187.72,3,3,4,10,Loyal
53570,0,31.0,Mobile,3,14.0,E wallet,Male,3.0,2,Laptop & Accessory,2,Married,2,1,19.0,1.0,2.0,10.0,177.2,1,3,4,8,Loyal
53571,0,6.0,Computer,1,20.0,UPI,Female,4.0,5,Mobile Phone,4,Divorced,3,0,21.0,1.0,3.0,3.0,152.43,3,4,2,9,Hibernating
53572,0,6.0,Computer,1,9.0,Debit Card,Female,3.0,4,Laptop & Accessory,3,Single,6,1,15.0,2.0,2.0,8.0,174.98,1,3,4,8,Loyal
53573,0,10.0,Mobile,1,7.0,Cash on Delivery,Female,4.0,6,Fashion,5,Married,4,1,22.0,6.0,8.0,,227.52,5,5,5,15,Champions
53574,0,7.0,Mobile,1,16.0,Credit Card,Male,3.0,4,Mobile Phone,2,Divorced,2,0,14.0,2.0,5.0,11.0,152.81,1,4,2,7,At Risk
53575,0,14.0,Mobile,3,17.0,Cash on Delivery,Female,3.0,5,Laptop & Accessory,4,Married,9,0,13.0,2.0,2.0,4.0,193.52,3,3,4,10,Loyal
53576,0,1.0,Mobile,3,17.0,Debit Card,Male,3.0,4,Laptop & Accessory,2,Single,2,0,15.0,1.0,2.0,2.0,174.5,4,3,4,11,Loyal
53577,0,4.0,Mobile,1,7.0,Credit Card,Male,4.0,4,Mobile Phone,4,Divorced,2,1,22.0,2.0,6.0,8.0,160.79,1,5,3,9,Loyal
53578,0,16.0,Computer,1,33.0,Credit Card,Female,3.0,4,Fashion,5,Divorced,5,1,18.0,1.0,,1.0,256.91,5,5,5,15,Champions
53579,0,9.0,Computer,3,15.0,E wallet,Female,4.0,5,Fashion,2,Divorced,6,1,12.0,3.0,5.0,,228.77,5,4,5,14,Champions
53580,0,1.0,Mobile,1,21.0,Debit Card,Male,3.0,4,Mobile Phone,5,Divorced,3,1,15.0,3.0,7.0,9.0,147.35,1,5,2,8,At Risk
53581,0,28.0,Computer,1,7.0,Debit Card,Female,3.0,4,Fashion,3,Married,9,0,18.0,2.0,2.0,,230.02,5,4,5,14,Champions
53582,0,18.0,Mobile,1,9.0,Debit Card,Female,4.0,2,Mobile Phone,2,Divorced,3,0,14.0,7.0,8.0,8.0,145.11,2,5,2,9,At Risk
53583,1,1.0,Computer,1,17.0,Credit Card,Female,4.0,5,Mobile Phone,4,Single,3,1,26.0,2.0,2.0,1.0,143.59,4,2,2,8,Recent Customers
53584,0,3.0,Mobile,1,7.0,Debit Card,Female,4.0,4,Mobile Phone,2,Married,3,0,16.0,1.0,2.0,3.0,162.6,3,3,3,9,Loyal
53585,0,28.0,Mobile,1,10.0,Debit Card,Male,3.0,4,Grocery,2,Divorced,5,0,,2.0,2.0,10.0,302.79,1,4,5,10,Champions
53586,0,5.0,Mobile,1,18.0,Credit Card,Male,4.0,4,Laptop & Accessory,5,Divorced,3,1,13.0,1.0,2.0,2.0,193.33,4,3,4,11,Loyal
53587,0,5.0,Mobile,1,31.0,Credit Card,Female,4.0,5,Laptop & Accessory,5,Single,3,0,20.0,1.0,2.0,9.0,193.12,1,3,4,8,Loyal
53588,0,31.0,Mobile,3,10.0,Debit Card,Female,3.0,5,Laptop & Accessory,2,Single,7,0,18.0,1.0,2.0,6.0,176.71,2,3,4,9,Loyal
53589,0,17.0,Mobile,1,10.0,Debit Card,Male,4.0,6,Others,2,Divorced,5,0,,2.0,2.0,8.0,322.4,1,4,5,10,Champions
53590,0,23.0,Mobile,1,11.0,Credit Card,Male,3.0,5,Others,3,Divorced,4,0,,1.0,2.0,1.0,312.11,5,4,5,14,Champions
53591,0,10.0,Computer,1,10.0,Cash on Delivery,Male,3.0,4,Mobile Phone,4,Divorced,3,0,13.0,2.0,2.0,8.0,161.92,1,3,3,7,Loyal
53592,0,22.0,Mobile,1,9.0,Cash on Delivery,Male,4.0,2,Mobile Phone,4,Single,7,0,12.0,1.0,2.0,1.0,150.59,4,3,2,9,Hibernating
53593,0,1.0,Mobile,1,11.0,Debit Card,Male,4.0,4,Mobile Phone,3,Married,3,0,12.0,2.0,2.0,4.0,150.17,3,3,2,8,Hibernating
53594,0,3.0,Mobile,1,14.0,Debit Card,Male,3.0,4,Laptop & Accessory,2,Married,3,1,12.0,1.0,2.0,1.0,191.23,5,3,4,12,Loyal
53595,0,22.0,Mobile,1,7.0,Debit Card,Male,4.0,5,Others,2,Single,8,0,,2.0,2.0,1.0,307.65,5,4,5,14,Champions
53596,0,3.0,Mobile,1,7.0,Debit Card,Female,3.0,5,Grocery,2,Married,5,0,15.0,,2.0,8.0,286.24,1,4,5,10,Champions
53597,0,8.0,Mobile,1,27.0,Cash on Delivery,Female,3.0,2,Mobile Phone,3,Divorced,2,0,18.0,2.0,2.0,1.0,150.85,4,3,2,9,Hibernating
53598,0,18.0,Mobile,3,12.0,E wallet,Male,3.0,4,Others,4,Divorced,9,0,,2.0,4.0,11.0,307.13,1,4,5,10,Champions
53599,0,7.0,Mobile,3,17.0,E wallet,Male,3.0,2,Fashion,3,Married,2,1,15.0,2.0,2.0,9.0,208.8,1,4,4,9,Champions
53600,0,1.0,Mobile,1,32.0,Debit Card,Female,3.0,2,Mobile Phone,2,Single,3,1,13.0,2.0,2.0,2.0,154.94,4,3,3,10,Loyal
53601,0,1.0,Mobile,1,7.0,Debit Card,Male,3.0,4,Mobile Phone,3,Divorced,3,0,23.0,1.0,2.0,2.0,137.23,4,2,1,7,Recent Customers
53602,1,1.0,Computer,3,31.0,Debit Card,Male,4.0,6,Mobile Phone,2,Single,3,1,15.0,2.0,2.0,1.0,136.18,4,2,1,7,Recent Customers
53603,0,1.0,Mobile,1,11.0,Debit Card,Male,3.0,4,Mobile Phone,2,Single,3,1,21.0,1.0,3.0,3.0,153.75,3,4,3,10,Loyal
53604,1,9.0,Mobile,3,9.0,E wallet,Female,4.0,6,Others,4,Single,4,1,,1.0,2.0,12.0,313.24,1,4,5,10,Champions
53605,0,29.0,Computer,1,15.0,Credit Card,Male,3.0,5,Grocery,4,Married,3,1,16.0,4.0,16.0,1.0,260.77,5,5,5,15,Champions
53606,1,1.0,Computer,1,17.0,Debit Card,Female,3.0,5,Mobile Phone,3,Single,3,0,21.0,3.0,3.0,3.0,151.25,3,4,2,9,Hibernating
53607,0,20.0,Mobile,3,11.0,E wallet,Female,3.0,5,Others,4,Divorced,4,0,,2.0,2.0,9.0,312.89,1,4,5,10,Champions
53608,0,8.0,Mobile,3,9.0,E wallet,Female,3.0,4,Laptop & Accessory,5,Single,2,1,13.0,2.0,2.0,3.0,170.38,3,3,3,9,Loyal
53609,0,25.0,Computer,3,16.0,Debit Card,Male,3.0,4,Others,4,Married,6,1,25.0,3.0,12.0,11.0,323.47,1,5,5,11,Champions
53610,0,31.0,Mobile,1,25.0,Credit Card,Male,4.0,4,Fashion,2,Single,8,0,13.0,2.0,6.0,,230.12,5,5,5,15,Champions
53611,0,8.0,Computer,1,26.0,Credit Card,Female,3.0,4,Laptop & Accessory,4,Married,6,0,14.0,4.0,6.0,11.0,169.44,1,5,3,9,Loyal
53612,0,2.0,Computer,1,7.0,Credit Card,Male,3.0,4,Mobile Phone,3,Single,2,1,12.0,1.0,2.0,3.0,146.54,3,2,2,7,Hibernating
53613,0,18.0,Mobile,1,11.0,Debit Card,Male,4.0,2,Others,5,Married,3,0,,2.0,15.0,14.0,316.9,1,5,5,11,Champions
53614,0,8.0,Computer,2,18.0,Debit Card,Male,3.0,5,Laptop & Accessory,4,Divorced,6,0,12.0,1.0,2.0,9.0,169.9,1,3,3,7,Loyal
53615,0,9.0,Mobile,1,13.0,Debit Card,Male,4.0,4,Mobile Phone,3,Divorced,2,1,15.0,2.0,3.0,3.0,160.06,3,4,3,10,Loyal
53616,0,16.0,Mobile,1,14.0,Credit Card,Female,4.0,2,Laptop & Accessory,4,Divorced,8,1,17.0,1.0,2.0,1.0,148.72,4,2,2,8,Recent Customers
53617,0,17.0,Mobile,3,11.0,E wallet,Female,3.0,5,Fashion,2,Single,5,0,15.0,11.0,16.0,,227.31,5,5,5,15,Champions
53618,0,10.0,Mobile,1,9.0,Debit Card,Female,3.0,4,Laptop & Accessory,4,Single,11,1,12.0,5.0,6.0,13.0,179.1,1,5,4,10,Champions
53619,1,8.0,Mobile,1,22.0,Credit Card,Female,4.0,4,Fashion,2,Divorced,3,0,12.0,1.0,2.0,6.0,204.78,2,4,4,10,Champions
53620,0,2.0,Computer,1,9.0,Debit Card,Male,3.0,5,Mobile Phone,2,Divorced,3,1,13.0,3.0,3.0,3.0,163.67,3,4,3,10,Loyal
53621,0,25.0,Computer,1,13.0,Credit Card,Female,3.0,5,Mobile Phone,3,Single,2,0,15.0,8.0,8.0,8.0,153.38,2,5,2,9,At Risk
53622,0,4.0,Computer,1,16.0,Credit Card,Female,4.0,4,Laptop & Accessory,3,Single,9,1,19.0,2.0,2.0,8.0,171.95,1,3,3,7,Loyal
53623,1,1.0,Mobile,1,14.0,Cash on Delivery,Female,3.0,4,Mobile Phone,3,Married,5,1,14.0,2.0,8.0,8.0,158.39,2,5,3,10,Loyal
53624,0,2.0,Mobile,1,7.0,Cash on Delivery,Male,3.0,4,Mobile Phone,5,Single,4,0,12.0,1.0,2.0,3.0,145.8,3,2,2,7,Hibernating
53625,0,1.0,Mobile,1,7.0,Credit Card,Female,3.0,4,Mobile Phone,4,Single,3,0,19.0,2.0,3.0,2.0,145.96,4,4,2,10,Hibernating
53626,0,6.0,Mobile,3,15.0,Credit Card,Male,3.0,2,Laptop & Accessory,2,Divorced,3,0,16.0,1.0,2.0,9.0,187.09,1,3,4,8,Loyal
53627,0,19.0,Computer,1,32.0,Credit Card,Female,3.0,4,Others,4,Single,5,0,,2.0,2.0,1.0,305.61,5,4,5,14,Champions
53628,0,13.0,Mobile,1,20.0,Credit Card,Female,4.0,5,Grocery,4,Married,8,1,,14.0,16.0,3.0,296.23,4,5,5,14,Champions
53629,0,31.0,Mobile,1,30.0,Debit Card,Male,3.0,4,Mobile Phone,3,Married,3,0,13.0,3.0,3.0,3.0,148.72,3,4,2,9,Hibernating
53630,1,1.0,Mobile,1,14.0,Debit Card,Male,4.0,4,Laptop & Accessory,3,Divorced,3,0,19.0,2.0,2.0,2.0,173.83,4,3,4,11,Loyal
53631,1,3.0,Mobile,1,30.0,Credit Card,Male,4.0,4,Mobile Phone,5,Single,2,0,14.0,1.0,2.0,4.0,164.04,3,3,3,9,Loyal
53632,0,4.0,Mobile,1,13.0,Cash on Delivery,Female,3.0,5,Laptop & Accessory,2,Divorced,2,0,13.0,6.0,7.0,8.0,171.27,1,5,3,9,Loyal
53633,0,10.0,Mobile,1,17.0,Cash on Delivery,Female,4.0,4,Fashion,3,Divorced,5,0,13.0,1.0,2.0,8.0,195.94,1,4,4,9,Champions
53634,0,20.0,Mobile,2,7.0,Debit Card,Female,3.0,4,Mobile Phone,5,Single,8,0,13.0,4.0,6.0,8.0,159.23,1,5,3,9,Loyal
53635,0,2.0,Computer,1,7.0,Debit Card,Female,3.0,6,Laptop & Accessory,2,Divorced,2,0,12.0,8.0,8.0,6.0,191.74,2,5,4,11,Champions
53636,0,24.0,Mobile,1,35.0,Debit Card,Female,3.0,4,Grocery,5,Divorced,6,1,,1.0,2.0,3.0,293.8,3,4,5,12,Champions
53637,1,4.0,Mobile,3,32.0,E wallet,Male,3.0,5,Fashion,4,Single,4,1,13.0,1.0,2.0,,215.94,5,4,5,14,Champions
53638,1,16.0,Mobile,3,12.0,Debit Card,Male,4.0,4,Fashion,4,Single,11,1,20.0,6.0,8.0,,209.46,5,5,5,15,Champions
53639,0,4.0,Mobile,1,24.0,Credit Card,Female,4.0,4,Fashion,5,Divorced,3,1,24.0,1.0,,9.0,244.16000000000005,1,5,5,11,Champions
53640,0,13.0,Mobile,1,25.0,Debit Card,Male,3.0,4,Laptop & Accessory,3,Single,2,0,12.0,1.0,2.0,8.0,170.34,1,3,3,7,Loyal
53641,0,5.0,Computer,3,9.0,Debit Card,Female,3.0,4,Fashion,3,Married,3,1,20.0,4.0,10.0,,223.52,5,5,5,15,Champions
53642,0,15.0,Computer,3,17.0,Credit Card,Male,3.0,6,Laptop & Accessory,4,Single,3,0,14.0,4.0,12.0,10.0,186.51,1,5,4,10,Champions
53643,1,1.0,Computer,3,7.0,Debit Card,Female,3.0,4,Mobile Phone,4,Single,3,1,12.0,2.0,3.0,3.0,148.02,3,4,2,9,Hibernating
53644,1,8.0,Mobile,1,10.0,Debit Card,Male,3.0,4,Mobile Phone,5,Divorced,6,0,13.0,2.0,2.0,3.0,148.62,3,2,2,7,Hibernating
53645,0,16.0,Computer,1,9.0,Debit Card,Male,3.0,4,Grocery,3,Divorced,2,1,,1.0,3.0,11.0,303.61,1,4,5,10,Champions
53646,0,29.0,Mobile,1,9.0,Credit Card,Female,3.0,6,Others,3,Divorced,6,0,,6.0,10.0,12.0,316.87,1,5,5,11,Champions
53647,0,30.0,Mobile,2,15.0,Debit Card,Male,3.0,4,Others,4,Single,8,0,,2.0,8.0,8.0,322.17,2,5,5,12,Champions
53648,0,14.0,Computer,1,23.0,Debit Card,Male,4.0,4,Mobile Phone,3,Married,11,0,17.0,2.0,2.0,1.0,160.44,5,3,3,11,Loyal
53649,0,8.0,Mobile,1,16.0,Debit Card,Male,3.0,4,Fashion,2,Married,2,0,12.0,2.0,2.0,,210.0,5,4,5,14,Champions
53650,0,14.0,Mobile,1,9.0,Debit Card,Male,4.0,4,Laptop & Accessory,2,Single,3,0,14.0,4.0,9.0,9.0,171.61,1,5,3,9,Loyal
53651,0,15.0,Computer,3,7.0,E wallet,Female,4.0,4,Laptop & Accessory,5,Married,2,0,18.0,1.0,2.0,8.0,166.03,1,3,3,7,Loyal
53652,0,9.0,Computer,1,11.0,Debit Card,Male,3.0,4,Laptop & Accessory,3,Single,3,1,12.0,2.0,2.0,2.0,167.49,4,3,3,10,Loyal
53653,0,25.0,Mobile,2,12.0,Debit Card,Male,3.0,4,Grocery,4,Married,3,1,12.0,,2.0,11.0,265.26,1,4,5,10,Champions
53654,0,12.0,Mobile,3,9.0,Debit Card,Female,3.0,4,Laptop & Accessory,5,Married,5,0,16.0,1.0,2.0,8.0,193.93,1,4,4,9,Champions
53655,0,8.0,Mobile,3,22.0,Credit Card,Female,4.0,4,Laptop & Accessory,5,Single,3,0,13.0,2.0,10.0,7.0,186.25,2,5,4,11,Champions
53656,0,1.0,Mobile,1,26.0,Credit Card,Male,4.0,4,Mobile Phone,2,Divorced,5,0,12.0,2.0,2.0,3.0,161.69,3,3,3,9,Loyal
53657,1,21.0,Mobile,1,14.0,Credit Card,Female,3.0,5,Fashion,5,Divorced,9,1,15.0,5.0,6.0,,225.08,5,5,5,15,Champions
53658,0,14.0,Mobile,1,7.0,Debit Card,Male,3.0,4,Mobile Phone,4,Divorced,5,0,23.0,2.0,2.0,4.0,148.87,3,2,2,7,Hibernating
53659,0,10.0,Computer,3,14.0,E wallet,Female,3.0,2,Laptop & Accessory,5,Divorced,4,0,17.0,6.0,7.0,14.0,171.39,1,5,3,9,Loyal
53660,0,22.0,Mobile,1,11.0,Debit Card,Male,3.0,4,Fashion,2,Single,3,0,12.0,2.0,2.0,9.0,203.98,1,4,4,9,Champions
53661,0,1.0,Mobile,3,18.0,Credit Card,Female,4.0,2,Mobile Phone,2,Divorced,10,0,15.0,2.0,2.0,1.0,150.34,4,3,2,9,Hibernating
53662,0,25.0,Mobile,1,18.0,Cash on Delivery,Female,3.0,5,Grocery,4,Single,5,0,17.0,1.0,,4.0,256.42,3,5,5,13,Champions
53663,0,1.0,Computer,1,7.0,Debit Card,Female,4.0,4,Mobile Phone,2,Single,3,0,16.0,2.0,2.0,1.0,141.11,4,2,2,8,Recent Customers
53664,0,9.0,Mobile,1,7.0,Credit Card,Female,3.0,5,Laptop & Accessory,2,Divorced,2,0,13.0,2.0,2.0,1.0,178.63,5,3,4,12,Loyal
53665,0,1.0,Computer,3,9.0,Debit Card,Male,3.0,6,Laptop & Accessory,2,Single,5,0,21.0,2.0,2.0,1.0,175.71,5,3,4,12,Loyal
53666,1,19.0,Mobile,3,20.0,E wallet,Male,3.0,2,Grocery,3,Single,8,1,18.0,,4.0,9.0,261.95,1,4,5,10,Champions
53667,0,30.0,Mobile,1,30.0,Debit Card,Male,4.0,4,Grocery,4,Divorced,6,1,13.0,12.0,,10.0,259.02,1,5,5,11,Champions
53668,0,8.0,Computer,1,33.0,Cash on Delivery,Female,4.0,5,Mobile Phone,3,Married,3,0,21.0,2.0,2.0,1.0,145.29,4,2,2,8,Recent Customers
53669,0,14.0,Mobile,1,9.0,Credit Card,Female,3.0,2,Laptop & Accessory,3,Married,7,0,21.0,6.0,12.0,9.0,188.77,1,5,4,10,Champions
53670,0,8.0,Mobile,1,36.0,Credit Card,Male,3.0,4,Laptop & Accessory,3,Divorced,6,0,14.0,1.0,8.0,8.0,179.29,2,5,4,11,Champions
53671,1,1.0,Computer,3,9.0,Debit Card,Female,3.0,5,Mobile Phone,2,Single,9,0,15.0,1.0,2.0,1.0,152.85,5,3,2,10,Hibernating
53672,1,1.0,Computer,3,25.0,E wallet,Female,4.0,4,Laptop & Accessory,3,Divorced,2,1,19.0,4.0,4.0,3.0,171.14,3,4,3,10,Loyal
53673,0,12.0,Computer,1,14.0,Debit Card,Male,3.0,2,Mobile Phone,3,Married,3,0,12.0,1.0,2.0,4.0,151.1,3,3,2,8,Hibernating
53674,0,8.0,Mobile,1,9.0,Cash on Delivery,Female,4.0,4,Laptop & Accessory,2,Single,3,0,12.0,2.0,5.0,12.0,191.87,1,4,4,9,Champions
53675,0,2.0,Mobile,3,33.0,Debit Card,Male,3.0,5,Laptop & Accessory,5,Divorced,3,0,12.0,2.0,2.0,5.0,172.24,2,3,3,8,Loyal
53676,1,1.0,Mobile,1,29.0,Credit Card,Male,4.0,4,Laptop & Accessory,3,Divorced,3,1,16.0,4.0,7.0,8.0,186.79,2,5,4,11,Champions
53677,0,13.0,Mobile,3,28.0,Debit Card,Male,3.0,5,Laptop & Accessory,2,Divorced,5,1,13.0,1.0,2.0,5.0,186.2,2,3,4,9,Loyal
53678,0,25.0,Computer,3,9.0,E wallet,Male,3.0,4,Fashion,4,Divorced,4,0,12.0,1.0,4.0,,230.96,5,4,5,14,Champions
53679,0,15.0,Computer,1,29.0,Debit Card,Female,4.0,4,Laptop & Accessory,2,Married,5,1,15.0,1.0,4.0,4.0,179.67,3,4,4,11,Champions
53680,0,11.0,Mobile,1,11.0,Debit Card,Male,3.0,4,Mobile Phone,3,Divorced,9,1,16.0,2.0,2.0,4.0,154.96,3,3,3,9,Loyal
53681,0,7.0,Computer,3,12.0,Debit Card,Male,4.0,4,Laptop & Accessory,2,Divorced,8,0,14.0,2.0,2.0,,224.98,5,4,5,14,Champions
53682,0,6.0,Mobile,3,9.0,E wallet,Male,3.0,4,Laptop & Accessory,4,Divorced,2,1,14.0,1.0,2.0,3.0,165.78,3,3,3,9,Loyal
53683,0,13.0,Computer,1,32.0,Debit Card,Male,4.0,4,Fashion,3,Divorced,5,0,22.0,1.0,,6.0,234.2,2,5,5,12,Champions
53684,0,1.0,Mobile,3,25.0,Debit Card,Male,4.0,2,Laptop & Accessory,3,Divorced,4,0,12.0,1.0,2.0,3.0,187.32,3,3,4,10,Loyal
53685,0,26.0,Computer,1,35.0,Credit Card,Female,3.0,2,Grocery,3,Divorced,4,1,12.0,1.0,,3.0,257.47,4,5,5,14,Champions
53686,0,17.0,Mobile,1,13.0,Credit Card,Female,4.0,5,Laptop & Accessory,3,Single,3,1,15.0,2.0,2.0,9.0,165.81,1,3,3,7,Loyal
53687,0,1.0,Mobile,3,17.0,E wallet,Female,4.0,5,Laptop & Accessory,2,Divorced,3,1,12.0,3.0,5.0,5.0,182.69,2,4,4,10,Champions
53688,1,1.0,Mobile,1,24.0,Debit Card,Female,3.0,4,Mobile Phone,3,Single,3,1,14.0,4.0,8.0,8.0,148.94,2,5,2,9,At Risk
53689,0,1.0,Mobile,1,9.0,Credit Card,Male,3.0,5,Mobile Phone,2,Single,2,0,13.0,1.0,2.0,2.0,164.04,4,3,3,10,Loyal
53690,0,16.0,Mobile,2,17.0,UPI,Female,3.0,4,Grocery,5,Divorced,2,0,,1.0,2.0,10.0,292.99,1,4,5,10,Champions
53691,0,26.0,Mobile,1,15.0,UPI,Female,3.0,4,Mobile Phone,5,Divorced,11,0,14.0,2.0,2.0,5.0,154.5,2,3,3,8,Loyal
53692,0,11.0,Mobile,1,18.0,Credit Card,Female,4.0,4,Mobile Phone,3,Single,6,0,19.0,1.0,2.0,3.0,161.29,3,3,3,9,Loyal
53693,0,9.0,Computer,1,25.0,Debit Card,Male,3.0,4,Fashion,2,Single,4,0,12.0,1.0,3.0,,218.62,5,4,5,14,Champions
53694,0,1.0,Mobile,1,7.0,Cash on Delivery,Male,3.0,4,Mobile Phone,2,Divorced,6,0,12.0,2.0,2.0,3.0,157.29,3,3,3,9,Loyal
53695,0,1.0,Mobile,1,14.0,UPI,Male,4.0,2,Mobile Phone,5,Single,2,0,13.0,2.0,2.0,8.0,160.78,1,3,3,7,Loyal
53696,0,3.0,Mobile,2,24.0,UPI,Male,3.0,5,Fashion,5,Single,3,0,14.0,1.0,2.0,10.0,204.88,1,4,4,9,Champions
53697,1,1.0,Computer,1,35.0,Debit Card,Male,4.0,5,Laptop & Accessory,5,Single,5,0,21.0,1.0,2.0,4.0,167.84,3,3,3,9,Loyal
53698,1,1.0,Computer,1,21.0,UPI,Female,3.0,4,Fashion,2,Single,2,1,13.0,3.0,8.0,8.0,200.53,2,5,4,11,Champions
53699,0,28.0,Mobile,1,7.0,Credit Card,Female,3.0,4,Grocery,2,Single,8,0,,6.0,13.0,8.0,298.28,2,5,5,12,Champions
53700,0,31.0,Mobile,1,7.0,Credit Card,Female,4.0,4,Others,5,Divorced,5,1,,2.0,2.0,6.0,322.01,2,4,5,11,Champions
53701,0,29.0,Mobile,1,7.0,Credit Card,Male,3.0,2,Grocery,2,Married,4,0,14.0,,2.0,1.0,272.32,5,4,5,14,Champions
53702,0,10.0,Mobile,3,10.0,E wallet,Female,3.0,4,Laptop & Accessory,4,Single,5,1,17.0,1.0,2.0,,217.78,5,4,5,14,Champions
53703,1,1.0,Computer,3,7.0,Debit Card,Female,3.0,6,Mobile Phone,3,Single,3,0,13.0,2.0,2.0,1.0,138.59,4,2,1,7,Recent Customers
53704,0,4.0,Mobile,3,14.0,E wallet,Female,4.0,4,Laptop & Accessory,5,Married,9,0,15.0,2.0,2.0,3.0,172.79,3,3,3,9,Loyal
53705,0,5.0,Mobile,1,15.0,Debit Card,Female,4.0,4,Grocery,4,Single,5,0,12.0,,2.0,1.0,289.22,5,4,5,14,Champions
53706,0,8.0,Computer,1,7.0,UPI,Male,4.0,4,Mobile Phone,5,Married,7,0,15.0,2.0,2.0,4.0,154.96,3,3,3,9,Loyal
53707,1,1.0,Mobile,1,15.0,Debit Card,Female,3.0,5,Mobile Phone,4,Single,3,0,13.0,1.0,2.0,1.0,137.61,4,2,1,7,Recent Customers
53708,0,1.0,Mobile,1,18.0,Debit Card,Male,4.0,4,Mobile Phone,5,Divorced,2,0,15.0,2.0,2.0,5.0,145.99,2,2,2,6,Hibernating
53709,0,10.0,Mobile,1,11.0,Debit Card,Male,3.0,5,Laptop & Accessory,2,Single,3,0,17.0,2.0,2.0,9.0,183.1,1,3,4,8,Loyal
53710,0,10.0,Mobile,3,23.0,E wallet,Female,4.0,5,Laptop & Accessory,5,Divorced,6,0,14.0,2.0,2.0,3.0,181.47,3,3,4,10,Loyal
53711,0,21.0,Mobile,1,7.0,Cash on Delivery,Male,4.0,4,Mobile Phone,2,Divorced,9,0,13.0,2.0,2.0,3.0,159.2,3,3,3,9,Loyal
53712,1,1.0,Mobile,3,16.0,Debit Card,Male,4.0,5,Mobile Phone,5,Divorced,5,0,13.0,2.0,3.0,3.0,169.0,3,4,3,10,Loyal
53713,0,11.0,Computer,1,12.0,Cash on Delivery,Male,3.0,2,Mobile Phone,3,Single,2,0,15.0,2.0,2.0,4.0,160.0,3,3,3,9,Loyal
53714,0,30.0,Mobile,1,7.0,Debit Card,Female,3.0,4,Mobile Phone,5,Divorced,4,0,23.0,2.0,2.0,1.0,145.66,4,2,2,8,Recent Customers
53715,0,21.0,Mobile,1,9.0,Credit Card,Female,3.0,4,Grocery,3,Divorced,5,0,,4.0,6.0,7.0,296.69,2,5,5,12,Champions
53716,0,1.0,Mobile,3,11.0,Credit Card,Female,3.0,4,Laptop & Accessory,3,Divorced,3,1,13.0,2.0,2.0,4.0,166.62,3,3,3,9,Loyal
53717,0,6.0,Mobile,3,14.0,E wallet,Male,4.0,4,Laptop & Accessory,2,Divorced,6,0,13.0,2.0,2.0,,217.04,5,4,5,14,Champions
53718,0,8.0,Mobile,1,7.0,Debit Card,Female,3.0,5,Mobile Phone,4,Divorced,7,0,18.0,2.0,2.0,3.0,157.94,3,3,3,9,Loyal
53719,0,15.0,Mobile,1,12.0,Credit Card,Male,3.0,2,Mobile Phone,3,Divorced,4,1,13.0,2.0,2.0,4.0,146.27,3,2,2,7,Hibernating
53720,0,14.0,Computer,1,16.0,UPI,Male,3.0,4,Laptop & Accessory,3,Married,5,0,12.0,2.0,2.0,8.0,164.75,1,3,3,7,Loyal
53721,0,5.0,Mobile,3,15.0,Debit Card,Male,3.0,4,Fashion,2,Married,3,0,19.0,3.0,,10.0,232.93,1,5,5,11,Champions
53722,1,10.0,Mobile,3,16.0,E wallet,Male,3.0,4,Fashion,1,Married,6,0,12.0,1.0,5.0,,225.96,5,4,5,14,Champions
53723,1,3.0,Computer,1,9.0,Debit Card,Female,3.0,5,Mobile Phone,5,Single,4,1,24.0,1.0,2.0,1.0,161.46,5,3,3,11,Loyal
53724,1,1.0,Computer,1,7.0,Debit Card,Female,4.0,2,Fashion,4,Single,3,0,12.0,4.0,5.0,8.0,199.46,1,4,4,9,Champions
53725,0,19.0,Mobile,1,27.0,Credit Card,Male,4.0,6,Fashion,5,Married,4,1,19.0,1.0,,8.0,233.51,2,5,5,12,Champions
53726,0,5.0,Mobile,2,15.0,Credit Card,Female,4.0,2,Mobile Phone,4,Single,11,0,19.0,1.0,2.0,3.0,146.09,3,2,2,7,Hibernating
53727,1,1.0,Computer,1,9.0,Debit Card,Male,4.0,4,Mobile Phone,1,Divorced,8,1,14.0,3.0,3.0,3.0,162.22,3,4,3,10,Loyal
53728,0,19.0,Mobile,1,36.0,Cash on Delivery,Male,3.0,4,Fashion,1,Divorced,6,1,19.0,2.0,2.0,,218.8,5,4,5,14,Champions
53729,0,22.0,Mobile,3,14.0,E wallet,Male,4.0,4,Laptop & Accessory,5,Married,6,0,12.0,2.0,3.0,3.0,179.86,3,4,4,11,Champions
53730,1,1.0,Mobile,2,16.0,Cash on Delivery,Female,3.0,4,Mobile Phone,3,Divorced,3,0,16.0,2.0,3.0,3.0,152.42,3,4,2,9,Hibernating
53731,0,14.0,Computer,1,15.0,Credit Card,Male,3.0,5,Fashion,4,Married,4,0,12.0,,5.0,9.0,262.57,1,4,5,10,Champions
53732,0,2.0,Mobile,3,12.0,Credit Card,Male,3.0,4,Laptop & Accessory,5,Single,2,0,19.0,2.0,2.0,,209.63,5,4,5,14,Champions
53733,0,18.0,Computer,1,12.0,Debit Card,Male,3.0,5,Mobile Phone,3,Single,5,0,15.0,1.0,2.0,4.0,156.62,3,3,3,9,Loyal
53734,0,27.0,Mobile,1,9.0,Credit Card,Male,3.0,2,Grocery,4,Single,6,0,13.0,,9.0,9.0,290.98,1,5,5,11,Champions
53735,0,23.0,Mobile,1,12.0,Cash on Delivery,Male,4.0,4,Laptop & Accessory,3,Divorced,4,0,15.0,1.0,2.0,3.0,191.51,3,3,4,10,Loyal
53736,0,14.0,Mobile,1,9.0,Credit Card,Male,4.0,4,Mobile Phone,3,Married,4,0,15.0,1.0,2.0,3.0,148.45,3,2,2,7,Hibernating
53737,0,18.0,Mobile,1,27.0,Debit Card,Male,3.0,4,Mobile Phone,4,Single,3,0,14.0,2.0,2.0,4.0,159.2,3,3,3,9,Loyal
53738,0,7.0,Computer,3,14.0,Credit Card,Male,3.0,4,Laptop & Accessory,5,Divorced,2,0,15.0,1.0,2.0,4.0,168.73,3,3,3,9,Loyal
53739,0,8.0,Mobile,3,10.0,UPI,Male,3.0,6,Laptop & Accessory,5,Single,5,0,19.0,3.0,4.0,13.0,172.59,1,4,3,8,Loyal
53740,0,4.0,Mobile,3,23.0,Debit Card,Male,4.0,4,Laptop & Accessory,3,Divorced,10,0,16.0,1.0,3.0,3.0,178.01,3,4,4,11,Champions
53741,0,16.0,Computer,1,16.0,Credit Card,Female,4.0,4,Mobile Phone,1,Single,3,0,14.0,5.0,6.0,9.0,161.73,1,5,3,9,Loyal
53742,0,18.0,Computer,3,7.0,E wallet,Female,4.0,4,Laptop & Accessory,3,Divorced,9,0,13.0,2.0,2.0,1.0,172.68,5,3,3,11,Loyal
53743,0,4.0,Computer,1,14.0,Cash on Delivery,Male,4.0,4,Mobile Phone,3,Married,3,0,14.0,1.0,2.0,1.0,137.74,4,2,1,7,Recent Customers
53744,0,51.0,Mobile,1,7.0,Debit Card,Male,4.0,2,Laptop & Accessory,3,Divorced,2,0,25.0,2.0,3.0,9.0,174.0,1,4,4,9,Champions
53745,0,23.0,Mobile,1,14.0,Debit Card,Male,3.0,4,Fashion,4,Married,5,0,15.0,1.0,2.0,,229.66,5,4,5,14,Champions
53746,0,8.0,Computer,1,22.0,Credit Card,Male,4.0,4,Grocery,5,Married,9,0,,3.0,7.0,10.0,295.07,1,5,5,11,Champions
53747,1,1.0,Computer,3,7.0,Cash on Delivery,Male,4.0,4,Mobile Phone,3,Divorced,5,0,16.0,2.0,2.0,3.0,154.09,3,3,3,9,Loyal
53748,1,1.0,Computer,3,20.0,Cash on Delivery,Female,3.0,4,Laptop & Accessory,4,Single,7,0,12.0,1.0,2.0,1.0,182.65,5,3,4,12,Loyal
53749,1,1.0,Mobile,3,31.0,Credit Card,Female,3.0,5,Laptop & Accessory,4,Single,2,1,24.0,3.0,11.0,11.0,170.99,1,5,3,9,Loyal
53750,0,9.0,Mobile,3,14.0,Debit Card,Male,4.0,4,Mobile Phone,3,Divorced,3,0,14.0,2.0,2.0,1.0,149.04,4,2,2,8,Recent Customers
53751,1,1.0,Computer,1,16.0,Credit Card,Male,3.0,4,Mobile Phone,5,Single,4,1,12.0,1.0,2.0,1.0,156.72,5,3,3,11,Loyal
53752,0,1.0,Computer,3,20.0,Debit Card,Female,4.0,4,Mobile Phone,4,Divorced,3,0,14.0,1.0,2.0,1.0,145.33,4,2,2,8,Recent Customers
53753,0,18.0,Computer,1,9.0,Credit Card,Male,3.0,4,Fashion,3,Single,7,1,19.0,1.0,3.0,,227.09,5,4,5,14,Champions
53754,0,3.0,Mobile,3,26.0,Debit Card,Male,4.0,5,Laptop & Accessory,3,Married,3,0,15.0,2.0,2.0,,211.2,5,4,5,14,Champions
53755,0,4.0,Mobile,2,7.0,Debit Card,Male,3.0,4,Mobile Phone,3,Married,2,0,22.0,1.0,2.0,4.0,145.64,3,2,2,7,Hibernating
53756,0,29.0,Mobile,1,11.0,Debit Card,Male,2.0,4,Laptop & Accessory,3,Divorced,2,1,17.0,1.0,2.0,3.0,165.35,3,3,3,9,Loyal
53757,0,7.0,Mobile,1,11.0,Credit Card,Female,3.0,5,Mobile Phone,4,Divorced,10,0,12.0,1.0,2.0,3.0,163.38,3,3,3,9,Loyal
53758,0,21.0,Mobile,3,21.0,Credit Card,Female,4.0,4,Laptop & Accessory,3,Divorced,5,1,18.0,2.0,2.0,3.0,170.91,3,3,3,9,Loyal
53759,1,1.0,Computer,1,9.0,Credit Card,Male,3.0,5,Mobile Phone,5,Single,9,0,12.0,1.0,2.0,1.0,150.61,4,3,2,9,Hibernating
53760,0,2.0,Mobile,1,7.0,Debit Card,Male,4.0,5,Mobile Phone,3,Married,3,0,15.0,1.0,2.0,1.0,140.63,4,2,1,7,Recent Customers
53761,0,2.0,Computer,3,14.0,Debit Card,Male,3.0,4,Laptop & Accessory,5,Single,2,0,15.0,2.0,2.0,4.0,173.98,3,3,4,10,Loyal
53762,0,23.0,Mobile,1,10.0,Credit Card,Female,3.0,5,Laptop & Accessory,5,Divorced,6,0,26.0,2.0,2.0,3.0,172.89,3,3,3,9,Loyal
53763,0,3.0,Computer,1,9.0,Debit Card,Female,4.0,4,Mobile Phone,4,Divorced,2,0,14.0,1.0,2.0,3.0,156.8,3,3,3,9,Loyal
53764,0,2.0,Mobile,1,36.0,Debit Card,Male,4.0,6,Laptop & Accessory,4,Divorced,3,0,15.0,2.0,2.0,8.0,190.49,1,3,4,8,Loyal
53765,0,7.0,Mobile,1,15.0,Debit Card,Male,4.0,4,Laptop & Accessory,3,Single,4,1,18.0,1.0,2.0,1.0,188.88,5,3,4,12,Loyal
53766,0,6.0,Mobile,1,17.0,Credit Card,Male,1.0,4,Fashion,1,Single,4,0,26.0,1.0,,1.0,237.44,5,5,5,15,Champions
53767,0,28.0,Computer,1,18.0,Credit Card,Female,3.0,4,Grocery,1,Married,5,0,21.0,,2.0,13.0,285.32,1,4,5,10,Champions
53768,1,1.0,Mobile,1,7.0,Cash on Delivery,Male,4.0,5,Mobile Phone,5,Single,8,0,14.0,1.0,2.0,8.0,148.62,1,2,2,5,Hibernating
53769,0,18.0,Mobile,1,35.0,Debit Card,Male,3.0,4,Grocery,5,Divorced,5,0,14.0,,15.0,18.0,288.28,1,5,5,11,Champions
53770,0,13.0,Mobile,1,13.0,Debit Card,Female,3.0,4,Fashion,4,Single,6,0,19.0,1.0,3.0,3.0,208.76,3,4,4,11,Champions
53771,0,20.0,Mobile,3,10.0,Debit Card,Female,3.0,4,Grocery,4,Divorced,10,0,13.0,,6.0,2.0,291.06,4,5,5,14,Champions
53772,0,9.0,Mobile,1,23.0,Debit Card,Female,4.0,5,Fashion,4,Single,3,0,20.0,2.0,4.0,,211.06,5,4,5,14,Champions
53773,0,1.0,Mobile,1,27.0,Debit Card,Male,4.0,4,Laptop & Accessory,3,Single,2,0,15.0,2.0,2.0,3.0,147.72,3,2,2,7,Hibernating
53774,1,4.0,Mobile,1,16.0,Debit Card,Male,3.0,4,Mobile Phone,5,Single,5,0,15.0,2.0,2.0,1.0,145.18,4,2,2,8,Recent Customers
53775,0,8.0,Mobile,3,7.0,Cash on Delivery,Male,4.0,5,Fashion,3,Divorced,3,1,15.0,8.0,9.0,7.0,195.83,2,5,4,11,Champions
53776,1,1.0,Computer,1,10.0,Debit Card,Female,3.0,4,Mobile Phone,3,Single,3,0,13.0,7.0,8.0,8.0,165.84,2,5,3,10,Loyal
53777,0,24.0,Computer,1,29.0,Credit Card,Male,3.0,6,Grocery,1,Single,3,1,14.0,,14.0,10.0,269.11,1,5,5,11,Champions
53778,0,8.0,Mobile,3,14.0,Cash on Delivery,Male,3.0,4,Mobile Phone,3,Married,2,1,26.0,1.0,6.0,8.0,148.08,1,5,2,8,At Risk
53779,0,16.0,Mobile,1,9.0,Credit Card,Male,4.0,5,Mobile Phone,4,Married,6,0,15.0,2.0,2.0,1.0,173.41,5,3,4,12,Loyal
53780,0,11.0,Mobile,1,20.0,Credit Card,Male,3.0,4,Laptop & Accessory,1,Married,3,0,18.0,1.0,4.0,8.0,167.85,1,4,3,8,Loyal
53781,0,3.0,Mobile,1,15.0,UPI,Female,3.0,6,Laptop & Accessory,5,Married,5,0,14.0,1.0,2.0,,222.15,5,4,5,14,Champions
53782,0,7.0,Mobile,1,32.0,Debit Card,Male,3.0,5,Laptop & Accessory,4,Single,3,0,14.0,1.0,2.0,3.0,168.2,3,3,3,9,Loyal
53783,0,19.0,Mobile,1,35.0,Cash on Delivery,Male,4.0,4,Mobile Phone,1,Married,6,0,21.0,2.0,2.0,4.0,146.32,3,2,2,7,Hibernating
53784,0,16.0,Computer,1,9.0,Debit Card,Male,3.0,4,Fashion,1,Married,4,1,15.0,13.0,14.0,,226.24,5,5,5,15,Champions
53785,0,14.0,Mobile,3,16.0,Credit Card,Male,3.0,4,Laptop & Accessory,5,Married,2,0,13.0,3.0,8.0,2.0,179.73,4,5,4,13,Champions
53786,0,7.0,Mobile,1,35.0,Debit Card,Male,4.0,4,Laptop & Accessory,3,Married,3,1,13.0,2.0,6.0,8.0,177.07,1,5,4,10,Champions
53787,0,14.0,Mobile,2,13.0,Credit Card,Male,3.0,4,Grocery,1,Single,3,1,22.0,,8.0,8.0,289.37,2,5,5,12,Champions
53788,0,1.0,Mobile,1,28.0,Cash on Delivery,Male,3.0,5,Mobile Phone,5,Married,2,0,15.0,1.0,2.0,1.0,147.96,4,2,2,8,Recent Customers
53789,0,14.0,Computer,1,15.0,Debit Card,Male,4.0,4,Laptop & Accessory,1,Married,5,1,19.0,3.0,3.0,3.0,165.69,3,4,3,10,Loyal
53790,0,19.0,Mobile,1,7.0,Cash on Delivery,Male,4.0,4,Fashion,4,Married,3,0,13.0,7.0,8.0,8.0,199.41,2,5,4,11,Champions
53791,0,9.0,Mobile,3,7.0,Debit Card,Female,4.0,5,Mobile Phone,3,Married,2,0,24.0,3.0,5.0,3.0,149.3,3,4,2,9,Hibernating
53792,0,6.0,Mobile,1,12.0,Debit Card,Female,4.0,5,Laptop & Accessory,4,Married,5,0,13.0,2.0,3.0,6.0,183.78,2,4,4,10,Champions
53793,0,10.0,Mobile,3,9.0,Debit Card,Male,4.0,4,Mobile Phone,1,Single,5,1,22.0,1.0,2.0,3.0,151.44,3,3,2,8,Hibernating
53794,0,22.0,Mobile,3,23.0,Debit Card,Female,4.0,4,Laptop & Accessory,3,Married,10,0,15.0,2.0,8.0,8.0,189.39,2,5,4,11,Champions
53795,0,3.0,Mobile,1,16.0,Debit Card,Male,4.0,2,Mobile Phone,3,Married,8,0,19.0,2.0,2.0,1.0,149.51,4,3,2,9,Hibernating
53796,0,7.0,Mobile,3,15.0,Debit Card,Male,3.0,4,Laptop & Accessory,5,Married,4,0,14.0,3.0,3.0,3.0,188.92,3,4,4,11,Champions
53797,1,1.0,Mobile,3,7.0,Debit Card,Male,4.0,5,Laptop & Accessory,5,Married,3,0,12.0,4.0,7.0,,222.14,5,5,5,15,Champions
53798,0,12.0,Computer,2,17.0,UPI,Male,4.0,4,Laptop & Accessory,3,Married,5,0,12.0,1.0,2.0,3.0,185.77,3,3,4,10,Loyal
53799,0,9.0,Mobile,1,7.0,Credit Card,Male,4.0,5,Mobile Phone,5,Single,3,0,20.0,1.0,2.0,3.0,149.5,3,3,2,8,Hibernating
53800,0,4.0,Mobile,3,36.0,Cash on Delivery,Male,3.0,4,Fashion,4,Married,5,0,13.0,1.0,2.0,,217.5,5,4,5,14,Champions
53801,1,1.0,Mobile,1,9.0,Debit Card,Female,4.0,4,Mobile Phone,5,Married,3,1,13.0,2.0,2.0,1.0,145.74,4,2,2,8,Recent Customers
53802,1,17.0,Mobile,1,9.0,Cash on Delivery,Female,4.0,5,Fashion,1,Married,2,0,17.0,2.0,2.0,,226.69,5,4,5,14,Champions
53803,1,2.0,Mobile,1,9.0,Credit Card,Male,3.0,4,Laptop & Accessory,4,Married,6,0,12.0,1.0,2.0,5.0,173.55,2,3,4,9,Loyal
53804,0,6.0,Computer,1,7.0,Cash on Delivery,Male,4.0,4,Laptop & Accessory,5,Married,6,0,15.0,2.0,2.0,3.0,165.87,3,3,3,9,Loyal
53805,0,22.0,Mobile,1,22.0,UPI,Female,4.0,4,Mobile Phone,5,Married,10,0,13.0,8.0,8.0,7.0,148.67,2,5,2,9,At Risk
53806,0,8.0,Mobile,1,14.0,Credit Card,Male,3.0,4,Mobile Phone,1,Single,3,0,14.0,1.0,2.0,1.0,154.72,5,3,3,11,Loyal
53807,0,29.0,Mobile,3,33.0,E wallet,Male,3.0,5,Others,1,Married,3,0,,3.0,3.0,14.0,320.86,1,4,5,10,Champions
53808,0,8.0,Mobile,1,7.0,Debit Card,Male,3.0,4,Laptop & Accessory,1,Married,11,0,18.0,2.0,3.0,2.0,179.84,4,4,4,12,Champions
53809,0,1.0,Mobile,1,10.0,Debit Card,Female,3.0,4,Mobile Phone,1,Married,3,0,22.0,2.0,2.0,1.0,145.61,4,2,2,8,Recent Customers
53810,0,12.0,Mobile,3,21.0,Debit Card,Male,4.0,4,Laptop & Accessory,4,Married,2,0,12.0,6.0,8.0,,224.24,5,5,5,15,Champions
53811,0,12.0,Mobile,3,23.0,Debit Card,Female,3.0,4,Laptop & Accessory,4,Single,4,0,13.0,1.0,2.0,3.0,166.98,3,3,3,9,Loyal
53812,0,10.0,Mobile,3,7.0,Debit Card,Female,4.0,4,Laptop & Accessory,3,Single,8,0,14.0,2.0,2.0,1.0,193.15,5,3,4,12,Loyal
53813,0,3.0,Mobile,1,10.0,Credit Card,Male,3.0,4,Mobile Phone,5,Single,3,1,19.0,1.0,2.0,6.0,172.23,2,3,3,8,Loyal
53814,0,9.0,Mobile,1,17.0,Credit Card,Female,3.0,4,Laptop & Accessory,3,Single,5,1,17.0,2.0,2.0,5.0,186.42,2,3,4,9,Loyal
53815,0,13.0,Mobile,3,13.0,Credit Card,Male,3.0,2,Fashion,3,Married,4,0,12.0,5.0,8.0,7.0,207.37,2,5,4,11,Champions
53816,0,3.0,Computer,1,9.0,Debit Card,Male,3.0,4,Laptop & Accessory,1,Married,3,0,20.0,1.0,2.0,,213.53,5,4,5,14,Champions
53817,0,24.0,Mobile,3,6.0,E wallet,Male,3.0,4,Others,3,Married,6,1,,1.0,2.0,1.0,318.31,5,4,5,14,Champions
53818,0,1.0,Mobile,1,17.0,Cash on Delivery,Male,3.0,2,Mobile Phone,3,Married,4,0,17.0,3.0,3.0,3.0,145.73,3,4,2,9,Hibernating
53819,0,10.0,Computer,1,13.0,Debit Card,Male,4.0,2,Laptop & Accessory,5,Married,5,1,14.0,2.0,2.0,3.0,180.62,3,3,4,10,Loyal
53820,0,16.0,Mobile,1,16.0,UPI,Male,4.0,5,Others,1,Single,10,0,,2.0,2.0,2.0,321.13,4,4,5,13,Champions
53821,0,9.0,Mobile,1,35.0,Debit Card,Male,3.0,2,Laptop & Accessory,3,Married,3,0,18.0,6.0,7.0,9.0,159.07,1,5,3,9,Loyal
53822,0,8.0,Computer,1,17.0,Cash on Delivery,Male,4.0,5,Laptop & Accessory,3,Married,3,0,15.0,3.0,8.0,8.0,175.63,2,5,4,11,Champions
53823,0,14.0,Mobile,3,21.0,Debit Card,Female,3.0,4,Laptop & Accessory,5,Married,3,0,16.0,1.0,2.0,3.0,171.39,3,3,3,9,Loyal
53824,0,17.0,Mobile,1,34.0,Cash on Delivery,Male,3.0,2,Mobile Phone,4,Married,7,0,13.0,2.0,2.0,3.0,173.76,3,3,4,10,Loyal
53825,0,9.0,Mobile,1,14.0,Debit Card,Male,4.0,5,Mobile Phone,1,Married,3,0,19.0,2.0,2.0,2.0,151.9,4,3,2,9,Hibernating
53826,0,20.0,Mobile,3,7.0,Debit Card,Male,3.0,2,Grocery,5,Single,3,0,,2.0,2.0,13.0,300.67,1,4,5,10,Champions
53827,1,1.0,Mobile,1,31.0,Credit Card,Male,3.0,4,Mobile Phone,4,Married,3,1,18.0,1.0,2.0,1.0,149.08,4,2,2,8,Recent Customers
53828,0,1.0,Computer,1,33.0,UPI,Female,3.0,5,Mobile Phone,3,Married,3,1,15.0,1.0,2.0,4.0,153.14,3,3,2,8,Hibernating
53829,0,24.0,Computer,1,27.0,Credit Card,Male,3.0,4,Grocery,3,Married,4,1,16.0,4.0,,14.0,237.45,1,5,5,11,Champions
53830,0,6.0,Mobile,1,12.0,UPI,Female,3.0,2,Mobile Phone,1,Married,5,0,18.0,2.0,2.0,3.0,158.12,3,3,3,9,Loyal
53831,0,18.0,Mobile,1,14.0,Credit Card,Female,3.0,4,Others,1,Married,2,1,,2.0,2.0,11.0,315.49,1,4,5,10,Champions
53832,0,4.0,Mobile,1,14.0,Credit Card,Male,3.0,5,Mobile Phone,4,Married,3,0,13.0,1.0,2.0,2.0,146.41,4,2,2,8,Recent Customers
53833,0,19.0,Mobile,1,12.0,Credit Card,Female,3.0,6,Laptop & Accessory,5,Single,3,1,15.0,2.0,2.0,5.0,182.69,2,3,4,9,Loyal
53834,0,19.0,Computer,3,33.0,E wallet,Male,3.0,5,Laptop & Accessory,5,Married,3,0,16.0,1.0,5.0,6.0,168.85,2,4,3,9,Loyal
53835,0,5.0,Computer,3,9.0,UPI,Male,3.0,4,Laptop & Accessory,5,Single,9,0,14.0,1.0,2.0,4.0,178.32,3,3,4,10,Loyal
53836,0,10.0,Mobile,1,19.0,Debit Card,Female,4.0,4,Laptop & Accessory,3,Married,11,1,13.0,1.0,2.0,2.0,171.63,4,3,3,10,Loyal
53837,0,8.0,Computer,1,17.0,Debit Card,Male,3.0,2,Laptop & Accessory,1,Married,3,0,14.0,6.0,8.0,3.0,172.24,4,5,3,12,Loyal
53838,0,23.0,Mobile,1,32.0,Debit Card,Female,3.0,4,Mobile Phone,5,Married,3,0,15.0,1.0,2.0,5.0,157.11,2,3,3,8,Loyal
53839,0,13.0,Mobile,1,17.0,Credit Card,Male,4.0,4,Laptop & Accessory,5,Married,4,0,14.0,5.0,8.0,8.0,178.77,2,5,4,11,Champions
53840,0,1.0,Mobile,1,26.0,UPI,Male,4.0,5,Mobile Phone,5,Married,3,0,12.0,1.0,2.0,8.0,165.66,1,3,3,7,Loyal
53841,0,9.0,Mobile,1,25.0,Debit Card,Male,3.0,2,Laptop & Accessory,5,Married,3,0,12.0,1.0,2.0,11.0,177.08,1,3,4,8,Loyal
53842,0,2.0,Mobile,1,34.0,Credit Card,Female,3.0,6,Laptop & Accessory,5,Married,2,0,22.0,2.0,2.0,1.0,25.0,4,2,1,7,Recent Customers
53843,0,1.0,Mobile,1,12.0,Credit Card,Male,4.0,4,Mobile Phone,1,Single,3,0,19.0,2.0,3.0,3.0,156.17,3,4,3,10,Loyal
53844,1,1.0,Computer,3,10.0,Credit Card,Female,4.0,4,Mobile Phone,1,Single,3,1,13.0,1.0,2.0,1.0,140.69,4,2,1,7,Recent Customers
53845,0,21.0,Mobile,2,33.0,Debit Card,Female,4.0,4,Others,3,Married,5,0,,2.0,2.0,1.0,321.58,5,4,5,14,Champions
53846,0,13.0,Mobile,1,10.0,Credit Card,Male,4.0,5,Laptop & Accessory,3,Married,2,0,16.0,1.0,2.0,8.0,155.69,1,3,3,7,Loyal
53847,0,14.0,Mobile,1,22.0,Debit Card,Female,4.0,5,Fashion,3,Married,3,0,14.0,2.0,15.0,,229.35,5,5,5,15,Champions
53848,0,9.0,Computer,1,15.0,Debit Card,Female,3.0,4,Laptop & Accessory,3,Married,3,0,13.0,3.0,3.0,10.0,166.48,1,4,3,8,Loyal
53849,0,11.0,Mobile,1,26.0,Debit Card,Male,3.0,4,Laptop & Accessory,3,Married,5,0,18.0,1.0,2.0,3.0,182.68,3,3,4,10,Loyal
53850,0,13.0,Computer,1,11.0,Credit Card,Female,3.0,4,Laptop & Accessory,3,Single,2,0,14.0,4.0,4.0,9.0,175.42,1,4,4,9,Champions
53851,0,19.0,Mobile,1,9.0,UPI,Female,3.0,5,Laptop & Accessory,1,Married,3,0,20.0,3.0,4.0,10.0,182.7,1,4,4,9,Champions
53852,0,12.0,Mobile,1,9.0,Credit Card,Female,3.0,5,Fashion,3,Married,5,1,20.0,2.0,2.0,3.0,202.56,3,4,4,11,Champions
53853,1,1.0,Mobile,3,17.0,Credit Card,Male,3.0,5,Fashion,5,Married,11,0,18.0,5.0,7.0,,228.06,5,5,5,15,Champions
53854,0,11.0,Mobile,1,17.0,Credit Card,Female,4.0,4,Mobile Phone,4,Married,3,0,12.0,2.0,8.0,8.0,164.36,2,5,3,10,Loyal
53855,0,14.0,Mobile,1,23.0,Debit Card,Female,3.0,4,Fashion,1,Single,8,1,16.0,2.0,4.0,4.0,204.45,3,4,4,11,Champions
53856,0,18.0,Computer,2,7.0,UPI,Male,3.0,4,Laptop & Accessory,1,Married,6,1,12.0,2.0,2.0,3.0,182.43,3,3,4,10,Loyal
53857,0,22.0,Computer,1,11.0,Credit Card,Male,3.0,5,Grocery,1,Married,4,0,26.0,,3.0,3.0,277.02,3,4,5,12,Champions
53858,1,1.0,Mobile,3,22.0,Credit Card,Male,3.0,6,Laptop & Accessory,1,Married,8,1,15.0,2.0,3.0,3.0,179.4,3,4,4,11,Champions
53859,0,1.0,Computer,1,9.0,Cash on Delivery,Female,3.0,4,Mobile Phone,1,Single,3,1,14.0,2.0,2.0,4.0,162.6,3,3,3,9,Loyal
53860,0,1.0,Mobile,1,15.0,Credit Card,Female,3.0,2,Mobile Phone,3,Married,9,0,18.0,1.0,2.0,3.0,160.17,3,3,3,9,Loyal
53861,0,1.0,Computer,1,9.0,Credit Card,Male,3.0,4,Mobile Phone,1,Single,4,0,14.0,1.0,2.0,3.0,150.8,3,3,2,8,Hibernating
53862,1,4.0,Mobile,1,14.0,Debit Card,Male,4.0,4,Mobile Phone,5,Single,5,1,15.0,1.0,2.0,4.0,146.66,3,2,2,7,Hibernating
53863,0,3.0,Mobile,3,17.0,Credit Card,Male,3.0,5,Laptop & Accessory,3,Single,11,0,12.0,2.0,2.0,5.0,183.69,2,3,4,9,Loyal
53864,0,10.0,Mobile,1,12.0,Debit Card,Female,3.0,4,Fashion,5,Married,6,0,13.0,2.0,2.0,3.0,205.08,3,4,4,11,Champions
53865,0,1.0,Computer,1,9.0,Debit Card,Male,4.0,2,Laptop & Accessory,3,Married,3,0,18.0,1.0,2.0,8.0,177.06,1,3,4,8,Loyal
53866,0,13.0,Mobile,1,19.0,Credit Card,Male,4.0,4,Laptop & Accessory,4,Married,6,0,22.0,2.0,2.0,1.0,177.95,5,3,4,12,Loyal
53867,0,23.0,Mobile,1,29.0,UPI,Female,4.0,4,Grocery,4,Married,5,0,17.0,,2.0,3.0,289.13,3,4,5,12,Champions
53868,0,24.0,Mobile,1,24.0,Debit Card,Female,3.0,5,Fashion,5,Married,7,0,16.0,2.0,,12.0,257.69,1,5,5,11,Champions
53869,0,1.0,Mobile,3,9.0,Credit Card,Female,3.0,4,Mobile Phone,3,Single,3,0,20.0,1.0,3.0,3.0,152.83,3,4,2,9,Hibernating
53870,0,8.0,Mobile,1,10.0,Debit Card,Female,4.0,4,Laptop & Accessory,4,Married,3,0,13.0,8.0,8.0,10.0,179.33,1,5,4,10,Champions
53871,0,10.0,Mobile,1,14.0,Debit Card,Male,4.0,4,Mobile Phone,4,Single,4,0,12.0,1.0,2.0,4.0,145.13,3,2,2,7,Hibernating
53872,0,23.0,Mobile,1,13.0,Debit Card,Female,3.0,5,Grocery,3,Married,4,1,20.0,,3.0,13.0,264.66,1,4,5,10,Champions
53873,0,10.0,Computer,1,7.0,Credit Card,Female,3.0,5,Laptop & Accessory,3,Married,2,0,16.0,2.0,2.0,3.0,168.74,3,3,3,9,Loyal
53874,0,10.0,Mobile,1,10.0,Debit Card,Male,4.0,2,Laptop & Accessory,5,Married,8,0,21.0,2.0,2.0,5.0,193.42,2,3,4,9,Loyal
53875,0,28.0,Mobile,1,29.0,Credit Card,Female,4.0,4,Grocery,3,Married,5,0,,3.0,5.0,8.0,299.26,1,5,5,11,Champions
53876,0,17.0,Mobile,1,22.0,Debit Card,Male,4.0,5,Grocery,3,Married,3,0,,5.0,7.0,12.0,301.03,1,5,5,11,Champions
53877,1,1.0,Computer,3,19.0,UPI,Male,3.0,4,Laptop & Accessory,1,Single,5,1,25.0,4.0,7.0,8.0,170.81,1,5,3,9,Loyal
53878,0,12.0,Computer,1,7.0,Debit Card,Male,3.0,4,Laptop & Accessory,1,Married,9,0,16.0,3.0,3.0,10.0,172.35,1,4,3,8,Loyal
53879,0,3.0,Mobile,3,12.0,Credit Card,Male,3.0,5,Laptop & Accessory,4,Married,3,1,14.0,1.0,2.0,10.0,166.87,1,3,3,7,Loyal
53880,0,7.0,Mobile,3,9.0,Credit Card,Male,4.0,4,Laptop & Accessory,1,Married,3,0,15.0,2.0,2.0,5.0,180.05,2,3,4,9,Loyal
53881,0,6.0,Mobile,1,9.0,Credit Card,Male,3.0,4,Laptop & Accessory,4,Married,2,0,14.0,1.0,2.0,7.0,179.7,2,3,4,9,Loyal
53882,0,5.0,Mobile,3,12.0,Debit Card,Female,4.0,4,Laptop & Accessory,1,Married,3,0,12.0,1.0,2.0,3.0,179.76,3,3,4,10,Loyal
53883,0,23.0,Mobile,1,23.0,Credit Card,Female,4.0,4,Mobile Phone,5,Married,6,1,17.0,2.0,3.0,3.0,150.87,3,4,2,9,Hibernating
53884,0,12.0,Computer,1,9.0,Credit Card,Female,3.0,5,Mobile Phone,4,Single,3,0,23.0,2.0,4.0,4.0,149.4,3,4,2,9,Hibernating
53885,0,21.0,Mobile,3,9.0,Debit Card,Female,3.0,2,Grocery,4,Married,8,0,15.0,,2.0,3.0,284.72,3,4,5,12,Champions
53886,0,23.0,Mobile,1,7.0,Debit Card,Male,3.0,4,Grocery,3,Single,6,0,15.0,,2.0,1.0,278.79,5,4,5,14,Champions
53887,0,15.0,Mobile,3,30.0,Debit Card,Male,4.0,4,Fashion,3,Single,5,1,17.0,1.0,2.0,3.0,195.82,3,4,4,11,Champions
53888,0,1.0,Mobile,3,16.0,Debit Card,Male,3.0,4,Mobile Phone,5,Single,3,0,12.0,1.0,2.0,3.0,152.28,3,3,2,8,Hibernating
53889,0,7.0,Computer,3,23.0,Debit Card,Female,3.0,4,Laptop & Accessory,1,Married,3,1,26.0,1.0,2.0,3.0,178.68,3,3,4,10,Loyal
53890,0,10.0,Mobile,1,33.0,Debit Card,Male,4.0,4,Laptop & Accessory,3,Married,8,0,15.0,2.0,2.0,3.0,178.47,3,3,4,10,Loyal
53891,0,18.0,Mobile,2,7.0,Debit Card,Female,3.0,4,Mobile Phone,1,Married,6,1,19.0,3.0,3.0,3.0,156.95,3,4,3,10,Loyal
53892,1,1.0,Mobile,1,15.0,Credit Card,Male,4.0,5,Mobile Phone,3,Single,3,1,12.0,2.0,2.0,3.0,164.89,3,3,3,9,Loyal
53893,0,12.0,Mobile,1,11.0,Credit Card,Female,3.0,4,Mobile Phone,3,Married,9,0,20.0,1.0,2.0,1.0,158.06,5,3,3,11,Loyal
53894,0,27.0,Mobile,1,31.0,Credit Card,Male,3.0,2,Fashion,1,Married,5,0,16.0,1.0,2.0,3.0,195.05,3,4,4,11,Champions
53895,1,12.0,Computer,3,14.0,Credit Card,Female,4.0,4,Mobile Phone,3,Married,4,1,12.0,5.0,8.0,8.0,151.55,2,5,2,9,At Risk
53896,1,1.0,Mobile,1,9.0,Debit Card,Male,4.0,4,Mobile Phone,4,Single,3,0,13.0,2.0,2.0,1.0,138.93,4,2,1,7,Recent Customers
53897,0,1.0,Computer,1,14.0,Credit Card,Male,4.0,4,Mobile Phone,1,Single,3,0,21.0,6.0,6.0,8.0,150.7,1,5,2,8,At Risk
53898,0,29.0,Mobile,1,29.0,Cash on Delivery,Male,4.0,5,Mobile Phone,4,Married,7,0,13.0,2.0,2.0,3.0,160.37,3,3,3,9,Loyal
53899,0,8.0,Mobile,1,12.0,Credit Card,Male,3.0,5,Laptop & Accessory,1,Married,3,0,15.0,5.0,5.0,14.0,164.86,1,4,3,8,Loyal
53900,0,31.0,Mobile,1,7.0,Credit Card,Male,4.0,6,Fashion,1,Married,5,0,21.0,1.0,,1.0,233.83,5,5,5,15,Champions
53901,0,7.0,Mobile,1,28.0,Credit Card,Male,4.0,2,Mobile Phone,4,Married,3,0,19.0,3.0,3.0,14.0,145.28,1,4,2,7,At Risk
53902,0,11.0,Computer,3,7.0,Credit Card,Male,3.0,6,Laptop & Accessory,1,Married,3,0,15.0,1.0,2.0,,220.25,5,4,5,14,Champions
53903,0,8.0,Mobile,1,26.0,Debit Card,Female,3.0,5,Mobile Phone,1,Married,3,0,13.0,4.0,9.0,8.0,154.29,2,5,3,10,Loyal
53904,1,1.0,Mobile,3,14.0,Debit Card,Male,3.0,4,Mobile Phone,1,Married,3,1,22.0,2.0,2.0,3.0,147.75,3,2,2,7,Hibernating
53905,0,18.0,Mobile,1,9.0,Debit Card,Female,4.0,2,Fashion,1,Married,3,1,20.0,7.0,7.0,8.0,203.79,2,5,4,11,Champions
53906,0,9.0,Computer,1,9.0,Credit Card,Male,4.0,5,Mobile Phone,1,Single,2,1,15.0,2.0,2.0,5.0,174.3,2,3,4,9,Loyal
53907,0,17.0,Mobile,3,9.0,Credit Card,Male,4.0,4,Laptop & Accessory,1,Married,3,1,18.0,1.0,9.0,9.0,203.47,1,5,4,10,Champions
53908,0,1.0,Mobile,1,16.0,Credit Card,Male,4.0,2,Mobile Phone,3,Married,3,0,17.0,1.0,2.0,5.0,169.01,2,3,3,8,Loyal
53909,0,15.0,Mobile,3,13.0,E wallet,Male,3.0,4,Fashion,3,Single,3,0,13.0,7.0,9.0,,217.41,5,5,5,15,Champions
53910,0,3.0,Mobile,1,16.0,Credit Card,Female,3.0,4,Mobile Phone,3,Married,11,0,18.0,2.0,2.0,3.0,154.74,3,3,3,9,Loyal
53911,0,10.0,Mobile,3,9.0,Debit Card,Female,3.0,4,Laptop & Accessory,1,Single,5,0,16.0,4.0,7.0,8.0,170.02,1,5,3,9,Loyal
53912,0,19.0,Computer,1,7.0,Debit Card,Male,4.0,5,Fashion,3,Married,5,0,24.0,4.0,,5.0,232.48,2,5,5,12,Champions
53913,1,1.0,Mobile,2,29.0,UPI,Male,3.0,6,Mobile Phone,3,Married,3,0,12.0,1.0,2.0,1.0,140.55,4,2,1,7,Recent Customers
53914,1,11.0,Computer,3,16.0,Debit Card,Male,3.0,6,Grocery,3,Married,9,0,12.0,2.0,,11.0,254.36,1,5,5,11,Champions
53915,0,1.0,Mobile,1,24.0,Credit Card,Male,4.0,6,Mobile Phone,3,Married,3,0,16.0,1.0,2.0,3.0,148.05,3,2,2,7,Hibernating
53916,0,19.0,Mobile,1,35.0,Cash on Delivery,Female,3.0,5,Grocery,4,Single,3,0,,4.0,9.0,7.0,292.04,2,5,5,12,Champions
53917,0,6.0,Computer,1,17.0,Debit Card,Male,3.0,4,Mobile Phone,3,Married,8,0,14.0,1.0,2.0,4.0,159.33,3,3,3,9,Loyal
53918,0,5.0,Mobile,1,9.0,Debit Card,Male,4.0,4,Mobile Phone,3,Married,3,0,15.0,1.0,2.0,4.0,159.77,3,3,3,9,Loyal
53919,0,15.0,Computer,2,11.0,UPI,Male,3.0,6,Laptop & Accessory,4,Married,8,0,20.0,1.0,2.0,3.0,189.3,3,3,4,10,Loyal
53920,0,14.0,Mobile,1,15.0,Debit Card,Female,4.0,4,Laptop & Accessory,5,Married,4,1,17.0,1.0,2.0,1.0,190.16,5,3,4,12,Loyal
53921,0,1.0,Mobile,1,36.0,Credit Card,Male,4.0,4,Mobile Phone,5,Married,3,0,14.0,2.0,2.0,3.0,164.07,3,3,3,9,Loyal
53922,0,20.0,Mobile,1,20.0,Debit Card,Male,3.0,4,Laptop & Accessory,4,Single,8,0,15.0,2.0,2.0,10.0,180.62,1,3,4,8,Loyal
53923,0,9.0,Mobile,1,34.0,Debit Card,Male,3.0,4,Laptop & Accessory,3,Married,4,0,17.0,1.0,2.0,8.0,193.83,1,4,4,9,Champions
53924,0,4.0,Mobile,1,23.0,Debit Card,Male,3.0,4,Mobile Phone,1,Married,3,0,13.0,1.0,2.0,9.0,153.62,1,3,2,6,At Risk
53925,0,21.0,Computer,3,9.0,E wallet,Male,3.0,4,Laptop & Accessory,4,Married,9,0,12.0,1.0,2.0,1.0,174.78,5,3,4,12,Loyal
53926,0,20.0,Mobile,3,9.0,Debit Card,Male,4.0,4,Fashion,1,Married,6,1,13.0,1.0,2.0,,228.68,5,4,5,14,Champions
53927,1,1.0,Mobile,3,20.0,E wallet,Male,4.0,5,Laptop & Accessory,5,Married,7,1,14.0,3.0,3.0,3.0,186.34,3,4,4,11,Champions
53928,1,1.0,Mobile,3,7.0,Debit Card,Male,3.0,6,Laptop & Accessory,4,Single,8,0,16.0,1.0,2.0,1.0,192.35,5,3,4,12,Loyal
53929,0,1.0,Mobile,1,11.0,Credit Card,Female,3.0,4,Mobile Phone,4,Single,3,0,14.0,2.0,2.0,3.0,157.95,3,3,3,9,Loyal
53930,0,5.0,Computer,1,31.0,Cash on Delivery,Female,2.0,4,Laptop & Accessory,1,Single,4,0,21.0,2.0,2.0,5.0,177.38,2,3,4,9,Loyal
53931,0,13.0,Computer,1,7.0,Debit Card,Male,4.0,4,Laptop & Accessory,1,Married,3,1,16.0,4.0,6.0,9.0,189.72,1,5,4,10,Champions
53932,0,6.0,Mobile,3,26.0,Debit Card,Male,4.0,6,Fashion,3,Married,5,0,14.0,2.0,2.0,,221.1,5,4,5,14,Champions
53933,0,14.0,Mobile,3,14.0,Credit Card,Male,3.0,4,Others,4,Single,3,0,,2.0,13.0,9.0,323.33,1,5,5,11,Champions
53934,0,19.0,Mobile,2,11.0,Debit Card,Female,3.0,6,Fashion,3,Married,6,0,22.0,2.0,2.0,,222.56,5,4,5,14,Champions
53935,0,4.0,Computer,1,9.0,Cash on Delivery,Female,4.0,5,Mobile Phone,5,Single,2,0,17.0,1.0,2.0,8.0,174.68,1,3,4,8,Loyal
53936,0,1.0,Computer,2,17.0,Credit Card,Male,3.0,4,Mobile Phone,1,Married,2,0,15.0,2.0,3.0,2.0,146.45,4,4,2,10,Hibernating
53937,1,1.0,Computer,2,15.0,UPI,Female,4.0,5,Mobile Phone,1,Married,8,0,12.0,2.0,2.0,3.0,146.8,3,2,2,7,Hibernating
53938,0,5.0,Mobile,3,12.0,Cash on Delivery,Male,3.0,4,Laptop & Accessory,3,Married,3,0,20.0,1.0,2.0,3.0,208.46,3,4,4,11,Champions
53939,0,1.0,Mobile,1,15.0,Credit Card,Female,4.0,4,Mobile Phone,1,Single,3,0,12.0,2.0,2.0,5.0,159.45,2,3,3,8,Loyal
53940,1,1.0,Mobile,3,16.0,E wallet,Female,3.0,6,Mobile Phone,4,Single,3,0,14.0,2.0,3.0,3.0,152.6,3,4,2,9,Hibernating
53941,0,3.0,Computer,1,7.0,Debit Card,Male,4.0,2,Laptop & Accessory,3,Single,10,1,13.0,1.0,2.0,3.0,187.94,3,3,4,10,Loyal
53942,0,4.0,Mobile,3,22.0,E wallet,Male,4.0,5,Fashion,5,Married,4,0,12.0,1.0,2.0,8.0,196.4,1,4,4,9,Champions
53943,0,8.0,Mobile,1,9.0,Credit Card,Male,4.0,2,Mobile Phone,1,Married,2,1,15.0,1.0,2.0,3.0,154.32,3,3,3,9,Loyal
53944,0,7.0,Computer,3,9.0,E wallet,Female,4.0,4,Laptop & Accessory,4,Single,10,0,16.0,1.0,2.0,8.0,176.47,1,3,4,8,Loyal
53945,0,23.0,Mobile,3,18.0,E wallet,Female,4.0,4,Laptop & Accessory,1,Single,5,0,13.0,1.0,2.0,5.0,170.07,2,3,3,8,Loyal
53946,1,1.0,Mobile,3,23.0,Debit Card,Female,4.0,4,Fashion,5,Single,4,1,21.0,1.0,2.0,,210.64,5,4,5,14,Champions
53947,0,12.0,Computer,1,9.0,Credit Card,Female,4.0,5,Mobile Phone,4,Married,6,0,15.0,1.0,2.0,6.0,149.68,2,3,2,7,At Risk
53948,1,1.0,Mobile,3,23.0,E wallet,Male,4.0,4,Fashion,3,Married,4,0,14.0,2.0,2.0,1.0,206.61,5,4,4,13,Champions
53949,0,3.0,Mobile,1,11.0,Cash on Delivery,Female,4.0,5,Mobile Phone,5,Married,3,0,14.0,1.0,2.0,1.0,146.09,4,2,2,8,Recent Customers
53950,0,1.0,Mobile,1,23.0,Debit Card,Male,3.0,2,Laptop & Accessory,3,Married,5,0,17.0,2.0,2.0,8.0,177.94,1,3,4,8,Loyal
53951,0,6.0,Computer,1,12.0,Cash on Delivery,Male,4.0,4,Mobile Phone,4,Single,4,0,15.0,2.0,2.0,8.0,152.18,1,3,2,6,At Risk
53952,0,12.0,Mobile,1,25.0,Credit Card,Male,3.0,6,Laptop & Accessory,1,Married,5,1,17.0,1.0,2.0,1.0,183.11,5,3,4,12,Loyal
53953,1,7.0,Computer,1,24.0,Cash on Delivery,Male,3.0,5,Mobile Phone,3,Married,11,1,17.0,2.0,2.0,1.0,149.37,4,3,2,9,Hibernating
53954,0,16.0,Mobile,1,19.0,Credit Card,Male,3.0,4,Mobile Phone,4,Married,10,0,23.0,2.0,2.0,5.0,152.66,2,3,2,7,At Risk
53955,0,29.0,Mobile,1,9.0,Credit Card,Male,3.0,5,Others,5,Married,10,0,,1.0,2.0,1.0,315.38,5,4,5,14,Champions
53956,0,7.0,Computer,1,11.0,Cash on Delivery,Male,3.0,4,Laptop & Accessory,4,Married,7,0,16.0,1.0,2.0,8.0,155.55,1,3,3,7,Loyal
53957,0,15.0,Mobile,1,16.0,Debit Card,Male,4.0,4,Mobile Phone,5,Married,3,0,21.0,2.0,2.0,5.0,147.89,2,2,2,6,Hibernating
53958,0,8.0,Computer,3,17.0,Debit Card,Male,3.0,4,Laptop & Accessory,3,Married,3,1,15.0,2.0,2.0,8.0,165.01,1,3,3,7,Loyal
53959,0,27.0,Computer,1,7.0,Credit Card,Female,3.0,5,Grocery,3,Married,6,1,21.0,1.0,,3.0,254.65,4,5,5,14,Champions
53960,0,17.0,Mobile,2,9.0,Debit Card,Male,4.0,4,Mobile Phone,1,Single,2,0,14.0,1.0,2.0,9.0,160.39,1,3,3,7,Loyal
53961,0,8.0,Mobile,3,10.0,Debit Card,Female,3.0,6,Laptop & Accessory,1,Single,7,0,13.0,2.0,3.0,3.0,185.29,3,4,4,11,Champions
53962,1,1.0,Mobile,3,14.0,E wallet,Male,3.0,4,Mobile Phone,4,Single,3,0,14.0,2.0,2.0,1.0,151.79,4,3,2,9,Hibernating
53963,0,12.0,Mobile,1,13.0,UPI,Female,3.0,5,Mobile Phone,3,Married,3,0,12.0,1.0,2.0,5.0,162.02,2,3,3,8,Loyal
53964,1,1.0,Mobile,1,15.0,Credit Card,Female,4.0,4,Mobile Phone,5,Married,3,1,18.0,1.0,2.0,1.0,148.98,4,2,2,8,Recent Customers
53965,0,5.0,Mobile,3,36.0,E wallet,Female,4.0,5,Laptop & Accessory,1,Married,3,0,15.0,3.0,6.0,8.0,179.68,1,5,4,10,Champions
53966,0,25.0,Mobile,1,10.0,Cash on Delivery,Female,3.0,4,Fashion,3,Married,4,0,12.0,3.0,,3.0,256.16,4,5,5,14,Champions
53967,0,11.0,Mobile,3,16.0,E wallet,Male,3.0,5,Laptop & Accessory,4,Married,3,0,15.0,1.0,2.0,4.0,166.89,3,3,3,9,Loyal
53968,0,20.0,Mobile,1,9.0,Credit Card,Male,3.0,4,Others,1,Married,9,1,,2.0,3.0,3.0,318.28,3,4,5,12,Champions
53969,0,10.0,Mobile,1,17.0,Debit Card,Male,3.0,4,Fashion,5,Married,9,1,14.0,2.0,6.0,8.0,208.21,1,5,4,10,Champions
53970,1,8.0,Computer,1,7.0,Credit Card,Male,3.0,4,Mobile Phone,4,Married,3,1,13.0,2.0,3.0,4.0,148.42,3,4,2,9,Hibernating
53971,0,11.0,Mobile,2,15.0,UPI,Male,3.0,4,Laptop & Accessory,4,Married,4,0,14.0,5.0,5.0,8.0,165.71,1,4,3,8,Loyal
53972,1,1.0,Mobile,3,34.0,Debit Card,Male,3.0,4,Laptop & Accessory,1,Single,3,1,19.0,1.0,8.0,8.0,183.13,2,5,4,11,Champions
53973,0,7.0,Mobile,1,15.0,Debit Card,Male,3.0,2,Mobile Phone,5,Married,8,0,20.0,7.0,8.0,7.0,156.43,2,5,3,10,Loyal
53974,0,2.0,Mobile,1,7.0,Debit Card,Male,3.0,4,Mobile Phone,1,Married,3,0,12.0,1.0,2.0,4.0,145.44,3,2,2,7,Hibernating
53975,0,13.0,Mobile,1,17.0,Credit Card,Male,4.0,4,Fashion,3,Single,9,0,22.0,3.0,,3.0,259.64,4,5,5,14,Champions
53976,0,20.0,Computer,3,33.0,Debit Card,Male,4.0,5,Laptop & Accessory,4,Single,10,0,16.0,3.0,3.0,3.0,204.91,3,4,4,11,Champions
53977,0,14.0,Mobile,1,9.0,Debit Card,Female,3.0,4,Mobile Phone,5,Married,6,0,18.0,2.0,2.0,3.0,158.77,3,3,3,9,Loyal
53978,0,16.0,Mobile,1,20.0,Credit Card,Male,4.0,2,Laptop & Accessory,5,Married,7,0,19.0,2.0,2.0,1.0,180.38,5,3,4,12,Loyal
53979,0,9.0,Computer,1,9.0,Credit Card,Male,3.0,4,Laptop & Accessory,1,Married,4,0,15.0,1.0,2.0,8.0,182.62,1,3,4,8,Loyal
53980,0,12.0,Computer,2,9.0,UPI,Male,4.0,4,Mobile Phone,4,Married,7,0,14.0,4.0,4.0,9.0,150.92,1,4,2,7,At Risk
53981,1,1.0,Computer,1,16.0,Debit Card,Male,4.0,4,Laptop & Accessory,5,Married,6,0,18.0,1.0,2.0,8.0,178.46,1,3,4,8,Loyal
53982,1,1.0,Mobile,1,17.0,Credit Card,Male,3.0,4,Laptop & Accessory,5,Single,3,0,16.0,1.0,2.0,9.0,167.13,1,3,3,7,Loyal
53983,0,13.0,Computer,3,27.0,Debit Card,Male,3.0,4,Laptop & Accessory,1,Married,4,0,19.0,2.0,3.0,3.0,166.27,3,4,3,10,Loyal
53984,0,17.0,Computer,1,16.0,Debit Card,Male,3.0,4,Mobile Phone,3,Single,6,0,14.0,1.0,2.0,3.0,149.38,3,3,2,8,Hibernating
53985,0,15.0,Mobile,1,12.0,Debit Card,Male,3.0,2,Laptop & Accessory,4,Single,5,0,13.0,2.0,2.0,3.0,193.7,3,4,4,11,Champions
53986,0,15.0,Mobile,3,11.0,E wallet,Female,3.0,4,Fashion,3,Married,2,1,14.0,1.0,14.0,,229.47,5,5,5,15,Champions
53987,0,4.0,Mobile,1,17.0,Credit Card,Female,4.0,4,Fashion,3,Single,11,0,15.0,1.0,2.0,,221.67,5,4,5,14,Champions
53988,1,1.0,Mobile,2,27.0,Credit Card,Female,4.0,4,Mobile Phone,4,Married,2,1,12.0,1.0,2.0,5.0,146.48,2,2,2,6,Hibernating
53989,1,10.0,Mobile,1,28.0,Credit Card,Female,4.0,4,Laptop & Accessory,4,Married,6,0,23.0,2.0,4.0,,214.26,5,4,5,14,Champions
53990,0,14.0,Mobile,1,7.0,Debit Card,Female,3.0,4,Laptop & Accessory,1,Married,6,0,18.0,1.0,2.0,4.0,190.13,3,3,4,10,Loyal
53991,0,8.0,Mobile,3,15.0,Cash on Delivery,Male,4.0,2,Laptop & Accessory,3,Married,3,0,22.0,1.0,5.0,9.0,192.99,1,4,4,9,Champions
53992,0,31.0,Computer,3,9.0,Credit Card,Male,3.0,4,Grocery,4,Married,6,0,23.0,11.0,15.0,15.0,25.0,1,5,1,7,At Risk
53993,0,9.0,Mobile,1,30.0,Credit Card,Male,4.0,6,Mobile Phone,3,Married,2,0,17.0,2.0,2.0,4.0,152.05,3,3,2,8,Hibernating
53994,0,21.0,Mobile,1,11.0,Debit Card,Female,4.0,5,Fashion,4,Married,10,1,13.0,3.0,15.0,,228.33,5,5,5,15,Champions
53995,0,14.0,Mobile,1,19.0,Debit Card,Female,3.0,4,Laptop & Accessory,5,Married,4,0,13.0,8.0,8.0,8.0,169.48,2,5,3,10,Loyal
53996,0,28.0,Mobile,1,14.0,Credit Card,Female,4.0,4,Laptop & Accessory,1,Married,6,0,16.0,2.0,2.0,8.0,193.54,1,3,4,8,Loyal
53997,0,5.0,Computer,3,14.0,E wallet,Female,4.0,4,Fashion,5,Married,4,0,15.0,3.0,3.0,,221.37,5,4,5,14,Champions
53998,0,2.0,Mobile,1,7.0,Credit Card,Female,4.0,4,Mobile Phone,5,Married,3,0,26.0,2.0,2.0,3.0,160.91,3,3,3,9,Loyal
53999,0,12.0,Mobile,3,9.0,E wallet,Female,4.0,6,Laptop & Accessory,1,Married,4,1,21.0,1.0,2.0,4.0,179.05,3,3,4,10,Loyal
54000,0,1.0,Mobile,3,17.0,Credit Card,Male,3.0,4,Laptop & Accessory,1,Single,3,0,14.0,1.0,2.0,3.0,171.84,3,3,3,9,Loyal
54001,0,31.0,Computer,1,22.0,Debit Card,Male,3.0,4,Grocery,3,Married,4,1,15.0,,3.0,3.0,282.87,3,4,5,12,Champions
54002,0,1.0,Computer,1,21.0,Credit Card,Female,3.0,4,Mobile Phone,3,Single,3,0,17.0,2.0,2.0,1.0,140.14,4,2,1,7,Recent Customers
54003,1,1.0,Mobile,2,25.0,UPI,Male,3.0,2,Mobile Phone,5,Married,2,0,18.0,2.0,2.0,1.0,154.56,5,3,3,11,Loyal
54004,1,1.0,Mobile,2,20.0,UPI,Male,3.0,5,Mobile Phone,5,Married,6,1,16.0,2.0,3.0,1.0,148.35,5,4,2,11,Hibernating
54005,0,19.0,Computer,3,9.0,Debit Card,Female,4.0,4,Laptop & Accessory,3,Married,6,0,23.0,4.0,6.0,8.0,176.54,1,5,4,10,Champions
54006,0,10.0,Mobile,1,9.0,UPI,Female,4.0,4,Laptop & Accessory,4,Married,6,1,23.0,1.0,2.0,1.0,194.62,5,4,4,13,Champions
54007,0,17.0,Computer,3,9.0,Debit Card,Male,4.0,4,Laptop & Accessory,1,Married,3,0,21.0,6.0,8.0,8.0,181.75,2,5,4,11,Champions
54008,0,1.0,Computer,1,12.0,Debit Card,Female,3.0,4,Mobile Phone,1,Single,2,1,15.0,2.0,2.0,3.0,148.79,3,2,2,7,Hibernating
54009,0,3.0,Computer,1,27.0,Credit Card,Male,3.0,4,Mobile Phone,1,Married,3,0,14.0,2.0,4.0,11.0,163.12,1,4,3,8,Loyal
54010,0,6.0,Computer,3,17.0,E wallet,Male,4.0,4,Laptop & Accessory,1,Single,10,0,14.0,2.0,2.0,1.0,171.48,5,3,3,11,Loyal
54011,0,16.0,Computer,1,17.0,Cash on Delivery,Male,3.0,4,Mobile Phone,3,Married,5,0,23.0,2.0,4.0,4.0,154.36,3,4,3,10,Loyal
54012,0,21.0,Mobile,1,16.0,Debit Card,Female,4.0,4,Mobile Phone,3,Single,6,0,13.0,2.0,3.0,1.0,146.05,5,4,2,11,Hibernating
54013,0,20.0,Mobile,1,9.0,Debit Card,Male,3.0,4,Fashion,1,Married,5,0,15.0,2.0,5.0,,210.78,5,4,5,14,Champions
54014,0,2.0,Computer,2,7.0,Debit Card,Male,3.0,4,Mobile Phone,1,Married,3,0,16.0,1.0,3.0,3.0,152.06,3,4,2,9,Hibernating
54015,0,3.0,Mobile,1,36.0,Debit Card,Male,4.0,6,Laptop & Accessory,3,Married,10,0,18.0,2.0,2.0,7.0,188.84,2,3,4,9,Loyal
54016,0,16.0,Mobile,1,15.0,Debit Card,Male,3.0,4,Mobile Phone,3,Single,6,0,14.0,2.0,2.0,1.0,164.68,5,3,3,11,Loyal
54017,1,1.0,Mobile,3,9.0,E wallet,Male,3.0,5,Laptop & Accessory,4,Single,9,1,13.0,3.0,3.0,,224.07,5,4,5,14,Champions
54018,0,20.0,Mobile,3,10.0,Cash on Delivery,Female,3.0,2,Grocery,5,Married,4,0,13.0,2.0,,9.0,257.25,1,5,5,11,Champions
54019,0,1.0,Mobile,3,30.0,Credit Card,Female,3.0,5,Laptop & Accessory,3,Married,3,0,22.0,5.0,6.0,9.0,160.4,1,5,3,9,Loyal
54020,0,3.0,Mobile,2,13.0,Credit Card,Male,3.0,5,Mobile Phone,4,Married,3,0,12.0,2.0,2.0,1.0,153.04,5,3,2,10,Hibernating
54021,0,17.0,Mobile,1,13.0,Credit Card,Female,3.0,5,Others,3,Married,9,0,,4.0,7.0,15.0,318.92,1,5,5,11,Champions
54022,0,22.0,Mobile,1,17.0,Debit Card,Male,4.0,5,Others,4,Married,6,0,,4.0,13.0,10.0,321.65,1,5,5,11,Champions
54023,1,1.0,Computer,1,31.0,Debit Card,Male,4.0,5,Mobile Phone,1,Single,3,1,25.0,2.0,2.0,1.0,149.39,4,3,2,9,Hibernating
54024,1,10.0,Mobile,3,17.0,Debit Card,Female,4.0,4,Fashion,4,Married,7,0,22.0,1.0,2.0,8.0,198.14,1,4,4,9,Champions
54025,0,1.0,Computer,1,22.0,Debit Card,Female,4.0,5,Mobile Phone,5,Married,2,0,20.0,8.0,8.0,4.0,172.74,3,5,3,11,Loyal
54026,0,13.0,Mobile,1,26.0,UPI,Male,3.0,4,Laptop & Accessory,1,Married,10,0,15.0,2.0,3.0,3.0,164.02,3,4,3,10,Loyal
54027,0,29.0,Mobile,1,9.0,Cash on Delivery,Male,4.0,5,Mobile Phone,1,Married,10,0,21.0,1.0,2.0,5.0,151.62,2,3,2,7,At Risk
54028,0,2.0,Mobile,3,10.0,Credit Card,Female,4.0,4,Mobile Phone,4,Married,3,0,20.0,2.0,2.0,1.0,153.56,5,3,2,10,Hibernating
54029,1,1.0,Mobile,3,16.0,Credit Card,Male,3.0,4,Mobile Phone,1,Single,3,0,14.0,1.0,2.0,1.0,135.81,4,2,1,7,Recent Customers
54030,1,1.0,Mobile,1,14.0,Debit Card,Male,4.0,4,Mobile Phone,4,Single,3,1,24.0,2.0,2.0,1.0,149.72,4,3,2,9,Hibernating
54031,0,10.0,Mobile,3,17.0,Cash on Delivery,Female,4.0,5,Laptop & Accessory,3,Married,3,1,14.0,2.0,2.0,8.0,181.73,1,3,4,8,Loyal
54032,0,5.0,Mobile,1,27.0,Debit Card,Male,3.0,4,Laptop & Accessory,3,Married,3,0,12.0,1.0,2.0,3.0,166.97,3,3,3,9,Loyal
54033,0,8.0,Mobile,3,11.0,Debit Card,Male,4.0,4,Fashion,1,Married,4,1,14.0,1.0,2.0,,222.13,5,4,5,14,Champions
54034,0,3.0,Mobile,1,14.0,Debit Card,Male,3.0,4,Mobile Phone,5,Single,5,0,15.0,1.0,2.0,3.0,145.62,3,2,2,7,Hibernating
54035,0,11.0,Mobile,1,14.0,Credit Card,Male,4.0,4,Laptop & Accessory,5,Married,7,1,23.0,1.0,2.0,5.0,167.84,2,3,3,8,Loyal
54036,0,9.0,Mobile,1,23.0,UPI,Female,3.0,5,Laptop & Accessory,4,Married,2,1,12.0,2.0,2.0,3.0,172.88,3,3,3,9,Loyal
54037,0,19.0,Mobile,1,32.0,Debit Card,Female,4.0,5,Laptop & Accessory,1,Married,2,0,14.0,1.0,4.0,9.0,184.06,1,4,4,9,Champions
54038,0,10.0,Computer,2,9.0,UPI,Male,4.0,5,Laptop & Accessory,1,Single,3,0,22.0,2.0,2.0,9.0,163.86,1,3,3,7,Loyal
54039,0,14.0,Mobile,1,7.0,Debit Card,Male,4.0,4,Grocery,5,Married,4,0,,10.0,12.0,17.0,293.23,1,5,5,11,Champions
54040,0,1.0,Mobile,1,7.0,Debit Card,Female,3.0,5,Mobile Phone,3,Married,3,1,14.0,1.0,2.0,1.0,154.33,5,3,3,11,Loyal
54041,0,1.0,Mobile,3,9.0,Credit Card,Female,3.0,2,Laptop & Accessory,3,Single,2,0,15.0,1.0,2.0,8.0,190.0,1,3,4,8,Loyal
54042,0,22.0,Computer,1,29.0,Credit Card,Female,3.0,4,Grocery,1,Married,5,0,,1.0,5.0,8.0,296.74,1,5,5,11,Champions
54043,0,18.0,Mobile,1,7.0,Debit Card,Male,4.0,2,Laptop & Accessory,5,Married,4,0,16.0,3.0,3.0,3.0,175.33,3,4,4,11,Champions
54044,1,1.0,Computer,1,23.0,Cash on Delivery,Male,3.0,6,Mobile Phone,5,Married,3,1,24.0,4.0,4.0,1.0,148.07,5,4,2,11,Hibernating
54045,1,20.0,Mobile,1,31.0,Debit Card,Male,4.0,4,Mobile Phone,1,Single,3,0,17.0,1.0,2.0,1.0,150.87,4,3,2,9,Hibernating
54046,0,10.0,Mobile,3,24.0,E wallet,Male,3.0,5,Laptop & Accessory,4,Married,4,0,17.0,2.0,2.0,4.0,180.07,3,3,4,10,Loyal
54047,0,15.0,Mobile,3,15.0,E wallet,Female,3.0,4,Laptop & Accessory,4,Married,7,0,22.0,2.0,2.0,5.0,168.93,2,3,3,8,Loyal
54048,0,16.0,Mobile,1,13.0,Credit Card,Male,3.0,4,Fashion,5,Married,11,0,14.0,4.0,,8.0,258.48,2,5,5,12,Champions
54049,0,5.0,Mobile,3,17.0,Credit Card,Female,3.0,4,Laptop & Accessory,1,Married,4,1,12.0,1.0,2.0,5.0,190.83,2,3,4,9,Loyal
54050,0,8.0,Mobile,3,10.0,Credit Card,Female,4.0,5,Laptop & Accessory,1,Married,5,1,13.0,1.0,2.0,2.0,206.03,4,4,4,12,Champions
54051,0,5.0,Mobile,1,11.0,Credit Card,Female,4.0,2,Mobile Phone,3,Married,10,0,13.0,3.0,3.0,3.0,164.78,3,4,3,10,Loyal
54052,0,1.0,Computer,1,13.0,UPI,Male,4.0,2,Mobile Phone,1,Married,2,0,19.0,3.0,8.0,8.0,150.44,2,5,2,9,At Risk
54053,0,19.0,Computer,1,7.0,Credit Card,Male,3.0,4,Laptop & Accessory,3,Single,6,0,13.0,2.0,2.0,4.0,178.99,3,3,4,10,Loyal
54054,0,7.0,Mobile,3,17.0,E wallet,Male,3.0,4,Laptop & Accessory,3,Single,3,0,15.0,1.0,2.0,10.0,179.87,1,3,4,8,Loyal
54055,0,2.0,Computer,3,7.0,Debit Card,Male,3.0,5,Laptop & Accessory,1,Married,3,1,13.0,1.0,2.0,8.0,193.34,1,3,4,8,Loyal
54056,1,1.0,Computer,3,31.0,Cash on Delivery,Male,3.0,2,Mobile Phone,5,Single,3,0,18.0,2.0,2.0,1.0,135.91,4,2,1,7,Recent Customers
54057,0,13.0,Computer,3,28.0,Debit Card,Female,3.0,6,Laptop & Accessory,3,Married,8,0,20.0,1.0,2.0,3.0,182.36,3,3,4,10,Loyal
54058,0,1.0,Mobile,1,9.0,Cash on Delivery,Male,3.0,4,Mobile Phone,4,Married,3,0,12.0,2.0,2.0,3.0,147.26,3,2,2,7,Hibernating
54059,0,8.0,Computer,1,29.0,UPI,Male,3.0,5,Laptop & Accessory,1,Married,3,1,16.0,4.0,7.0,12.0,182.47,1,5,4,10,Champions
54060,1,1.0,Mobile,3,20.0,E wallet,Female,3.0,4,Laptop & Accessory,3,Single,5,1,12.0,3.0,3.0,,223.54,5,4,5,14,Champions
54061,0,21.0,Computer,1,21.0,Cash on Delivery,Male,4.0,4,Laptop & Accessory,4,Married,10,0,19.0,1.0,2.0,8.0,179.67,1,3,4,8,Loyal
54062,0,30.0,Mobile,3,18.0,E wallet,Female,3.0,5,Laptop & Accessory,5,Married,6,0,17.0,1.0,2.0,1.0,178.8,5,3,4,12,Loyal
54063,0,13.0,Mobile,1,16.0,Credit Card,Male,3.0,4,Laptop & Accessory,5,Married,3,0,26.0,5.0,8.0,10.0,176.51,1,5,4,10,Champions
54064,0,12.0,Computer,1,15.0,Credit Card,Female,3.0,5,Laptop & Accessory,4,Married,3,1,17.0,2.0,2.0,8.0,146.33,1,2,2,5,Hibernating
54065,0,31.0,Mobile,3,28.0,Debit Card,Female,4.0,4,Grocery,1,Married,6,1,,2.0,2.0,1.0,303.75,5,4,5,14,Champions
54066,1,1.0,Computer,1,12.0,Debit Card,Female,3.0,2,Mobile Phone,3,Single,5,1,15.0,1.0,2.0,4.0,149.32,3,2,2,7,Hibernating
54067,0,12.0,Mobile,1,16.0,Debit Card,Male,4.0,4,Mobile Phone,1,Married,4,0,20.0,2.0,2.0,4.0,172.71,3,3,3,9,Loyal
54068,0,23.0,Computer,1,9.0,Debit Card,Male,3.0,4,Others,1,Married,5,0,,3.0,5.0,4.0,316.61,3,5,5,13,Champions
54069,0,16.0,Mobile,3,19.0,E wallet,Male,4.0,4,Laptop & Accessory,1,Married,5,1,13.0,1.0,2.0,1.0,175.87,5,3,4,12,Loyal
54070,1,1.0,Computer,2,29.0,UPI,Female,3.0,5,Mobile Phone,4,Married,3,0,13.0,2.0,2.0,1.0,153.63,5,3,2,10,Hibernating
54071,0,9.0,Mobile,3,25.0,Credit Card,Male,4.0,4,Laptop & Accessory,5,Married,2,0,17.0,1.0,2.0,5.0,25.0,2,2,1,5,Hibernating
54072,0,2.0,Computer,1,23.0,Credit Card,Male,3.0,4,Mobile Phone,3,Single,3,0,15.0,1.0,2.0,5.0,146.44,2,2,2,6,Hibernating
54073,0,5.0,Computer,1,10.0,Credit Card,Male,3.0,4,Mobile Phone,5,Married,3,1,14.0,1.0,3.0,4.0,155.65,3,4,3,10,Loyal
54074,0,10.0,Computer,1,16.0,Debit Card,Male,4.0,2,Mobile Phone,4,Married,3,0,23.0,2.0,2.0,3.0,153.1,3,3,2,8,Hibernating
54075,0,8.0,Mobile,3,7.0,E wallet,Male,3.0,4,Fashion,1,Single,3,0,22.0,2.0,3.0,,223.88,5,4,5,14,Champions
54076,0,8.0,Mobile,3,20.0,Credit Card,Male,3.0,4,Fashion,3,Married,3,0,19.0,2.0,2.0,,211.28,5,4,5,14,Champions
54077,0,1.0,Mobile,1,7.0,Credit Card,Male,4.0,4,Mobile Phone,5,Single,2,0,14.0,4.0,8.0,7.0,153.67,2,5,3,10,Loyal
54078,0,3.0,Mobile,1,7.0,Debit Card,Male,3.0,4,Laptop & Accessory,5,Married,2,0,13.0,2.0,2.0,3.0,178.73,3,3,4,10,Loyal
54079,0,6.0,Computer,1,22.0,Credit Card,Female,3.0,4,Laptop & Accessory,1,Married,7,0,19.0,1.0,2.0,3.0,191.67,3,3,4,10,Loyal
54080,0,5.0,Computer,1,7.0,Debit Card,Male,3.0,6,Laptop & Accessory,5,Married,3,0,22.0,2.0,9.0,8.0,175.03,2,5,4,11,Champions
54081,1,1.0,Mobile,1,24.0,Cash on Delivery,Male,3.0,5,Mobile Phone,1,Married,7,0,13.0,1.0,2.0,4.0,148.67,3,2,2,7,Hibernating
54082,0,12.0,Mobile,3,7.0,Debit Card,Male,3.0,5,Mobile Phone,5,Single,6,0,15.0,1.0,2.0,1.0,153.58,5,3,2,10,Hibernating
54083,0,9.0,Mobile,3,14.0,Debit Card,Female,3.0,4,Laptop & Accessory,1,Married,3,1,12.0,2.0,2.0,10.0,177.04,1,3,4,8,Loyal
54084,0,1.0,Mobile,3,16.0,E wallet,Male,3.0,4,Laptop & Accessory,1,Single,3,0,15.0,1.0,2.0,8.0,166.05,1,3,3,7,Loyal
54085,0,6.0,Mobile,1,12.0,Debit Card,Male,3.0,5,Laptop & Accessory,1,Single,10,0,25.0,1.0,2.0,,221.79,5,4,5,14,Champions
54086,1,1.0,Computer,3,33.0,E wallet,Male,4.0,4,Laptop & Accessory,1,Married,3,1,12.0,1.0,2.0,9.0,181.17,1,3,4,8,Loyal
54087,1,17.0,Mobile,3,31.0,Debit Card,Male,4.0,4,Fashion,5,Single,8,1,14.0,3.0,3.0,,229.48,5,4,5,14,Champions
54088,0,28.0,Mobile,1,16.0,Debit Card,Female,4.0,4,Laptop & Accessory,3,Married,5,0,12.0,1.0,3.0,4.0,153.97,3,4,3,10,Loyal
54089,0,7.0,Computer,1,14.0,Debit Card,Male,3.0,4,Laptop & Accessory,3,Married,3,0,21.0,3.0,3.0,9.0,184.68,1,4,4,9,Champions
54090,0,17.0,Mobile,1,18.0,Debit Card,Male,2.0,4,Fashion,3,Married,3,0,18.0,2.0,2.0,10.0,200.1,1,4,4,9,Champions
54091,0,12.0,Computer,2,7.0,UPI,Male,3.0,4,Mobile Phone,4,Married,2,1,12.0,2.0,2.0,3.0,154.91,3,3,3,9,Loyal
54092,0,29.0,Mobile,2,33.0,UPI,Male,4.0,2,Others,4,Married,6,1,,2.0,2.0,5.0,321.36,2,4,5,11,Champions
54093,0,5.0,Mobile,1,9.0,Credit Card,Female,3.0,6,Mobile Phone,1,Married,3,1,12.0,2.0,2.0,1.0,136.29,4,2,1,7,Recent Customers
54094,0,13.0,Mobile,3,22.0,E wallet,Male,4.0,4,Grocery,5,Single,2,0,13.0,5.0,,11.0,258.41,1,5,5,11,Champions
54095,0,16.0,Computer,1,30.0,Debit Card,Male,3.0,5,Laptop & Accessory,3,Single,3,0,13.0,3.0,4.0,8.0,168.32,1,4,3,8,Loyal
54096,0,5.0,Computer,1,17.0,Credit Card,Female,3.0,4,Fashion,3,Married,6,0,21.0,4.0,,9.0,235.31,1,5,5,11,Champions
54097,0,28.0,Mobile,1,17.0,Credit Card,Female,4.0,4,Laptop & Accessory,5,Single,8,1,20.0,1.0,2.0,5.0,169.4,2,3,3,8,Loyal
54098,0,1.0,Mobile,1,7.0,Debit Card,Male,3.0,5,Laptop & Accessory,3,Single,3,0,13.0,2.0,2.0,3.0,171.17,3,3,3,9,Loyal
54099,0,1.0,Mobile,1,19.0,UPI,Male,4.0,4,Mobile Phone,1,Single,3,0,14.0,2.0,2.0,5.0,151.47,2,3,2,7,At Risk
54100,0,14.0,Computer,1,18.0,Cash on Delivery,Female,4.0,4,Laptop & Accessory,3,Married,3,0,12.0,3.0,10.0,5.0,188.23,2,5,4,11,Champions
54101,0,14.0,Mobile,3,9.0,E wallet,Female,4.0,4,Laptop & Accessory,4,Married,5,0,15.0,2.0,6.0,11.0,181.77,1,5,4,10,Champions
54102,0,1.0,Mobile,2,9.0,UPI,Female,3.0,4,Mobile Phone,4,Married,6,0,15.0,1.0,2.0,3.0,146.87,3,2,2,7,Hibernating
54103,0,4.0,Mobile,1,7.0,Credit Card,Male,4.0,4,Mobile Phone,4,Married,3,0,14.0,1.0,2.0,8.0,162.48,1,3,3,7,Loyal
54104,0,1.0,Mobile,1,9.0,UPI,Male,3.0,4,Mobile Phone,3,Married,8,1,20.0,1.0,2.0,3.0,164.77,3,3,3,9,Loyal
54105,0,21.0,Mobile,1,32.0,Credit Card,Male,3.0,4,Fashion,3,Single,4,0,24.0,2.0,13.0,,211.33,5,5,5,15,Champions
54106,0,7.0,Computer,1,7.0,Credit Card,Male,3.0,5,Mobile Phone,3,Married,3,0,13.0,1.0,2.0,1.0,145.08,4,2,2,8,Recent Customers
54107,0,12.0,Mobile,3,7.0,Debit Card,Male,3.0,4,Laptop & Accessory,4,Married,2,0,16.0,5.0,6.0,9.0,169.4,1,5,3,9,Loyal
54108,0,5.0,Mobile,3,9.0,Debit Card,Male,3.0,4,Mobile Phone,3,Married,2,0,20.0,2.0,2.0,3.0,155.67,3,3,3,9,Loyal
54109,0,12.0,Computer,1,13.0,Debit Card,Male,4.0,5,Laptop & Accessory,3,Married,4,0,12.0,3.0,8.0,8.0,178.21,2,5,4,11,Champions
54110,0,16.0,Mobile,1,25.0,Debit Card,Male,3.0,4,Laptop & Accessory,5,Married,8,1,18.0,1.0,2.0,3.0,179.1,3,3,4,10,Loyal
54111,0,15.0,Mobile,1,7.0,Debit Card,Male,4.0,4,Mobile Phone,1,Married,5,0,23.0,1.0,2.0,1.0,152.82,5,3,2,10,Hibernating
54112,0,21.0,Computer,1,7.0,Credit Card,Female,4.0,4,Fashion,4,Married,2,0,19.0,1.0,,13.0,244.57,1,5,5,11,Champions
54113,0,9.0,Mobile,1,18.0,Credit Card,Male,3.0,4,Mobile Phone,3,Married,9,1,12.0,1.0,3.0,3.0,151.6,3,4,2,9,Hibernating
54114,0,1.0,Mobile,1,7.0,Debit Card,Male,4.0,4,Mobile Phone,3,Single,2,0,13.0,1.0,2.0,3.0,158.75,3,3,3,9,Loyal
54115,0,9.0,Mobile,1,16.0,Credit Card,Male,3.0,4,Laptop & Accessory,3,Single,3,0,20.0,1.0,2.0,9.0,175.98,1,3,4,8,Loyal
54116,0,7.0,Mobile,1,22.0,Credit Card,Female,4.0,4,Laptop & Accessory,1,Married,2,1,14.0,6.0,9.0,2.0,37.0,4,5,1,10,Hibernating
54117,0,6.0,Mobile,1,36.0,Debit Card,Female,3.0,5,Mobile Phone,4,Single,3,0,14.0,4.0,5.0,2.0,153.37,4,4,2,10,Hibernating
54118,0,14.0,Mobile,1,7.0,Debit Card,Male,3.0,4,Mobile Phone,1,Married,10,0,20.0,1.0,2.0,1.0,149.06,4,2,2,8,Recent Customers
54119,0,6.0,Mobile,3,7.0,Credit Card,Male,4.0,5,Mobile Phone,4,Married,2,0,15.0,1.0,3.0,3.0,147.69,3,4,2,9,Hibernating
54120,0,13.0,Mobile,1,31.0,Debit Card,Male,3.0,4,Laptop & Accessory,1,Single,9,0,14.0,2.0,2.0,8.0,166.08,1,3,3,7,Loyal
54121,0,12.0,Mobile,1,17.0,Credit Card,Female,3.0,6,Fashion,3,Married,5,0,13.0,2.0,,12.0,257.06,1,5,5,11,Champions
54122,0,6.0,Mobile,3,7.0,E wallet,Female,3.0,4,Fashion,1,Married,3,0,20.0,4.0,6.0,,229.22,5,5,5,15,Champions
54123,0,11.0,Mobile,1,17.0,Debit Card,Female,3.0,2,Fashion,1,Married,3,1,26.0,,7.0,9.0,262.44,1,5,5,11,Champions
54124,0,1.0,Mobile,3,15.0,UPI,Female,3.0,4,Laptop & Accessory,3,Married,2,1,23.0,2.0,2.0,5.0,174.07,2,3,4,9,Loyal
54125,0,26.0,Computer,3,127.0,Debit Card,Male,3.0,4,Mobile Phone,1,Married,4,0,16.0,2.0,2.0,1.0,159.82,5,3,3,11,Loyal
54126,0,18.0,Mobile,1,7.0,Credit Card,Male,3.0,4,Mobile Phone,1,Single,8,1,13.0,1.0,2.0,3.0,149.36,3,2,2,7,Hibernating
54127,0,1.0,Mobile,3,12.0,Credit Card,Male,3.0,4,Mobile Phone,5,Single,3,1,12.0,2.0,2.0,3.0,148.8,3,2,2,7,Hibernating
54128,0,13.0,Computer,1,16.0,Debit Card,Male,3.0,4,Others,1,Single,4,0,,1.0,2.0,4.0,319.31,3,4,5,12,Champions
54129,1,1.0,Computer,3,16.0,E wallet,Male,3.0,4,Mobile Phone,5,Married,3,0,20.0,2.0,2.0,1.0,142.9,4,2,2,8,Recent Customers
54130,0,10.0,Mobile,3,10.0,Credit Card,Female,4.0,5,Fashion,1,Married,2,0,20.0,4.0,4.0,5.0,201.44,2,4,4,10,Champions
54131,0,10.0,Computer,1,11.0,Debit Card,Female,4.0,4,Laptop & Accessory,4,Married,9,0,14.0,2.0,2.0,3.0,176.31,3,3,4,10,Loyal
54132,0,30.0,Computer,1,7.0,Debit Card,Male,3.0,4,Laptop & Accessory,3,Married,3,0,22.0,1.0,2.0,10.0,188.06,1,3,4,8,Loyal
54133,1,1.0,Mobile,1,7.0,Credit Card,Male,3.0,4,Mobile Phone,1,Married,11,1,15.0,3.0,3.0,3.0,172.87,3,4,3,10,Loyal
54134,0,16.0,Mobile,1,9.0,Debit Card,Male,3.0,4,Others,3,Married,7,0,,2.0,5.0,15.0,313.8,1,5,5,11,Champions
54135,1,20.0,Mobile,1,14.0,Cash on Delivery,Male,4.0,4,Mobile Phone,3,Married,10,0,12.0,7.0,10.0,9.0,148.39,1,5,2,8,At Risk
54136,0,15.0,Mobile,1,35.0,Debit Card,Female,3.0,5,Grocery,4,Married,2,0,24.0,2.0,,11.0,260.7,1,5,5,11,Champions
54137,0,8.0,Mobile,3,35.0,E wallet,Female,4.0,5,Laptop & Accessory,3,Married,3,0,22.0,2.0,2.0,8.0,192.12,1,3,4,8,Loyal
54138,0,10.0,Computer,3,22.0,E wallet,Male,3.0,6,Laptop & Accessory,1,Married,3,0,25.0,5.0,12.0,12.0,179.06,1,5,4,10,Champions
54139,0,15.0,Mobile,3,10.0,Debit Card,Male,3.0,5,Laptop & Accessory,4,Married,4,0,12.0,1.0,2.0,,214.38,5,4,5,14,Champions
54140,0,6.0,Mobile,1,9.0,Cash on Delivery,Male,4.0,4,Mobile Phone,5,Single,3,0,15.0,2.0,2.0,3.0,149.39,3,3,2,8,Hibernating
54141,0,9.0,Mobile,2,33.0,Debit Card,Female,3.0,4,Fashion,1,Single,3,1,17.0,2.0,2.0,,213.37,5,4,5,14,Champions
54142,0,12.0,Mobile,3,17.0,Debit Card,Female,4.0,4,Laptop & Accessory,1,Married,3,0,12.0,1.0,2.0,10.0,178.43,1,3,4,8,Loyal
54143,1,14.0,Computer,3,7.0,Debit Card,Male,4.0,4,Laptop & Accessory,3,Married,9,0,13.0,2.0,2.0,2.0,192.28,4,3,4,11,Loyal
54144,0,10.0,Mobile,3,18.0,E wallet,Female,4.0,5,Laptop & Accessory,1,Married,6,0,14.0,2.0,2.0,1.0,191.52,5,3,4,12,Loyal
54145,0,19.0,Mobile,3,27.0,Debit Card,Female,3.0,4,Laptop & Accessory,3,Single,10,0,16.0,2.0,2.0,2.0,173.5,4,3,4,11,Loyal
54146,0,14.0,Mobile,1,9.0,Debit Card,Male,3.0,5,Mobile Phone,3,Single,4,0,15.0,1.0,3.0,3.0,153.09,3,4,2,9,Hibernating
54147,0,9.0,Computer,1,25.0,Debit Card,Male,4.0,4,Laptop & Accessory,3,Married,3,1,15.0,2.0,2.0,3.0,181.89,3,3,4,10,Loyal
54148,0,14.0,Mobile,1,9.0,Credit Card,Female,4.0,4,Mobile Phone,3,Married,4,0,15.0,2.0,2.0,3.0,145.01,3,2,2,7,Hibernating
54149,0,9.0,Mobile,1,7.0,Debit Card,Female,4.0,6,Mobile Phone,1,Married,3,0,13.0,1.0,2.0,2.0,154.77,4,3,3,10,Loyal
54150,0,3.0,Mobile,1,20.0,UPI,Male,3.0,5,Laptop & Accessory,4,Married,6,1,14.0,2.0,2.0,4.0,165.25,3,3,3,9,Loyal
54151,0,3.0,Mobile,1,35.0,Credit Card,Female,4.0,5,Mobile Phone,5,Single,3,0,15.0,1.0,2.0,5.0,162.85,2,3,3,8,Loyal
54152,1,14.0,Mobile,3,35.0,E wallet,Male,3.0,5,Fashion,5,Married,6,1,14.0,1.0,,1.0,233.54,5,5,5,15,Champions
54153,0,13.0,Mobile,3,31.0,E wallet,Female,3.0,5,Grocery,1,Married,2,0,12.0,2.0,,7.0,245.31,2,5,5,12,Champions
54154,0,5.0,Computer,1,12.0,Credit Card,Male,4.0,4,Laptop & Accessory,5,Single,2,0,20.0,1.0,2.0,,224.36,5,4,5,14,Champions
54155,0,1.0,Mobile,3,12.0,UPI,Female,2.0,5,Mobile Phone,3,Single,2,0,19.0,1.0,2.0,1.0,154.66,5,3,3,11,Loyal
54156,0,10.0,Computer,1,30.0,Credit Card,Male,3.0,2,Laptop & Accessory,1,Married,6,0,18.0,1.0,2.0,4.0,150.71,3,3,2,8,Hibernating
54157,0,13.0,Mobile,1,13.0,Credit Card,Male,3.0,5,Fashion,5,Married,6,0,16.0,2.0,2.0,,224.91,5,4,5,14,Champions
54158,0,1.0,Mobile,1,11.0,Debit Card,Male,3.0,2,Laptop & Accessory,4,Married,3,1,21.0,2.0,2.0,4.0,186.42,3,3,4,10,Loyal
54159,0,23.0,Computer,3,9.0,Credit Card,Male,4.0,5,Laptop & Accessory,4,Married,4,0,15.0,2.0,2.0,9.0,178.9,1,3,4,8,Loyal
54160,0,8.0,Mobile,1,15.0,Credit Card,Male,3.0,2,Laptop & Accessory,3,Married,4,0,13.0,1.0,2.0,3.0,169.04,3,3,3,9,Loyal
54161,1,5.0,Mobile,3,7.0,Debit Card,Female,4.0,4,Laptop & Accessory,1,Single,10,1,12.0,1.0,2.0,6.0,184.93,2,3,4,9,Loyal
54162,0,23.0,Computer,1,15.0,Debit Card,Male,4.0,5,Laptop & Accessory,4,Married,3,0,24.0,1.0,2.0,8.0,176.3,1,3,4,8,Loyal
54163,1,1.0,Mobile,1,9.0,UPI,Male,4.0,5,Mobile Phone,3,Single,8,1,16.0,1.0,2.0,1.0,145.9,4,2,2,8,Recent Customers
54164,0,7.0,Computer,1,10.0,Debit Card,Female,3.0,4,Mobile Phone,3,Married,3,1,12.0,3.0,4.0,1.0,154.09,5,4,3,12,Loyal
54165,0,1.0,Mobile,1,9.0,Credit Card,Male,3.0,4,Mobile Phone,4,Married,11,0,13.0,2.0,3.0,3.0,159.68,3,4,3,10,Loyal
54166,0,6.0,Computer,1,9.0,Debit Card,Male,4.0,4,Mobile Phone,1,Single,2,0,14.0,2.0,4.0,7.0,155.68,2,4,3,9,Loyal
54167,0,31.0,Mobile,1,10.0,Credit Card,Female,3.0,2,Mobile Phone,5,Married,6,1,21.0,1.0,2.0,1.0,151.7,4,3,2,9,Hibernating
54168,0,4.0,Mobile,1,31.0,Debit Card,Male,4.0,4,Mobile Phone,3,Married,3,0,23.0,2.0,2.0,1.0,151.93,5,3,2,10,Hibernating
54169,0,12.0,Computer,1,30.0,Debit Card,Male,3.0,5,Fashion,3,Single,2,0,22.0,2.0,2.0,,220.26,5,4,5,14,Champions
54170,0,10.0,Mobile,1,34.0,Credit Card,Male,4.0,4,Laptop & Accessory,3,Married,8,0,14.0,1.0,8.0,8.0,177.37,2,5,4,11,Champions
54171,0,9.0,Mobile,1,23.0,Credit Card,Male,3.0,2,Mobile Phone,4,Married,2,0,14.0,2.0,2.0,4.0,149.26,3,2,2,7,Hibernating
54172,0,3.0,Mobile,1,22.0,Debit Card,Female,3.0,5,Laptop & Accessory,3,Single,2,1,13.0,2.0,2.0,9.0,166.93,1,3,3,7,Loyal
54173,0,5.0,Mobile,1,33.0,Debit Card,Male,3.0,4,Mobile Phone,3,Married,3,0,18.0,4.0,5.0,4.0,154.11,3,4,3,10,Loyal
54174,0,8.0,Mobile,1,26.0,Credit Card,Male,4.0,4,Mobile Phone,1,Married,2,0,12.0,1.0,2.0,3.0,151.61,3,3,2,8,Hibernating
54175,1,1.0,Mobile,1,31.0,Debit Card,Male,3.0,5,Mobile Phone,3,Single,7,1,15.0,1.0,2.0,4.0,145.28,3,2,2,7,Hibernating
54176,0,3.0,Mobile,1,28.0,Debit Card,Female,3.0,2,Fashion,5,Married,3,0,12.0,7.0,9.0,,224.8,5,5,5,15,Champions
54177,0,6.0,Mobile,1,12.0,Debit Card,Male,4.0,2,Mobile Phone,4,Married,2,1,13.0,2.0,2.0,6.0,157.98,2,3,3,8,Loyal
54178,0,1.0,Computer,1,23.0,Credit Card,Male,4.0,2,Mobile Phone,1,Married,3,1,14.0,1.0,2.0,1.0,154.35,5,3,3,11,Loyal
54179,0,27.0,Mobile,3,9.0,Debit Card,Female,4.0,5,Grocery,1,Married,4,0,17.0,,4.0,8.0,279.27,1,4,5,10,Champions
54180,0,12.0,Mobile,1,9.0,Debit Card,Male,3.0,4,Mobile Phone,1,Single,7,1,12.0,1.0,2.0,3.0,164.44,3,3,3,9,Loyal
54181,0,1.0,Computer,1,18.0,UPI,Female,4.0,2,Laptop & Accessory,3,Married,2,0,19.0,1.0,2.0,4.0,165.11,3,3,3,9,Loyal
54182,1,1.0,Mobile,3,16.0,Debit Card,Male,3.0,5,Mobile Phone,5,Single,9,0,24.0,1.0,2.0,4.0,159.07,3,3,3,9,Loyal
54183,0,8.0,Mobile,1,14.0,Debit Card,Female,3.0,4,Fashion,4,Single,2,0,12.0,1.0,,12.0,244.94,1,5,5,11,Champions
54184,0,1.0,Mobile,1,22.0,Debit Card,Male,4.0,4,Mobile Phone,1,Single,3,0,15.0,2.0,2.0,1.0,137.32,4,2,1,7,Recent Customers
54185,1,1.0,Mobile,1,13.0,Credit Card,Male,3.0,4,Mobile Phone,5,Single,4,0,12.0,1.0,2.0,4.0,154.6,3,3,3,9,Loyal
54186,0,27.0,Mobile,1,12.0,UPI,Female,3.0,4,Others,3,Married,6,0,,2.0,5.0,9.0,315.94,1,5,5,11,Champions
54187,1,1.0,Computer,1,23.0,Debit Card,Female,4.0,6,Mobile Phone,5,Single,3,1,23.0,1.0,7.0,8.0,164.19,1,5,3,9,Loyal
54188,0,16.0,Mobile,3,15.0,E wallet,Male,3.0,4,Laptop & Accessory,4,Married,2,0,12.0,3.0,5.0,3.0,193.25,3,4,4,11,Champions
54189,0,18.0,Mobile,1,14.0,Credit Card,Female,3.0,5,Fashion,1,Married,5,0,15.0,1.0,6.0,,227.48,5,5,5,15,Champions
54190,0,20.0,Mobile,3,9.0,E wallet,Female,3.0,4,Others,5,Single,5,0,,3.0,3.0,2.0,314.47,4,4,5,13,Champions
54191,0,7.0,Mobile,1,9.0,Credit Card,Male,4.0,4,Mobile Phone,1,Single,6,0,12.0,1.0,2.0,1.0,149.96,4,3,2,9,Hibernating
54192,0,18.0,Mobile,1,17.0,UPI,Male,3.0,4,Laptop & Accessory,1,Married,4,1,14.0,1.0,2.0,4.0,189.65,3,3,4,10,Loyal
54193,0,4.0,Mobile,1,16.0,Credit Card,Male,3.0,5,Mobile Phone,3,Single,3,0,14.0,1.0,2.0,9.0,147.06,1,2,2,5,Hibernating
54194,1,3.0,Mobile,3,12.0,Cash on Delivery,Male,3.0,4,Laptop & Accessory,1,Married,5,0,15.0,1.0,2.0,1.0,145.86,4,2,2,8,Recent Customers
54195,1,1.0,Mobile,1,7.0,Credit Card,Male,4.0,4,Mobile Phone,1,Married,4,1,17.0,1.0,3.0,1.0,147.93,5,4,2,11,Hibernating
54196,0,17.0,Mobile,1,9.0,Credit Card,Female,4.0,2,Mobile Phone,3,Married,3,0,13.0,2.0,2.0,5.0,151.45,2,3,2,7,At Risk
54197,1,14.0,Mobile,3,10.0,E wallet,Male,3.0,5,Mobile Phone,3,Married,3,1,15.0,2.0,2.0,3.0,151.83,3,3,2,8,Hibernating
54198,0,9.0,Mobile,3,9.0,E wallet,Female,4.0,4,Mobile Phone,1,Married,3,0,14.0,3.0,3.0,3.0,145.14,3,4,2,9,Hibernating
54199,0,10.0,Mobile,1,12.0,Debit Card,Female,3.0,5,Mobile Phone,5,Married,11,1,15.0,2.0,2.0,1.0,159.19,5,3,3,11,Loyal
54200,0,7.0,Computer,3,7.0,Debit Card,Female,3.0,2,Laptop & Accessory,5,Married,4,0,20.0,1.0,2.0,4.0,178.76,3,3,4,10,Loyal
54201,0,9.0,Mobile,1,11.0,UPI,Male,4.0,4,Mobile Phone,1,Married,3,0,13.0,2.0,2.0,1.0,144.51,4,2,2,8,Recent Customers
54202,0,1.0,Mobile,1,9.0,Debit Card,Female,3.0,4,Mobile Phone,5,Married,3,0,14.0,2.0,2.0,1.0,148.41,4,2,2,8,Recent Customers
54203,1,1.0,Mobile,1,32.0,Debit Card,Male,3.0,6,Mobile Phone,3,Single,3,0,13.0,1.0,2.0,2.0,147.93,4,2,2,8,Recent Customers
54204,0,1.0,Computer,3,15.0,Debit Card,Male,3.0,4,Fashion,3,Single,3,0,16.0,2.0,2.0,,212.26,5,4,5,14,Champions
54205,0,4.0,Computer,1,7.0,Credit Card,Female,3.0,4,Laptop & Accessory,1,Single,3,0,24.0,2.0,4.0,8.0,165.11,1,4,3,8,Loyal
54206,1,5.0,Mobile,1,19.0,Cash on Delivery,Female,3.0,4,Others,3,Married,3,0,,2.0,16.0,9.0,320.45,1,5,5,11,Champions
54207,0,8.0,Computer,3,30.0,E wallet,Male,4.0,4,Laptop & Accessory,3,Single,2,0,21.0,1.0,9.0,8.0,170.68,2,5,3,10,Loyal
54208,0,11.0,Mobile,1,26.0,Debit Card,Male,4.0,4,Mobile Phone,4,Married,6,0,22.0,1.0,2.0,1.0,155.22,5,3,3,11,Loyal
54209,0,20.0,Computer,3,12.0,E wallet,Male,4.0,4,Laptop & Accessory,1,Single,6,1,22.0,2.0,2.0,9.0,182.72,1,3,4,8,Loyal
54210,0,9.0,Mobile,1,15.0,Debit Card,Male,3.0,2,Mobile Phone,1,Married,3,0,20.0,2.0,2.0,2.0,147.69,4,2,2,8,Recent Customers
54211,1,12.0,Mobile,1,7.0,Debit Card,Male,4.0,5,Fashion,3,Single,11,1,14.0,1.0,2.0,1.0,178.81,5,3,4,12,Loyal
54212,1,1.0,Mobile,1,12.0,Cash on Delivery,Male,3.0,4,Mobile Phone,3,Single,3,1,14.0,1.0,3.0,3.0,159.41,3,4,3,10,Loyal
54213,0,18.0,Mobile,3,7.0,E wallet,Female,4.0,4,Laptop & Accessory,5,Married,7,1,22.0,2.0,2.0,4.0,179.54,3,3,4,10,Loyal
54214,0,9.0,Computer,1,18.0,Credit Card,Male,4.0,5,Fashion,5,Married,4,1,14.0,2.0,3.0,,223.84,5,4,5,14,Champions
54215,0,1.0,Mobile,3,30.0,E wallet,Female,3.0,5,Laptop & Accessory,1,Married,9,1,20.0,1.0,2.0,1.0,166.57,5,3,3,11,Loyal
54216,0,7.0,Computer,1,30.0,Debit Card,Female,4.0,4,Fashion,1,Single,3,1,13.0,4.0,,13.0,259.58,1,5,5,11,Champions
54217,0,9.0,Computer,3,6.0,Debit Card,Male,4.0,4,Fashion,5,Married,3,0,23.0,1.0,2.0,,215.69,5,4,5,14,Champions
54218,0,9.0,Mobile,1,30.0,Credit Card,Female,2.0,4,Mobile Phone,5,Married,5,1,16.0,1.0,3.0,3.0,165.14,3,4,3,10,Loyal
54219,0,5.0,Mobile,1,14.0,Debit Card,Male,3.0,4,Laptop & Accessory,1,Married,5,0,23.0,1.0,2.0,8.0,184.15,1,3,4,8,Loyal
54220,0,11.0,Mobile,1,7.0,Debit Card,Male,3.0,5,Laptop & Accessory,3,Married,3,0,19.0,1.0,2.0,8.0,184.93,1,3,4,8,Loyal
54221,0,6.0,Mobile,1,7.0,Credit Card,Male,3.0,4,Laptop & Accessory,1,Married,3,1,23.0,6.0,8.0,9.0,186.62,1,5,4,10,Champions
54222,0,12.0,Computer,1,36.0,Debit Card,Female,3.0,4,Laptop & Accessory,1,Single,3,0,12.0,7.0,10.0,10.0,149.06,1,5,2,8,At Risk
54223,0,24.0,Mobile,1,14.0,Credit Card,Female,3.0,5,Others,3,Married,7,1,,5.0,14.0,9.0,312.4,1,5,5,11,Champions
54224,0,31.0,Mobile,3,32.0,Debit Card,Female,5.0,4,Fashion,5,Single,9,0,12.0,7.0,8.0,10.0,201.37,1,5,4,10,Champions
54225,0,10.0,Mobile,1,15.0,Cash on Delivery,Female,3.0,4,Fashion,3,Married,3,0,14.0,8.0,13.0,,225.96,5,5,5,15,Champions
54226,0,29.0,Mobile,1,15.0,Credit Card,Female,3.0,4,Grocery,3,Married,4,1,15.0,,2.0,3.0,272.56,3,4,5,12,Champions
54227,0,10.0,Computer,1,18.0,Debit Card,Male,4.0,5,Laptop & Accessory,4,Single,3,0,14.0,2.0,2.0,4.0,189.99,3,3,4,10,Loyal
54228,0,19.0,Mobile,1,14.0,Debit Card,Male,3.0,4,Fashion,5,Married,4,0,18.0,1.0,2.0,,222.24,5,4,5,14,Champions
54229,0,9.0,Computer,1,7.0,Credit Card,Male,4.0,4,Mobile Phone,5,Married,6,0,14.0,1.0,2.0,3.0,146.94,3,2,2,7,Hibernating
54230,1,1.0,Mobile,1,16.0,Credit Card,Male,4.0,5,Mobile Phone,3,Married,2,1,18.0,2.0,2.0,1.0,158.88,5,3,3,11,Loyal
54231,0,31.0,Computer,3,7.0,Debit Card,Female,3.0,5,Laptop & Accessory,3,Single,9,0,12.0,2.0,2.0,4.0,179.73,3,3,4,10,Loyal
54232,0,3.0,Mobile,1,9.0,Debit Card,Male,4.0,4,Mobile Phone,4,Married,2,0,24.0,2.0,2.0,5.0,152.03,2,3,2,7,At Risk
54233,0,5.0,Mobile,1,7.0,Credit Card,Male,3.0,4,Mobile Phone,4,Single,3,0,18.0,2.0,2.0,1.0,150.01,4,3,2,9,Hibernating
54234,0,6.0,Mobile,1,7.0,Debit Card,Male,4.0,4,Laptop & Accessory,4,Married,3,0,18.0,2.0,2.0,10.0,187.2,1,3,4,8,Loyal
54235,0,10.0,Mobile,1,13.0,Debit Card,Female,3.0,2,Mobile Phone,1,Married,5,0,13.0,1.0,2.0,1.0,155.38,5,3,3,11,Loyal
54236,0,5.0,Mobile,1,15.0,Debit Card,Female,4.0,4,Laptop & Accessory,1,Single,3,0,24.0,2.0,2.0,9.0,169.24,1,3,3,7,Loyal
54237,0,9.0,Mobile,3,7.0,E wallet,Male,3.0,5,Laptop & Accessory,5,Single,2,0,15.0,2.0,3.0,9.0,168.12,1,4,3,8,Loyal
54238,0,19.0,Mobile,1,13.0,UPI,Male,3.0,4,Fashion,5,Married,6,1,15.0,2.0,,1.0,257.45,5,5,5,15,Champions
54239,0,11.0,Mobile,1,14.0,Credit Card,Male,2.0,4,Fashion,3,Single,6,0,14.0,,2.0,3.0,261.64,3,4,5,12,Champions
54240,0,20.0,Mobile,2,12.0,Credit Card,Male,4.0,4,Laptop & Accessory,4,Married,3,1,23.0,2.0,2.0,3.0,175.21,3,3,4,10,Loyal
54241,0,4.0,Mobile,1,7.0,Debit Card,Male,3.0,5,Laptop & Accessory,1,Married,3,1,13.0,2.0,4.0,1.0,176.26,5,4,4,13,Champions
54242,0,9.0,Mobile,1,7.0,Credit Card,Male,2.0,5,Mobile Phone,3,Single,3,0,19.0,2.0,2.0,5.0,153.59,2,3,2,7,At Risk
54243,0,29.0,Mobile,3,7.0,Debit Card,Male,4.0,4,Fashion,1,Married,5,0,15.0,1.0,2.0,,227.39,5,4,5,14,Champions
54244,0,12.0,Computer,1,13.0,Credit Card,Female,4.0,6,Laptop & Accessory,1,Married,9,1,13.0,1.0,2.0,10.0,178.29,1,3,4,8,Loyal
54245,0,8.0,Mobile,1,7.0,Credit Card,Male,4.0,4,Laptop & Accessory,4,Married,3,0,16.0,2.0,2.0,4.0,168.25,3,3,3,9,Loyal
54246,0,30.0,Mobile,1,14.0,Debit Card,Male,3.0,6,Fashion,1,Single,6,0,12.0,1.0,2.0,3.0,197.6,3,4,4,11,Champions
54247,0,1.0,Mobile,3,9.0,Cash on Delivery,Male,4.0,4,Mobile Phone,5,Married,5,0,14.0,2.0,2.0,1.0,148.22,4,2,2,8,Recent Customers
54248,0,25.0,Mobile,1,16.0,Debit Card,Male,4.0,4,Mobile Phone,1,Married,5,0,24.0,2.0,2.0,4.0,145.75,3,2,2,7,Hibernating
54249,0,4.0,Mobile,1,9.0,Debit Card,Male,5.0,5,Laptop & Accessory,1,Married,3,0,20.0,4.0,11.0,9.0,166.52,1,5,3,9,Loyal
54250,1,10.0,Mobile,3,16.0,Credit Card,Male,4.0,5,Fashion,1,Single,3,0,17.0,4.0,5.0,,221.19,5,4,5,14,Champions
54251,0,14.0,Computer,1,7.0,Debit Card,Male,4.0,5,Grocery,4,Married,3,0,23.0,6.0,,12.0,260.03,1,5,5,11,Champions
54252,0,25.0,Mobile,3,28.0,E wallet,Male,4.0,4,Laptop & Accessory,1,Single,2,1,23.0,1.0,2.0,1.0,179.41,5,3,4,12,Loyal
54253,0,4.0,Mobile,3,11.0,Credit Card,Female,4.0,5,Laptop & Accessory,4,Married,3,1,13.0,3.0,3.0,8.0,177.09,1,4,4,9,Champions
54254,0,20.0,Computer,1,7.0,Credit Card,Male,3.0,5,Fashion,5,Married,4,1,14.0,5.0,,6.0,231.73,2,5,5,12,Champions
54255,0,6.0,Mobile,3,13.0,Credit Card,Male,3.0,4,Laptop & Accessory,3,Single,3,0,17.0,6.0,6.0,8.0,175.1,1,5,4,10,Champions
54256,0,28.0,Mobile,1,9.0,Cash on Delivery,Female,3.0,4,Fashion,3,Married,11,0,13.0,1.0,,4.0,260.49,3,5,5,13,Champions
54257,0,1.0,Mobile,3,10.0,UPI,Female,3.0,4,Laptop & Accessory,3,Married,2,0,22.0,1.0,2.0,3.0,174.99,3,3,4,10,Loyal
54258,0,2.0,Computer,3,11.0,Credit Card,Male,3.0,4,Laptop & Accessory,3,Married,3,0,16.0,1.0,2.0,5.0,167.21,2,3,3,8,Loyal
54259,0,31.0,Mobile,3,17.0,Credit Card,Male,3.0,4,Grocery,3,Single,2,0,14.0,,2.0,9.0,263.72,1,4,5,10,Champions
54260,0,18.0,Computer,1,30.0,Credit Card,Male,4.0,4,Laptop & Accessory,4,Married,6,0,13.0,1.0,2.0,3.0,145.42,3,2,2,7,Hibernating
54261,1,1.0,Mobile,2,13.0,UPI,Male,4.0,4,Mobile Phone,5,Married,6,1,23.0,1.0,2.0,3.0,145.73,3,2,2,7,Hibernating
54262,0,6.0,Mobile,1,7.0,Debit Card,Male,4.0,4,Mobile Phone,5,Single,3,0,14.0,1.0,2.0,1.0,154.56,5,3,3,11,Loyal
54263,1,1.0,Computer,1,13.0,Debit Card,Female,4.0,5,Mobile Phone,1,Single,3,1,19.0,1.0,2.0,1.0,154.26,5,3,3,11,Loyal
54264,0,8.0,Mobile,1,13.0,UPI,Female,3.0,4,Laptop & Accessory,3,Single,3,0,15.0,1.0,3.0,11.0,173.09,1,4,4,9,Champions
54265,0,11.0,Computer,1,9.0,Debit Card,Male,4.0,5,Laptop & Accessory,1,Married,7,0,15.0,2.0,2.0,1.0,176.63,5,3,4,12,Loyal
54266,0,31.0,Computer,2,9.0,UPI,Female,3.0,5,Others,1,Married,11,0,,1.0,3.0,3.0,313.44,3,4,5,12,Champions
54267,0,24.0,Computer,1,7.0,Debit Card,Female,4.0,4,Others,4,Married,5,1,,1.0,2.0,8.0,306.72,1,4,5,10,Champions
54268,1,1.0,Mobile,3,12.0,E wallet,Male,3.0,5,Laptop & Accessory,3,Single,3,1,12.0,1.0,2.0,4.0,182.44,3,3,4,10,Loyal
54269,0,1.0,Mobile,1,14.0,Credit Card,Male,4.0,5,Mobile Phone,1,Married,3,0,12.0,1.0,3.0,2.0,153.89,4,4,3,11,Loyal
54270,0,1.0,Mobile,1,22.0,Credit Card,Female,3.0,4,Mobile Phone,1,Single,3,0,16.0,2.0,2.0,1.0,153.71,5,3,3,11,Loyal
54271,0,25.0,Computer,1,7.0,Credit Card,Female,2.0,5,Fashion,5,Single,5,0,21.0,5.0,13.0,9.0,199.84,1,5,4,10,Champions
54272,1,1.0,Computer,1,14.0,Debit Card,Male,4.0,6,Laptop & Accessory,3,Single,3,1,25.0,2.0,2.0,7.0,185.74,2,3,4,9,Loyal
54273,0,28.0,Computer,2,33.0,UPI,Female,2.0,2,Grocery,1,Single,4,1,,3.0,5.0,5.0,298.28,2,5,5,12,Champions
54274,0,1.0,Mobile,1,25.0,Debit Card,Male,3.0,4,Mobile Phone,3,Married,2,0,13.0,1.0,2.0,3.0,152.74,3,3,2,8,Hibernating
54275,0,8.0,Mobile,1,13.0,Debit Card,Female,3.0,5,Laptop & Accessory,4,Married,8,0,16.0,2.0,2.0,1.0,170.05,5,3,3,11,Loyal
54276,0,11.0,Mobile,3,10.0,Debit Card,Male,3.0,4,Fashion,1,Single,4,0,13.0,1.0,2.0,4.0,199.28,3,4,4,11,Champions
54277,0,8.0,Mobile,1,12.0,Credit Card,Female,3.0,5,Fashion,5,Single,4,0,13.0,3.0,,9.0,241.31,1,5,5,11,Champions
54278,0,10.0,Computer,3,18.0,Cash on Delivery,Female,4.0,4,Fashion,1,Married,2,0,15.0,1.0,3.0,,222.38,5,4,5,14,Champions
54279,0,10.0,Mobile,1,10.0,Debit Card,Female,3.0,4,Mobile Phone,1,Married,7,0,23.0,1.0,2.0,1.0,153.35,5,3,2,10,Hibernating
54280,0,17.0,Computer,3,33.0,Debit Card,Male,4.0,4,Grocery,1,Married,3,1,,2.0,5.0,13.0,294.59,1,5,5,11,Champions
54281,0,4.0,Computer,1,30.0,Debit Card,Male,4.0,6,Mobile Phone,3,Married,3,0,26.0,1.0,2.0,10.0,151.13,1,3,2,6,At Risk
54282,0,7.0,Computer,3,29.0,E wallet,Male,4.0,4,Laptop & Accessory,4,Married,2,0,14.0,1.0,2.0,8.0,186.46,1,3,4,8,Loyal
54283,1,20.0,Mobile,1,21.0,Debit Card,Female,4.0,4,Mobile Phone,4,Married,11,1,19.0,4.0,5.0,4.0,174.63,3,4,4,11,Champions
54284,0,25.0,Mobile,1,13.0,Debit Card,Male,3.0,4,Others,3,Single,9,0,,9.0,16.0,16.0,320.37,1,5,5,11,Champions
54285,1,1.0,Mobile,3,13.0,Debit Card,Male,4.0,6,Laptop & Accessory,3,Married,6,1,19.0,1.0,8.0,8.0,186.72,2,5,4,11,Champions
54286,0,1.0,Mobile,1,13.0,UPI,Female,3.0,5,Mobile Phone,4,Married,3,0,20.0,3.0,5.0,4.0,148.68,3,4,2,9,Hibernating
54287,1,21.0,Mobile,1,30.0,Credit Card,Female,4.0,4,Fashion,1,Married,3,0,13.0,8.0,16.0,,228.12,5,5,5,15,Champions
54288,1,1.0,Mobile,3,29.0,E wallet,Male,3.0,4,Mobile Phone,3,Single,3,1,20.0,2.0,2.0,1.0,141.75,4,2,2,8,Recent Customers
54289,0,1.0,Mobile,1,9.0,Cash on Delivery,Male,4.0,4,Mobile Phone,1,Married,2,0,15.0,3.0,3.0,2.0,150.23,4,4,2,10,Hibernating
54290,0,23.0,Mobile,1,27.0,Credit Card,Female,4.0,4,Laptop & Accessory,5,Married,3,0,15.0,6.0,6.0,12.0,190.67,1,5,4,10,Champions
54291,0,17.0,Computer,1,35.0,Credit Card,Female,4.0,2,Mobile Phone,3,Single,6,0,13.0,1.0,2.0,3.0,172.39,3,3,3,9,Loyal
54292,0,24.0,Computer,3,19.0,E wallet,Female,4.0,4,Fashion,1,Single,6,0,12.0,2.0,3.0,,217.08,5,4,5,14,Champions
54293,1,1.0,Mobile,3,27.0,Debit Card,Female,4.0,6,Laptop & Accessory,3,Married,5,1,12.0,1.0,3.0,3.0,170.59,3,4,3,10,Loyal
54294,0,15.0,Mobile,3,16.0,Debit Card,Male,4.0,4,Fashion,3,Married,5,1,14.0,1.0,2.0,8.0,206.89,1,4,4,9,Champions
54295,0,1.0,Mobile,2,32.0,Debit Card,Female,4.0,4,Mobile Phone,3,Married,3,0,24.0,3.0,6.0,8.0,154.42,1,5,3,9,Loyal
54296,0,10.0,Mobile,1,13.0,Credit Card,Male,3.0,4,Laptop & Accessory,4,Married,8,0,21.0,1.0,2.0,2.0,174.41,4,3,4,11,Loyal
54297,1,15.0,Computer,1,15.0,Debit Card,Male,3.0,6,Fashion,1,Single,4,0,16.0,2.0,2.0,4.0,231.5,3,4,5,12,Champions
54298,0,13.0,Mobile,3,11.0,Debit Card,Female,3.0,5,Laptop & Accessory,3,Married,6,0,15.0,6.0,6.0,10.0,184.02,1,5,4,10,Champions
54299,0,1.0,Mobile,3,35.0,Debit Card,Male,3.0,5,Laptop & Accessory,3,Married,4,0,19.0,2.0,3.0,,211.39,5,4,5,14,Champions
54300,0,4.0,Mobile,2,16.0,UPI,Male,3.0,4,Laptop & Accessory,1,Married,2,1,20.0,5.0,5.0,8.0,188.47,1,4,4,9,Champions
54301,1,1.0,Mobile,1,16.0,Credit Card,Female,3.0,4,Mobile Phone,5,Single,9,0,23.0,2.0,2.0,5.0,167.0,2,3,3,8,Loyal
54302,0,19.0,Mobile,1,36.0,Credit Card,Male,3.0,4,Mobile Phone,1,Single,7,0,14.0,2.0,2.0,4.0,159.52,3,3,3,9,Loyal
54303,0,12.0,Mobile,1,10.0,Cash on Delivery,Female,3.0,4,Laptop & Accessory,3,Single,5,1,21.0,3.0,3.0,3.0,168.17,3,4,3,10,Loyal
54304,0,4.0,Mobile,1,25.0,Debit Card,Female,4.0,4,Mobile Phone,3,Single,3,0,15.0,2.0,2.0,5.0,151.32,2,3,2,7,At Risk
54305,0,6.0,Computer,3,16.0,Credit Card,Male,3.0,6,Laptop & Accessory,1,Married,2,0,18.0,1.0,2.0,8.0,171.68,1,3,3,7,Loyal
54306,0,4.0,Mobile,1,12.0,Cash on Delivery,Female,3.0,4,Mobile Phone,5,Married,7,0,15.0,1.0,3.0,31.0,157.04,1,4,3,8,Loyal
54307,0,4.0,Mobile,1,9.0,Credit Card,Male,3.0,5,Mobile Phone,1,Single,2,0,14.0,1.0,2.0,3.0,152.2,3,3,2,8,Hibernating
54308,0,15.0,Computer,1,17.0,Debit Card,Male,4.0,5,Grocery,5,Married,6,0,,3.0,8.0,8.0,296.81,2,5,5,12,Champions
54309,0,15.0,Mobile,1,16.0,Debit Card,Male,4.0,4,Mobile Phone,5,Married,4,0,22.0,1.0,2.0,5.0,147.38,2,2,2,6,Hibernating
54310,0,1.0,Mobile,1,10.0,Credit Card,Female,4.0,4,Mobile Phone,4,Single,3,0,15.0,2.0,2.0,1.0,139.83,4,2,1,7,Recent Customers
54311,0,14.0,Computer,1,33.0,Credit Card,Female,3.0,4,Laptop & Accessory,4,Married,3,0,12.0,1.0,3.0,14.0,181.05,1,4,4,9,Champions
54312,0,9.0,Mobile,3,7.0,E wallet,Male,4.0,4,Fashion,4,Married,3,0,14.0,1.0,2.0,7.0,197.95,2,4,4,10,Champions
54313,0,27.0,Mobile,3,13.0,E wallet,Male,3.0,4,Laptop & Accessory,3,Married,4,1,21.0,1.0,5.0,6.0,148.06,2,4,2,8,At Risk
54314,0,19.0,Mobile,1,16.0,Debit Card,Male,3.0,4,Laptop & Accessory,4,Married,10,0,19.0,2.0,2.0,16.0,148.48,1,2,2,5,Hibernating
54315,0,6.0,Computer,3,15.0,E wallet,Female,3.0,4,Fashion,1,Single,3,0,15.0,3.0,4.0,,214.98,5,4,5,14,Champions
54316,0,3.0,Computer,1,7.0,Cash on Delivery,Male,3.0,4,Laptop & Accessory,3,Married,3,0,14.0,1.0,2.0,10.0,168.19,1,3,3,7,Loyal
54317,0,25.0,Mobile,1,14.0,Credit Card,Male,3.0,5,Laptop & Accessory,3,Married,4,0,18.0,2.0,2.0,1.0,186.32,5,3,4,12,Loyal
54318,0,31.0,Mobile,1,16.0,Credit Card,Female,4.0,5,Mobile Phone,4,Married,6,1,21.0,2.0,2.0,1.0,158.46,5,3,3,11,Loyal
54319,0,14.0,Mobile,3,11.0,E wallet,Male,4.0,5,Fashion,1,Married,9,0,12.0,2.0,,12.0,233.55,1,5,5,11,Champions
54320,0,8.0,Computer,3,9.0,E wallet,Female,4.0,4,Mobile Phone,3,Married,8,0,19.0,1.0,2.0,3.0,147.31,3,2,2,7,Hibernating
54321,0,1.0,Mobile,1,26.0,Credit Card,Male,4.0,4,Mobile Phone,1,Married,3,0,25.0,3.0,3.0,3.0,148.23,3,4,2,9,Hibernating
54322,0,1.0,Computer,1,16.0,Credit Card,Male,3.0,4,Mobile Phone,4,Married,8,0,19.0,3.0,3.0,3.0,145.24,3,4,2,9,Hibernating
54323,0,2.0,Mobile,1,28.0,Credit Card,Male,3.0,4,Mobile Phone,1,Married,3,0,12.0,1.0,2.0,3.0,152.13,3,3,2,8,Hibernating
54324,0,31.0,Mobile,1,31.0,Debit Card,Male,3.0,2,Fashion,1,Married,5,1,17.0,2.0,2.0,,219.39,5,4,5,14,Champions
54325,0,1.0,Computer,1,10.0,Credit Card,Male,4.0,5,Mobile Phone,3,Married,3,1,16.0,1.0,2.0,2.0,150.66,4,3,2,9,Hibernating
54326,0,24.0,Mobile,1,18.0,Debit Card,Female,3.0,4,Others,4,Single,5,0,16.0,1.0,5.0,5.0,324.26,2,5,5,12,Champions
54327,0,15.0,Mobile,1,21.0,Debit Card,Male,3.0,4,Mobile Phone,3,Married,6,0,13.0,2.0,2.0,9.0,149.51,1,3,2,6,At Risk
54328,0,4.0,Mobile,3,12.0,Debit Card,Female,3.0,4,Fashion,1,Married,4,0,13.0,2.0,8.0,,219.19,5,5,5,15,Champions
54329,0,12.0,Mobile,3,7.0,Debit Card,Female,3.0,5,Laptop & Accessory,1,Single,6,0,23.0,1.0,2.0,,211.86,5,4,5,14,Champions
54330,0,6.0,Mobile,1,13.0,Debit Card,Male,3.0,4,Mobile Phone,3,Single,5,0,21.0,1.0,2.0,5.0,155.38,2,3,3,8,Loyal
54331,0,1.0,Mobile,1,24.0,Cash on Delivery,Male,3.0,4,Mobile Phone,4,Married,2,1,17.0,1.0,2.0,2.0,155.58,4,3,3,10,Loyal
54332,1,1.0,Computer,3,7.0,Cash on Delivery,Female,4.0,6,Mobile Phone,5,Single,2,0,22.0,2.0,2.0,1.0,148.25,4,2,2,8,Recent Customers
54333,0,10.0,Computer,1,10.0,Credit Card,Male,2.0,4,Mobile Phone,4,Single,6,0,13.0,3.0,8.0,3.0,145.88,4,5,2,11,Hibernating
54334,0,4.0,Computer,1,16.0,Credit Card,Male,4.0,4,Laptop & Accessory,5,Married,3,0,12.0,6.0,7.0,11.0,155.72,1,5,3,9,Loyal
54335,0,19.0,Mobile,3,11.0,Debit Card,Female,2.0,4,Laptop & Accessory,5,Married,6,1,12.0,1.0,2.0,4.0,175.06,3,3,4,10,Loyal
54336,0,30.0,Mobile,1,15.0,Debit Card,Female,4.0,4,Mobile Phone,5,Married,6,1,19.0,3.0,3.0,3.0,167.57,3,4,3,10,Loyal
54337,0,7.0,Mobile,1,9.0,Debit Card,Male,3.0,4,Mobile Phone,1,Single,2,0,15.0,2.0,2.0,3.0,150.0,3,3,2,8,Hibernating
54338,1,1.0,Mobile,1,9.0,Debit Card,Male,3.0,5,Mobile Phone,1,Single,3,0,23.0,2.0,2.0,1.0,136.02,4,2,1,7,Recent Customers
54339,0,20.0,Mobile,3,7.0,E wallet,Female,4.0,4,Fashion,5,Married,3,0,26.0,9.0,16.0,,229.53,5,5,5,15,Champions
54340,0,12.0,Mobile,1,16.0,Debit Card,Female,4.0,4,Mobile Phone,1,Single,3,0,13.0,2.0,3.0,2.0,147.88,4,4,2,10,Hibernating
54341,0,5.0,Mobile,1,19.0,Credit Card,Female,4.0,4,Mobile Phone,1,Married,10,1,24.0,2.0,2.0,3.0,164.29,3,3,3,9,Loyal
54342,0,8.0,Mobile,1,34.0,Credit Card,Female,4.0,4,Mobile Phone,4,Single,4,0,16.0,1.0,2.0,3.0,148.11,3,2,2,7,Hibernating
54343,1,5.0,Mobile,3,27.0,E wallet,Female,4.0,4,Mobile Phone,4,Single,3,1,23.0,1.0,2.0,3.0,156.4,3,3,3,9,Loyal
54344,0,24.0,Mobile,1,7.0,Credit Card,Male,3.0,5,Mobile Phone,3,Married,4,0,16.0,2.0,2.0,3.0,161.9,3,3,3,9,Loyal
54345,0,27.0,Mobile,1,20.0,Credit Card,Female,3.0,2,Laptop & Accessory,5,Married,3,0,12.0,2.0,2.0,4.0,169.5,3,3,3,9,Loyal
54346,0,7.0,Mobile,1,21.0,Credit Card,Female,4.0,4,Mobile Phone,4,Married,3,0,14.0,2.0,2.0,7.0,152.56,2,3,2,7,At Risk
54347,0,14.0,Mobile,1,11.0,Credit Card,Female,3.0,4,Others,3,Married,3,0,,2.0,10.0,10.0,315.33,1,5,5,11,Champions
54348,0,29.0,Mobile,1,21.0,Credit Card,Male,4.0,2,Others,4,Single,10,0,,3.0,3.0,16.0,312.22,1,4,5,10,Champions
54349,0,8.0,Computer,1,9.0,Debit Card,Male,3.0,5,Laptop & Accessory,3,Married,3,0,18.0,1.0,2.0,,220.47,5,4,5,14,Champions
54350,0,25.0,Mobile,1,10.0,Credit Card,Female,4.0,4,Grocery,4,Single,5,0,19.0,,2.0,1.0,262.34,5,4,5,14,Champions
54351,0,26.0,Mobile,1,7.0,Debit Card,Male,4.0,5,Others,3,Married,2,0,15.0,8.0,12.0,10.0,324.99,1,5,5,11,Champions
54352,0,1.0,Mobile,1,16.0,Credit Card,Female,5.0,4,Mobile Phone,4,Single,3,0,17.0,1.0,2.0,4.0,147.79,3,2,2,7,Hibernating
54353,1,1.0,Mobile,1,30.0,Debit Card,Male,3.0,5,Laptop & Accessory,3,Married,5,1,14.0,2.0,2.0,2.0,184.16,4,3,4,11,Loyal
54354,0,17.0,Computer,1,14.0,Credit Card,Male,3.0,2,Mobile Phone,1,Married,6,0,15.0,2.0,3.0,3.0,145.89,3,4,2,9,Hibernating
54355,0,19.0,Computer,1,9.0,Credit Card,Male,4.0,5,Grocery,1,Married,11,0,,2.0,12.0,9.0,292.92,1,5,5,11,Champions
54356,0,11.0,Mobile,1,28.0,Debit Card,Male,4.0,2,Mobile Phone,5,Married,3,1,13.0,2.0,2.0,8.0,160.64,1,3,3,7,Loyal
54357,0,9.0,Computer,1,9.0,Credit Card,Female,3.0,4,Laptop & Accessory,4,Single,7,0,12.0,1.0,2.0,3.0,169.25,3,3,3,9,Loyal
54358,0,16.0,Computer,1,28.0,Credit Card,Female,3.0,4,Laptop & Accessory,3,Married,4,0,17.0,1.0,2.0,3.0,177.65,3,3,4,10,Loyal
54359,0,12.0,Mobile,1,9.0,Debit Card,Male,3.0,4,Laptop & Accessory,3,Married,11,0,15.0,2.0,2.0,1.0,190.53,5,3,4,12,Loyal
54360,0,12.0,Mobile,1,36.0,Cash on Delivery,Male,3.0,4,Laptop & Accessory,1,Married,5,0,19.0,1.0,2.0,8.0,187.61,1,3,4,8,Loyal
54361,0,1.0,Computer,1,7.0,Cash on Delivery,Male,3.0,5,Laptop & Accessory,5,Married,7,0,20.0,3.0,3.0,1.0,167.98,5,4,3,12,Loyal
54362,0,23.0,Computer,1,25.0,Debit Card,Male,4.0,4,Laptop & Accessory,1,Married,3,1,16.0,1.0,2.0,8.0,193.04,1,3,4,8,Loyal
54363,0,8.0,Computer,1,17.0,Credit Card,Male,3.0,4,Mobile Phone,3,Married,3,1,18.0,3.0,3.0,1.0,163.15,5,4,3,12,Loyal
54364,0,14.0,Mobile,1,26.0,Credit Card,Male,2.0,4,Laptop & Accessory,1,Married,10,1,16.0,4.0,4.0,8.0,152.41,1,4,2,7,At Risk
54365,1,2.0,Mobile,1,36.0,Credit Card,Male,4.0,4,Laptop & Accessory,5,Married,9,1,20.0,2.0,2.0,1.0,191.73,5,3,4,12,Loyal
54366,1,1.0,Mobile,3,34.0,E wallet,Female,3.0,4,Fashion,1,Married,3,0,23.0,1.0,2.0,10.0,201.39,1,4,4,9,Champions
54367,0,1.0,Mobile,1,12.0,Debit Card,Male,3.0,2,Mobile Phone,4,Married,3,1,17.0,3.0,3.0,3.0,148.28,3,4,2,9,Hibernating
54368,0,10.0,Computer,1,25.0,Credit Card,Female,4.0,4,Mobile Phone,1,Single,3,0,14.0,1.0,2.0,8.0,146.53,1,2,2,5,Hibernating
54369,0,14.0,Computer,1,16.0,Debit Card,Male,4.0,5,Laptop & Accessory,1,Married,11,0,15.0,1.0,2.0,3.0,173.76,3,3,4,10,Loyal
54370,0,20.0,Mobile,1,7.0,Credit Card,Male,4.0,4,Fashion,5,Married,9,0,17.0,1.0,2.0,,218.96,5,4,5,14,Champions
54371,1,1.0,Mobile,3,11.0,Credit Card,Male,3.0,6,Fashion,1,Married,3,0,12.0,7.0,10.0,,229.0,5,5,5,15,Champions
54372,0,4.0,Computer,1,7.0,Debit Card,Male,3.0,5,Fashion,3,Single,3,0,23.0,5.0,6.0,,209.74,5,5,5,15,Champions
54373,0,1.0,Computer,3,27.0,Debit Card,Female,3.0,4,Laptop & Accessory,3,Single,3,0,15.0,2.0,2.0,,224.81,5,4,5,14,Champions
54374,0,25.0,Mobile,1,15.0,Debit Card,Male,3.0,5,Fashion,4,Married,7,0,17.0,3.0,,8.0,249.9,2,5,5,12,Champions
54375,1,1.0,Mobile,1,10.0,Cash on Delivery,Female,3.0,4,Mobile Phone,5,Single,7,1,12.0,1.0,2.0,5.0,151.57,2,3,2,7,At Risk
54376,0,15.0,Mobile,3,13.0,Debit Card,Female,4.0,4,Fashion,1,Single,5,1,19.0,,2.0,1.0,260.91,5,4,5,14,Champions
54377,1,1.0,Computer,3,33.0,E wallet,Female,3.0,5,Laptop & Accessory,5,Single,7,0,16.0,2.0,2.0,2.0,191.96,4,3,4,11,Loyal
54378,1,1.0,Mobile,1,7.0,Cash on Delivery,Male,3.0,4,Mobile Phone,3,Single,2,0,15.0,1.0,2.0,6.0,145.58,2,2,2,6,Hibernating
54379,0,19.0,Computer,3,13.0,Credit Card,Female,3.0,5,Fashion,1,Single,8,0,13.0,6.0,13.0,,213.65,5,5,5,15,Champions
54380,0,28.0,Mobile,3,10.0,E wallet,Female,3.0,4,Laptop & Accessory,5,Married,4,0,15.0,2.0,2.0,6.0,184.4,2,3,4,9,Loyal
54381,0,10.0,Mobile,1,12.0,Debit Card,Male,4.0,4,Laptop & Accessory,4,Single,10,0,17.0,3.0,4.0,8.0,184.14,1,4,4,9,Champions
54382,0,7.0,Mobile,1,11.0,Credit Card,Female,3.0,5,Mobile Phone,4,Married,8,0,22.0,1.0,2.0,2.0,151.22,4,3,2,9,Hibernating
54383,0,11.0,Computer,1,18.0,UPI,Male,3.0,4,Fashion,1,Married,3,1,15.0,2.0,,8.0,246.85,2,5,5,12,Champions
54384,0,12.0,Mobile,3,10.0,Debit Card,Male,4.0,4,Fashion,3,Married,2,0,13.0,2.0,6.0,,231.09,5,5,5,15,Champions
54385,0,5.0,Computer,1,7.0,Credit Card,Male,3.0,6,Laptop & Accessory,3,Married,2,0,13.0,1.0,2.0,5.0,168.45,2,3,3,8,Loyal
54386,0,31.0,Mobile,1,10.0,Debit Card,Male,4.0,5,Mobile Phone,1,Married,5,0,18.0,1.0,2.0,1.0,146.77,4,2,2,8,Recent Customers
54387,0,11.0,Computer,3,11.0,E wallet,Male,3.0,4,Mobile Phone,1,Married,6,0,18.0,4.0,6.0,9.0,152.93,1,5,2,8,At Risk
54388,0,3.0,Computer,3,7.0,Credit Card,Female,3.0,4,Fashion,1,Married,3,0,15.0,5.0,5.0,2.0,204.18,4,4,4,12,Champions
54389,0,9.0,Computer,3,7.0,E wallet,Female,4.0,4,Fashion,3,Single,3,0,15.0,2.0,2.0,,212.89,5,4,5,14,Champions
54390,1,1.0,Mobile,1,25.0,Credit Card,Male,3.0,5,Mobile Phone,1,Single,3,1,14.0,1.0,2.0,2.0,148.89,4,2,2,8,Recent Customers
54391,0,26.0,Mobile,1,9.0,Debit Card,Female,3.0,5,Mobile Phone,1,Single,9,0,16.0,3.0,3.0,3.0,157.12,3,4,3,10,Loyal
54392,0,16.0,Mobile,1,11.0,Cash on Delivery,Male,3.0,4,Others,1,Married,3,0,,1.0,12.0,16.0,317.32,1,5,5,11,Champions
54393,0,31.0,Mobile,2,13.0,Credit Card,Male,3.0,4,Mobile Phone,3,Married,10,0,18.0,1.0,3.0,3.0,147.67,3,4,2,9,Hibernating
54394,0,24.0,Mobile,3,7.0,Credit Card,Female,4.0,4,Others,1,Married,5,0,,2.0,2.0,7.0,320.17,2,4,5,11,Champions
54395,1,1.0,Mobile,1,21.0,Credit Card,Male,3.0,4,Mobile Phone,1,Married,7,1,14.0,2.0,2.0,5.0,149.36,2,2,2,6,Hibernating
54396,0,17.0,Mobile,3,23.0,E wallet,Female,4.0,4,Grocery,1,Married,7,1,23.0,,2.0,10.0,285.64,1,4,5,10,Champions
54397,1,1.0,Mobile,1,9.0,Debit Card,Female,3.0,4,Mobile Phone,5,Married,9,0,21.0,2.0,2.0,8.0,152.07,1,3,2,6,At Risk
54398,0,26.0,Computer,3,9.0,Debit Card,Male,4.0,5,Others,3,Single,3,1,,2.0,16.0,13.0,315.68,1,5,5,11,Champions
54399,0,6.0,Mobile,3,11.0,Debit Card,Female,3.0,4,Mobile Phone,4,Married,4,0,12.0,2.0,2.0,3.0,164.31,3,3,3,9,Loyal
54400,1,1.0,Mobile,1,7.0,Debit Card,Male,4.0,5,Mobile Phone,3,Single,2,1,15.0,1.0,2.0,3.0,162.3,3,3,3,9,Loyal
54401,0,13.0,Mobile,1,7.0,Credit Card,Female,4.0,4,Mobile Phone,3,Married,9,0,15.0,2.0,2.0,3.0,147.32,3,2,2,7,Hibernating
54402,0,6.0,Computer,3,33.0,E wallet,Male,4.0,4,Laptop & Accessory,1,Married,2,0,19.0,3.0,3.0,3.0,169.65,3,4,3,10,Loyal
54403,0,15.0,Mobile,1,26.0,Debit Card,Male,3.0,4,Laptop & Accessory,5,Married,4,0,17.0,1.0,2.0,1.0,155.72,5,3,3,11,Loyal
54404,0,14.0,Mobile,1,31.0,Cash on Delivery,Male,4.0,4,Laptop & Accessory,1,Married,3,0,18.0,3.0,5.0,8.0,158.19,1,4,3,8,Loyal
54405,0,19.0,Mobile,1,7.0,UPI,Male,4.0,2,Others,1,Married,2,0,,2.0,2.0,8.0,317.02,1,4,5,10,Champions
54406,0,5.0,Computer,1,10.0,Credit Card,Male,4.0,4,Fashion,3,Married,11,0,13.0,,3.0,3.0,261.75,3,4,5,12,Champions
54407,0,7.0,Mobile,1,12.0,Debit Card,Female,4.0,5,Mobile Phone,1,Married,3,0,14.0,1.0,2.0,3.0,154.11,3,3,3,9,Loyal
54408,0,8.0,Mobile,1,9.0,Debit Card,Male,3.0,5,Laptop & Accessory,5,Married,8,0,14.0,1.0,6.0,10.0,184.57,1,5,4,10,Champions
54409,0,11.0,Mobile,1,7.0,Credit Card,Female,3.0,5,Mobile Phone,5,Married,4,0,15.0,1.0,2.0,3.0,164.2,3,3,3,9,Loyal
54410,0,19.0,Computer,1,14.0,Debit Card,Male,4.0,2,Laptop & Accessory,3,Married,6,0,18.0,2.0,2.0,3.0,189.34,3,3,4,10,Loyal
54411,1,1.0,Computer,1,17.0,Credit Card,Male,4.0,4,Fashion,3,Married,8,0,12.0,1.0,2.0,,225.48,5,4,5,14,Champions
54412,0,13.0,Computer,1,9.0,Cash on Delivery,Female,4.0,4,Fashion,3,Single,2,0,26.0,7.0,,9.0,234.38,1,5,5,11,Champions
54413,0,3.0,Mobile,1,22.0,Debit Card,Male,3.0,4,Mobile Phone,1,Single,3,0,20.0,2.0,2.0,6.0,148.4,2,2,2,6,Hibernating
54414,0,16.0,Mobile,1,24.0,Debit Card,Female,3.0,2,Laptop & Accessory,5,Single,5,1,14.0,2.0,2.0,3.0,190.45,3,3,4,10,Loyal
54415,0,3.0,Mobile,3,27.0,E wallet,Male,3.0,4,Laptop & Accessory,1,Married,4,0,15.0,2.0,2.0,3.0,194.31,3,4,4,11,Champions
54416,0,1.0,Mobile,1,7.0,Debit Card,Female,4.0,4,Laptop & Accessory,3,Married,2,0,13.0,2.0,2.0,3.0,173.98,3,3,4,10,Loyal
54417,0,16.0,Mobile,1,9.0,Credit Card,Female,3.0,5,Mobile Phone,5,Married,2,1,12.0,8.0,8.0,9.0,150.93,1,5,2,8,At Risk
54418,0,14.0,Mobile,1,9.0,Credit Card,Male,3.0,4,Others,3,Married,2,0,,4.0,4.0,10.0,319.36,1,4,5,10,Champions
54419,0,25.0,Mobile,1,7.0,Debit Card,Male,4.0,4,Mobile Phone,1,Married,3,0,12.0,2.0,2.0,1.0,152.23,5,3,2,10,Hibernating
54420,1,1.0,Computer,1,36.0,Credit Card,Male,4.0,5,Mobile Phone,4,Single,2,0,12.0,1.0,2.0,5.0,159.79,2,3,3,8,Loyal
54421,0,6.0,Computer,1,14.0,Debit Card,Male,4.0,2,Mobile Phone,4,Married,3,0,21.0,1.0,2.0,4.0,152.94,3,3,2,8,Hibernating
54422,0,12.0,Computer,3,9.0,Debit Card,Male,3.0,5,Laptop & Accessory,1,Married,5,0,19.0,2.0,8.0,6.0,177.49,2,5,4,11,Champions
54423,0,6.0,Mobile,1,9.0,Cash on Delivery,Male,3.0,5,Laptop & Accessory,5,Single,6,0,14.0,1.0,2.0,5.0,146.76,2,2,2,6,Hibernating
54424,0,20.0,Mobile,3,9.0,Cash on Delivery,Female,4.0,6,Grocery,4,Married,5,1,,7.0,8.0,8.0,293.72,2,5,5,12,Champions
54425,1,1.0,Mobile,1,9.0,Debit Card,Male,4.0,4,Mobile Phone,3,Single,4,0,12.0,1.0,2.0,1.0,159.85,5,3,3,11,Loyal
54426,0,3.0,Mobile,3,9.0,Credit Card,Male,4.0,5,Laptop & Accessory,4,Married,4,0,20.0,2.0,2.0,1.0,191.44,5,3,4,12,Loyal
54427,0,5.0,Mobile,1,30.0,Credit Card,Male,4.0,5,Laptop & Accessory,1,Married,2,0,22.0,1.0,8.0,9.0,180.82,1,5,4,10,Champions
54428,0,1.0,Computer,1,12.0,Debit Card,Male,3.0,2,Laptop & Accessory,5,Married,3,0,13.0,2.0,2.0,6.0,165.0,2,3,3,8,Loyal
54429,0,19.0,Mobile,1,27.0,Credit Card,Male,4.0,4,Grocery,1,Married,2,1,15.0,3.0,,11.0,259.96,1,5,5,11,Champions
54430,0,10.0,Mobile,1,13.0,Debit Card,Male,3.0,4,Mobile Phone,1,Married,2,0,12.0,2.0,11.0,12.0,157.1,1,5,3,9,Loyal
54431,0,29.0,Mobile,1,7.0,Credit Card,Male,3.0,4,Others,5,Single,2,1,,4.0,5.0,14.0,315.45,1,5,5,11,Champions
54432,1,11.0,Computer,1,36.0,Debit Card,Male,3.0,4,Fashion,4,Married,3,1,13.0,5.0,,10.0,243.49,1,5,5,11,Champions
54433,0,2.0,Mobile,1,16.0,Credit Card,Male,4.0,4,Mobile Phone,1,Married,3,0,24.0,2.0,2.0,5.0,145.7,2,2,2,6,Hibernating
54434,0,11.0,Mobile,3,13.0,Credit Card,Male,4.0,4,Laptop & Accessory,1,Married,6,0,15.0,2.0,2.0,2.0,190.02,4,3,4,11,Loyal
54435,0,1.0,Mobile,1,10.0,Credit Card,Male,4.0,5,Mobile Phone,3,Single,3,0,18.0,2.0,2.0,1.0,157.3,5,3,3,11,Loyal
54436,0,11.0,Computer,1,7.0,Credit Card,Female,4.0,4,Fashion,1,Married,4,1,19.0,,2.0,3.0,261.03,3,4,5,12,Champions
54437,0,9.0,Mobile,1,29.0,Debit Card,Female,4.0,2,Fashion,4,Married,9,0,19.0,6.0,,3.0,244.96,4,5,5,14,Champions
54438,0,12.0,Mobile,3,14.0,Credit Card,Female,3.0,2,Laptop & Accessory,5,Married,3,1,25.0,5.0,8.0,8.0,181.05,2,5,4,11,Champions
54439,0,1.0,Computer,1,7.0,Debit Card,Female,3.0,4,Laptop & Accessory,4,Married,3,0,21.0,2.0,2.0,5.0,188.97,2,3,4,9,Loyal
54440,0,24.0,Mobile,1,11.0,Debit Card,Male,4.0,4,Others,4,Married,5,0,,1.0,2.0,7.0,316.44,2,4,5,11,Champions
54441,0,27.0,Mobile,1,10.0,Credit Card,Male,3.0,4,Grocery,3,Married,5,1,,2.0,2.0,4.0,300.84,3,4,5,12,Champions
54442,0,16.0,Mobile,3,7.0,Debit Card,Male,2.0,4,Laptop & Accessory,3,Married,3,0,26.0,7.0,12.0,7.0,174.07,2,5,4,11,Champions
54443,0,3.0,Computer,3,9.0,Debit Card,Male,3.0,4,Laptop & Accessory,1,Single,3,0,19.0,1.0,2.0,10.0,170.54,1,3,3,7,Loyal
54444,0,29.0,Mobile,1,27.0,Cash on Delivery,Male,3.0,4,Laptop & Accessory,1,Married,5,1,20.0,1.0,2.0,9.0,179.15,1,3,4,8,Loyal
54445,0,1.0,Computer,1,18.0,Credit Card,Male,3.0,4,Laptop & Accessory,5,Married,3,1,14.0,2.0,4.0,4.0,172.41,3,4,3,10,Loyal
54446,0,11.0,Mobile,1,7.0,Debit Card,Female,3.0,4,Mobile Phone,1,Single,3,0,13.0,2.0,6.0,8.0,146.15,1,5,2,8,At Risk
54447,1,8.0,Computer,1,31.0,Debit Card,Male,3.0,4,Mobile Phone,3,Married,5,1,23.0,1.0,2.0,1.0,156.61,5,3,3,11,Loyal
54448,0,12.0,Mobile,1,30.0,Debit Card,Male,3.0,4,Laptop & Accessory,1,Married,11,0,15.0,1.0,2.0,3.0,182.45,3,3,4,10,Loyal
54449,1,1.0,Mobile,1,23.0,Credit Card,Male,3.0,4,Mobile Phone,4,Married,4,1,14.0,2.0,2.0,3.0,148.73,3,2,2,7,Hibernating
54450,0,2.0,Mobile,1,15.0,Debit Card,Female,4.0,4,Mobile Phone,1,Single,3,0,22.0,2.0,2.0,3.0,158.1,3,3,3,9,Loyal
54451,0,23.0,Computer,1,17.0,Debit Card,Female,3.0,4,Others,5,Single,11,1,,1.0,2.0,3.0,311.65,3,4,5,12,Champions
54452,0,10.0,Mobile,1,10.0,Cash on Delivery,Male,2.0,4,Laptop & Accessory,4,Single,6,0,13.0,3.0,8.0,8.0,169.85,2,5,3,10,Loyal
54453,0,5.0,Computer,3,12.0,E wallet,Female,3.0,4,Mobile Phone,4,Married,3,0,12.0,1.0,3.0,3.0,152.89,3,4,2,9,Hibernating
54454,1,1.0,Mobile,3,11.0,E wallet,Male,3.0,5,Laptop & Accessory,1,Single,3,1,13.0,5.0,8.0,5.0,183.28,2,5,4,11,Champions
54455,0,11.0,Computer,1,16.0,Credit Card,Male,3.0,4,Mobile Phone,1,Married,3,1,13.0,1.0,2.0,3.0,148.26,3,2,2,7,Hibernating
54456,0,16.0,Computer,3,33.0,E wallet,Female,4.0,4,Grocery,4,Married,7,0,15.0,4.0,,9.0,260.25,1,5,5,11,Champions
54457,1,1.0,Mobile,1,10.0,Debit Card,Male,3.0,4,Mobile Phone,3,Single,3,0,14.0,2.0,2.0,1.0,139.2,4,2,1,7,Recent Customers
54458,0,9.0,Mobile,3,23.0,E wallet,Male,4.0,4,Fashion,4,Married,2,0,16.0,4.0,7.0,10.0,205.2,1,5,4,10,Champions
54459,0,10.0,Computer,1,25.0,Debit Card,Male,3.0,2,Mobile Phone,1,Married,6,0,19.0,2.0,2.0,1.0,161.88,5,3,3,11,Loyal
54460,0,25.0,Mobile,1,9.0,Credit Card,Male,3.0,6,Laptop & Accessory,4,Married,7,0,19.0,1.0,2.0,3.0,179.82,3,3,4,10,Loyal
54461,0,15.0,Mobile,3,9.0,Debit Card,Male,3.0,4,Grocery,4,Single,3,0,20.0,,2.0,5.0,285.15,2,4,5,11,Champions
54462,0,1.0,Mobile,3,17.0,Credit Card,Female,4.0,5,Mobile Phone,3,Single,3,0,13.0,1.0,2.0,1.0,137.0,4,2,1,7,Recent Customers
54463,0,2.0,Mobile,1,23.0,Credit Card,Male,4.0,2,Laptop & Accessory,5,Single,2,0,20.0,1.0,2.0,8.0,181.61,1,3,4,8,Loyal
54464,0,5.0,Mobile,3,14.0,Cash on Delivery,Male,4.0,2,Laptop & Accessory,1,Married,6,0,12.0,4.0,8.0,8.0,194.29,2,5,4,11,Champions
54465,0,13.0,Mobile,1,7.0,Credit Card,Male,3.0,2,Fashion,1,Married,2,0,18.0,2.0,4.0,,221.13,5,4,5,14,Champions
54466,0,10.0,Computer,1,31.0,Debit Card,Female,3.0,4,Laptop & Accessory,4,Married,9,0,16.0,2.0,2.0,9.0,181.74,1,3,4,8,Loyal
54467,0,6.0,Mobile,3,14.0,Debit Card,Male,4.0,5,Laptop & Accessory,3,Married,3,0,15.0,4.0,5.0,9.0,179.84,1,4,4,9,Champions
54468,0,12.0,Mobile,1,32.0,Debit Card,Female,3.0,5,Fashion,4,Married,5,0,18.0,1.0,,2.0,245.61,4,5,5,14,Champions
54469,0,31.0,Computer,1,7.0,Debit Card,Male,3.0,6,Laptop & Accessory,3,Married,4,1,14.0,2.0,2.0,3.0,181.6,3,3,4,10,Loyal
54470,0,5.0,Mobile,1,12.0,Cash on Delivery,Male,3.0,4,Mobile Phone,1,Married,2,1,13.0,2.0,2.0,4.0,173.21,3,3,4,10,Loyal
54471,0,5.0,Mobile,2,9.0,UPI,Male,4.0,5,Laptop & Accessory,5,Married,5,0,13.0,1.0,2.0,1.0,189.1,5,3,4,12,Loyal
54472,0,19.0,Computer,1,14.0,Debit Card,Male,4.0,4,Fashion,5,Married,3,0,19.0,3.0,10.0,12.0,177.1,1,5,4,10,Champions
54473,0,5.0,Mobile,1,9.0,Debit Card,Male,3.0,4,Mobile Phone,1,Married,2,1,19.0,3.0,3.0,3.0,151.95,3,4,2,9,Hibernating
54474,0,7.0,Computer,1,12.0,Debit Card,Female,4.0,4,Fashion,4,Married,8,0,12.0,8.0,,9.0,243.78,1,5,5,11,Champions
54475,0,1.0,Mobile,1,17.0,Credit Card,Male,4.0,4,Grocery,5,Married,3,1,,2.0,12.0,11.0,295.68,1,5,5,11,Champions
54476,0,17.0,Computer,1,17.0,Debit Card,Female,3.0,4,Mobile Phone,1,Single,2,0,20.0,1.0,2.0,8.0,149.55,1,3,2,6,At Risk
54477,0,23.0,Mobile,1,7.0,Cash on Delivery,Female,3.0,5,Grocery,3,Single,9,1,13.0,,2.0,8.0,264.64,1,4,5,10,Champions
54478,1,16.0,Mobile,1,15.0,Credit Card,Male,3.0,5,Laptop & Accessory,4,Married,4,0,16.0,8.0,8.0,8.0,174.41,2,5,4,11,Champions
54479,0,1.0,Mobile,1,12.0,Debit Card,Female,3.0,4,Mobile Phone,4,Single,3,1,13.0,1.0,2.0,3.0,149.78,3,3,2,8,Hibernating
54480,0,6.0,Mobile,3,15.0,Cash on Delivery,Female,4.0,5,Laptop & Accessory,4,Married,3,1,12.0,12.0,12.0,10.0,177.28,1,5,4,10,Champions
54481,0,1.0,Mobile,3,9.0,Debit Card,Male,4.0,4,Laptop & Accessory,3,Single,3,1,12.0,1.0,2.0,5.0,169.78,2,3,3,8,Loyal
54482,0,5.0,Mobile,3,14.0,E wallet,Male,4.0,4,Laptop & Accessory,1,Married,6,0,13.0,1.0,2.0,8.0,200.47,1,4,4,9,Champions
54483,0,6.0,Mobile,1,9.0,Credit Card,Female,4.0,2,Laptop & Accessory,1,Single,9,0,17.0,1.0,2.0,8.0,175.55,1,3,4,8,Loyal
54484,1,1.0,Mobile,1,9.0,Credit Card,Male,3.0,6,Mobile Phone,1,Married,7,1,14.0,2.0,3.0,3.0,159.64,3,4,3,10,Loyal
54485,0,4.0,Mobile,1,35.0,Credit Card,Female,4.0,4,Laptop & Accessory,1,Married,3,0,14.0,2.0,2.0,10.0,182.75,1,3,4,8,Loyal
54486,0,5.0,Computer,1,14.0,Debit Card,Female,3.0,5,Fashion,3,Married,3,0,25.0,8.0,9.0,,214.43,5,5,5,15,Champions
54487,0,13.0,Computer,1,14.0,Credit Card,Male,3.0,5,Others,1,Married,3,0,,7.0,14.0,4.0,317.72,3,5,5,13,Champions
54488,1,3.0,Mobile,3,10.0,Credit Card,Female,3.0,4,Laptop & Accessory,3,Married,6,1,19.0,2.0,2.0,1.0,177.38,5,3,4,12,Loyal
54489,0,7.0,Computer,3,17.0,E wallet,Male,3.0,5,Laptop & Accessory,1,Single,5,0,15.0,2.0,2.0,2.0,171.82,4,3,3,10,Loyal
54490,0,21.0,Mobile,1,12.0,Debit Card,Male,3.0,4,Others,3,Married,6,0,,2.0,2.0,2.0,308.0,4,4,5,13,Champions
54491,0,17.0,Computer,1,17.0,Debit Card,Female,3.0,5,Laptop & Accessory,3,Married,3,0,12.0,2.0,2.0,1.0,177.57,5,3,4,12,Loyal
54492,0,1.0,Computer,3,7.0,E wallet,Male,4.0,4,Laptop & Accessory,4,Married,2,1,14.0,1.0,2.0,5.0,188.49,2,3,4,9,Loyal
54493,0,28.0,Computer,1,27.0,Debit Card,Female,3.0,4,Laptop & Accessory,3,Single,5,0,13.0,1.0,2.0,4.0,173.69,3,3,4,10,Loyal
54494,0,17.0,Mobile,1,14.0,Debit Card,Female,3.0,4,Fashion,5,Married,10,0,17.0,2.0,2.0,,224.85,5,4,5,14,Champions
54495,0,19.0,Mobile,1,15.0,UPI,Male,4.0,4,Laptop & Accessory,1,Married,11,0,15.0,9.0,10.0,9.0,161.97,1,5,3,9,Loyal
54496,0,14.0,Mobile,3,7.0,Credit Card,Male,3.0,6,Laptop & Accessory,1,Married,4,1,23.0,2.0,2.0,3.0,199.57,3,4,4,11,Champions
54497,1,1.0,Mobile,1,15.0,UPI,Male,4.0,6,Mobile Phone,5,Married,3,1,12.0,1.0,2.0,8.0,146.19,1,2,2,5,Hibernating
54498,0,3.0,Mobile,1,16.0,UPI,Male,2.0,5,Mobile Phone,1,Single,2,0,18.0,2.0,3.0,3.0,164.83,3,4,3,10,Loyal
54499,0,4.0,Mobile,3,12.0,E wallet,Female,2.0,5,Laptop & Accessory,3,Married,3,0,14.0,2.0,2.0,3.0,186.18,3,3,4,10,Loyal
54500,0,1.0,Mobile,3,15.0,E wallet,Female,3.0,4,Laptop & Accessory,4,Married,3,0,19.0,1.0,2.0,8.0,187.14,1,3,4,8,Loyal
54501,0,11.0,Mobile,1,12.0,Credit Card,Male,4.0,4,Laptop & Accessory,1,Married,9,0,17.0,2.0,2.0,5.0,188.47,2,3,4,9,Loyal
54502,0,12.0,Mobile,1,22.0,Debit Card,Male,4.0,5,Fashion,1,Married,2,1,15.0,3.0,,10.0,240.1,1,5,5,11,Champions
54503,0,5.0,Mobile,1,14.0,Credit Card,Female,3.0,4,Fashion,1,Single,3,1,15.0,5.0,5.0,11.0,196.43,1,4,4,9,Champions
54504,0,3.0,Mobile,3,17.0,E wallet,Female,3.0,5,Laptop & Accessory,4,Married,3,1,15.0,2.0,2.0,8.0,207.68,1,4,4,9,Champions
54505,0,9.0,Mobile,1,12.0,Cash on Delivery,Male,4.0,4,Fashion,4,Single,2,0,14.0,2.0,2.0,14.0,205.95,1,4,4,9,Champions
54506,0,1.0,Mobile,1,33.0,Debit Card,Male,3.0,4,Mobile Phone,1,Married,3,0,13.0,1.0,2.0,3.0,154.04,3,3,3,9,Loyal
54507,0,15.0,Mobile,1,13.0,Credit Card,Male,4.0,5,Laptop & Accessory,4,Single,8,1,16.0,2.0,2.0,3.0,185.32,3,3,4,10,Loyal
54508,0,21.0,Computer,3,11.0,Credit Card,Male,4.0,4,Laptop & Accessory,3,Single,5,0,20.0,1.0,2.0,1.0,154.76,5,3,3,11,Loyal
54509,0,16.0,Mobile,1,30.0,Debit Card,Female,3.0,4,Grocery,1,Single,4,0,15.0,,2.0,1.0,284.92,5,4,5,14,Champions
54510,0,3.0,Computer,3,9.0,Debit Card,Male,4.0,4,Laptop & Accessory,3,Married,3,0,15.0,2.0,2.0,3.0,171.49,3,3,3,9,Loyal
54511,0,16.0,Mobile,2,9.0,Cash on Delivery,Male,3.0,4,Mobile Phone,3,Married,2,1,12.0,2.0,2.0,1.0,151.96,5,3,2,10,Hibernating
54512,0,6.0,Mobile,1,9.0,Credit Card,Female,4.0,4,Mobile Phone,4,Married,3,0,14.0,1.0,2.0,8.0,148.7,1,2,2,5,Hibernating
54513,0,22.0,Mobile,3,36.0,Credit Card,Female,4.0,4,Fashion,3,Married,5,0,22.0,1.0,,1.0,250.04,5,5,5,15,Champions
54514,0,11.0,Mobile,1,13.0,Credit Card,Male,3.0,2,Laptop & Accessory,5,Married,6,1,14.0,7.0,7.0,8.0,184.74,2,5,4,11,Champions
54515,0,4.0,Computer,3,32.0,Cash on Delivery,Female,3.0,4,Laptop & Accessory,3,Married,9,1,13.0,3.0,3.0,3.0,172.36,3,4,3,10,Loyal
54516,0,1.0,Mobile,3,7.0,Debit Card,Male,3.0,4,Laptop & Accessory,3,Married,3,0,18.0,1.0,8.0,8.0,177.96,2,5,4,11,Champions
54517,0,16.0,Mobile,1,9.0,UPI,Male,4.0,5,Laptop & Accessory,1,Single,5,0,24.0,2.0,2.0,1.0,192.81,5,3,4,12,Loyal
54518,1,1.0,Computer,3,7.0,Cash on Delivery,Female,4.0,5,Mobile Phone,4,Single,3,1,12.0,2.0,2.0,3.0,146.74,3,2,2,7,Hibernating
54519,0,10.0,Computer,3,7.0,Credit Card,Female,3.0,4,Laptop & Accessory,1,Single,6,0,16.0,2.0,2.0,1.0,191.53,5,3,4,12,Loyal
54520,0,10.0,Computer,3,10.0,Credit Card,Male,3.0,5,Fashion,1,Married,6,0,12.0,1.0,2.0,,221.99,5,4,5,14,Champions
54521,0,31.0,Mobile,1,7.0,Credit Card,Male,3.0,4,Laptop & Accessory,3,Married,4,0,12.0,1.0,2.0,3.0,192.55,3,3,4,10,Loyal
54522,0,14.0,Mobile,1,17.0,Debit Card,Female,3.0,2,Mobile Phone,3,Married,5,1,14.0,1.0,2.0,8.0,147.13,1,2,2,5,Hibernating
54523,0,1.0,Computer,3,16.0,Credit Card,Male,3.0,4,Mobile Phone,1,Single,3,0,25.0,3.0,3.0,3.0,151.1,3,4,2,9,Hibernating
54524,1,1.0,Mobile,3,12.0,E wallet,Female,3.0,4,Mobile Phone,3,Single,3,1,14.0,1.0,2.0,1.0,153.51,5,3,2,10,Hibernating
54525,0,11.0,Mobile,1,17.0,Credit Card,Female,4.0,4,Mobile Phone,5,Married,8,0,21.0,2.0,2.0,4.0,159.52,3,3,3,9,Loyal
54526,0,20.0,Computer,1,14.0,Credit Card,Female,2.0,4,Laptop & Accessory,3,Married,4,0,15.0,2.0,2.0,1.0,177.58,5,3,4,12,Loyal
54527,1,5.0,Computer,3,11.0,E wallet,Male,3.0,4,Laptop & Accessory,4,Single,3,0,19.0,5.0,8.0,,218.55,5,5,5,15,Champions
54528,0,24.0,Mobile,1,17.0,Cash on Delivery,Male,4.0,5,Fashion,1,Single,8,0,16.0,2.0,2.0,,229.96,5,4,5,14,Champions
54529,1,4.0,Mobile,3,29.0,E wallet,Male,4.0,5,Laptop & Accessory,3,Married,4,1,13.0,2.0,2.0,1.0,188.8,5,3,4,12,Loyal
54530,0,5.0,Mobile,1,16.0,Debit Card,Male,3.0,5,Mobile Phone,4,Single,2,1,17.0,3.0,3.0,3.0,151.57,3,4,2,9,Hibernating
54531,1,1.0,Mobile,3,19.0,Debit Card,Female,3.0,2,Mobile Phone,4,Single,3,0,16.0,1.0,2.0,1.0,152.16,5,3,2,10,Hibernating
54532,0,3.0,Mobile,1,30.0,Debit Card,Male,3.0,4,Mobile Phone,1,Single,11,0,17.0,1.0,2.0,3.0,147.01,3,2,2,7,Hibernating
54533,0,9.0,Mobile,1,16.0,Debit Card,Male,4.0,5,Laptop & Accessory,4,Single,11,0,20.0,1.0,2.0,1.0,190.4,5,3,4,12,Loyal
54534,0,1.0,Mobile,1,7.0,Credit Card,Male,3.0,4,Mobile Phone,4,Married,3,0,12.0,1.0,2.0,5.0,163.16,2,3,3,8,Loyal
54535,0,2.0,Mobile,3,16.0,Debit Card,Male,4.0,4,Laptop & Accessory,1,Single,3,0,17.0,2.0,2.0,8.0,177.53,1,3,4,8,Loyal
54536,0,23.0,Mobile,1,14.0,UPI,Male,3.0,5,Fashion,3,Single,10,0,25.0,2.0,,1.0,234.65,5,5,5,15,Champions
54537,0,25.0,Mobile,3,21.0,Debit Card,Female,3.0,4,Laptop & Accessory,1,Married,6,0,12.0,2.0,2.0,8.0,174.36,1,3,4,8,Loyal
54538,0,10.0,Mobile,1,9.0,Debit Card,Female,4.0,4,Mobile Phone,3,Married,6,0,14.0,3.0,3.0,3.0,150.43,3,4,2,9,Hibernating
54539,1,1.0,Computer,3,26.0,E wallet,Male,4.0,2,Laptop & Accessory,1,Single,10,1,14.0,1.0,2.0,5.0,178.04,2,3,4,9,Loyal
54540,0,29.0,Mobile,1,9.0,Debit Card,Female,4.0,4,Grocery,1,Single,4,1,14.0,,2.0,3.0,291.59,3,4,5,12,Champions
54541,0,1.0,Mobile,3,17.0,E wallet,Female,4.0,4,Laptop & Accessory,3,Married,3,1,13.0,1.0,2.0,4.0,167.6,3,3,3,9,Loyal
54542,0,4.0,Mobile,3,9.0,Cash on Delivery,Male,4.0,4,Mobile Phone,4,Married,3,0,19.0,2.0,2.0,1.0,149.76,4,3,2,9,Hibernating
54543,1,1.0,Computer,1,10.0,Cash on Delivery,Male,4.0,4,Mobile Phone,5,Single,2,0,23.0,1.0,2.0,5.0,156.02,2,3,3,8,Loyal
54544,0,1.0,Mobile,1,18.0,Credit Card,Female,3.0,4,Mobile Phone,4,Married,3,0,14.0,2.0,2.0,3.0,147.44,3,2,2,7,Hibernating
54545,0,10.0,Mobile,3,9.0,Credit Card,Male,4.0,5,Fashion,3,Married,3,0,14.0,9.0,10.0,1.0,200.96,5,5,4,14,Champions
54546,1,1.0,Computer,1,11.0,Cash on Delivery,Male,3.0,4,Mobile Phone,1,Single,11,1,24.0,2.0,2.0,1.0,147.85,4,2,2,8,Recent Customers
54547,0,11.0,Mobile,1,21.0,Debit Card,Female,4.0,4,Mobile Phone,5,Married,3,0,13.0,11.0,13.0,18.0,155.34,1,5,3,9,Loyal
54548,0,14.0,Mobile,3,9.0,E wallet,Female,3.0,4,Laptop & Accessory,4,Married,9,0,13.0,1.0,2.0,4.0,182.15,3,3,4,10,Loyal
54549,0,16.0,Mobile,1,7.0,Debit Card,Female,4.0,4,Mobile Phone,5,Married,5,0,17.0,1.0,2.0,3.0,150.76,3,3,2,8,Hibernating
54550,0,11.0,Mobile,1,17.0,Debit Card,Male,3.0,4,Laptop & Accessory,4,Single,4,1,13.0,1.0,2.0,2.0,166.97,4,3,3,10,Loyal
54551,0,17.0,Mobile,1,19.0,Debit Card,Male,3.0,5,Grocery,4,Married,3,0,12.0,,4.0,10.0,268.36,1,4,5,10,Champions
54552,0,14.0,Mobile,1,9.0,Credit Card,Female,4.0,5,Laptop & Accessory,3,Married,8,0,23.0,2.0,2.0,1.0,159.48,5,3,3,11,Loyal
54553,0,28.0,Mobile,1,12.0,Credit Card,Male,3.0,4,Others,5,Married,6,0,,2.0,2.0,3.0,319.06,3,4,5,12,Champions
54554,0,8.0,Computer,3,11.0,E wallet,Female,4.0,4,Laptop & Accessory,3,Married,11,0,16.0,1.0,2.0,3.0,190.38,3,3,4,10,Loyal
54555,0,5.0,Mobile,1,14.0,Credit Card,Female,3.0,4,Laptop & Accessory,5,Married,3,0,13.0,4.0,4.0,13.0,168.06,1,4,3,8,Loyal
54556,0,17.0,Computer,1,28.0,Credit Card,Male,4.0,4,Mobile Phone,1,Married,9,0,21.0,2.0,2.0,3.0,147.58,3,2,2,7,Hibernating
54557,0,17.0,Mobile,1,15.0,UPI,Female,4.0,4,Laptop & Accessory,3,Married,6,1,15.0,2.0,2.0,3.0,170.22,3,3,3,9,Loyal
54558,0,1.0,Mobile,3,11.0,Debit Card,Female,4.0,5,Laptop & Accessory,1,Single,3,1,12.0,1.0,2.0,4.0,169.87,3,3,3,9,Loyal
54559,0,11.0,Computer,1,32.0,Credit Card,Female,4.0,4,Laptop & Accessory,3,Married,5,1,16.0,5.0,11.0,8.0,169.49,2,5,3,10,Loyal
54560,0,5.0,Mobile,1,7.0,Debit Card,Male,4.0,5,Mobile Phone,5,Married,3,0,13.0,4.0,4.0,3.0,147.18,3,4,2,9,Hibernating
54561,0,13.0,Computer,1,7.0,Debit Card,Male,3.0,4,Others,3,Married,3,1,,1.0,2.0,7.0,316.97,2,4,5,11,Champions
54562,0,30.0,Computer,3,13.0,Debit Card,Female,3.0,2,Grocery,5,Married,11,0,12.0,7.0,,8.0,257.12,2,5,5,12,Champions
54563,0,4.0,Mobile,3,19.0,Cash on Delivery,Female,3.0,4,Laptop & Accessory,3,Single,2,0,12.0,4.0,5.0,5.0,190.77,2,4,4,10,Champions
54564,0,15.0,Mobile,3,7.0,E wallet,Male,3.0,2,Fashion,5,Married,3,0,17.0,2.0,2.0,8.0,208.92,1,4,5,10,Champions
54565,0,2.0,Mobile,1,24.0,Credit Card,Male,4.0,4,Laptop & Accessory,5,Married,3,0,13.0,1.0,2.0,9.0,170.58,1,3,3,7,Loyal
54566,1,1.0,Mobile,1,10.0,Credit Card,Male,4.0,4,Mobile Phone,5,Married,7,0,14.0,2.0,2.0,3.0,165.31,3,3,3,9,Loyal
54567,0,26.0,Mobile,1,10.0,Credit Card,Male,3.0,5,Fashion,3,Married,4,1,15.0,2.0,2.0,5.0,204.69,2,4,4,10,Champions
54568,0,19.0,Mobile,1,17.0,Debit Card,Male,4.0,4,Mobile Phone,1,Married,5,0,22.0,1.0,2.0,3.0,151.54,3,3,2,8,Hibernating
54569,0,26.0,Mobile,1,11.0,Debit Card,Female,2.0,4,Grocery,1,Married,4,0,14.0,,2.0,5.0,290.55,2,4,5,11,Champions
54570,0,16.0,Computer,1,36.0,Debit Card,Female,4.0,4,Laptop & Accessory,3,Married,4,0,12.0,2.0,2.0,3.0,170.56,3,3,3,9,Loyal
54571,0,4.0,Mobile,1,9.0,Debit Card,Female,3.0,6,Laptop & Accessory,1,Single,4,0,21.0,2.0,2.0,3.0,185.91,3,3,4,10,Loyal
54572,0,31.0,Mobile,1,14.0,Debit Card,Female,3.0,4,Others,5,Married,7,0,,2.0,12.0,11.0,320.66,1,5,5,11,Champions
54573,0,20.0,Mobile,1,25.0,Credit Card,Female,3.0,4,Laptop & Accessory,3,Married,4,0,15.0,2.0,2.0,9.0,173.1,1,3,4,8,Loyal
54574,0,16.0,Computer,1,35.0,Cash on Delivery,Female,3.0,5,Laptop & Accessory,1,Married,2,0,12.0,1.0,2.0,5.0,170.23,2,3,3,8,Loyal
54575,1,1.0,Mobile,3,7.0,Cash on Delivery,Female,4.0,4,Mobile Phone,4,Single,3,1,17.0,1.0,2.0,5.0,157.02,2,3,3,8,Loyal
54576,1,1.0,Computer,3,13.0,E wallet,Female,3.0,6,Mobile Phone,3,Married,2,0,17.0,1.0,2.0,1.0,148.51,4,2,2,8,Recent Customers
54577,0,12.0,Computer,1,9.0,Debit Card,Male,3.0,4,Mobile Phone,1,Married,3,1,24.0,2.0,2.0,1.0,142.02,4,2,2,8,Recent Customers
54578,0,14.0,Mobile,3,9.0,Debit Card,Female,4.0,4,Others,3,Married,2,0,,2.0,2.0,13.0,305.41,1,4,5,10,Champions
54579,0,1.0,Mobile,1,30.0,Debit Card,Female,3.0,4,Mobile Phone,1,Married,3,0,23.0,1.0,2.0,3.0,153.86,3,3,3,9,Loyal
54580,0,4.0,Computer,1,10.0,Debit Card,Male,3.0,4,Mobile Phone,1,Married,6,0,16.0,2.0,2.0,5.0,145.97,2,2,2,6,Hibernating
54581,0,3.0,Mobile,1,10.0,Credit Card,Male,4.0,5,Fashion,3,Married,3,0,19.0,1.0,,8.0,244.35,2,5,5,12,Champions
54582,1,1.0,Mobile,1,32.0,Cash on Delivery,Female,4.0,5,Mobile Phone,4,Married,7,0,17.0,2.0,2.0,2.0,150.46,4,3,2,9,Hibernating
54583,1,1.0,Mobile,2,9.0,Cash on Delivery,Male,3.0,5,Mobile Phone,1,Single,3,0,13.0,1.0,2.0,1.0,150.64,4,3,2,9,Hibernating
54584,0,4.0,Computer,3,29.0,UPI,Female,4.0,4,Fashion,5,Married,2,0,12.0,4.0,8.0,9.0,209.12,1,5,5,11,Champions
54585,0,31.0,Mobile,3,36.0,E wallet,Male,3.0,5,Grocery,1,Married,5,0,13.0,,2.0,1.0,266.18,5,4,5,14,Champions
54586,0,24.0,Mobile,1,36.0,Debit Card,Male,3.0,5,Grocery,3,Married,2,0,,16.0,16.0,8.0,295.46,2,5,5,12,Champions
54587,0,4.0,Computer,1,9.0,Credit Card,Female,3.0,4,Mobile Phone,1,Single,2,0,15.0,2.0,7.0,8.0,150.64,1,5,2,8,At Risk
54588,0,31.0,Computer,3,35.0,E wallet,Female,4.0,5,Fashion,5,Married,6,0,20.0,4.0,14.0,,227.66,5,5,5,15,Champions
54589,0,21.0,Mobile,1,9.0,Credit Card,Female,4.0,4,Laptop & Accessory,1,Married,7,0,14.0,1.0,2.0,5.0,175.7,2,3,4,9,Loyal
54590,0,20.0,Mobile,1,9.0,Debit Card,Male,3.0,4,Grocery,3,Married,8,0,,2.0,2.0,2.0,303.61,4,4,5,13,Champions
54591,0,9.0,Mobile,1,29.0,Debit Card,Male,3.0,6,Mobile Phone,3,Single,2,0,16.0,2.0,5.0,4.0,167.3,3,4,3,10,Loyal
54592,0,28.0,Mobile,1,6.0,Debit Card,Female,3.0,4,Laptop & Accessory,3,Single,9,0,12.0,1.0,2.0,1.0,162.8,5,3,3,11,Loyal
54593,0,8.0,Mobile,1,9.0,Debit Card,Male,4.0,5,Mobile Phone,3,Married,5,0,13.0,4.0,6.0,8.0,152.68,1,5,2,8,At Risk
54594,0,6.0,Mobile,3,17.0,E wallet,Female,4.0,5,Fashion,1,Married,4,1,20.0,1.0,2.0,,215.71,5,4,5,14,Champions
54595,0,5.0,Mobile,1,16.0,Debit Card,Male,3.0,4,Fashion,4,Married,3,0,26.0,1.0,2.0,9.0,231.48,1,4,5,10,Champions
54596,1,1.0,Mobile,1,22.0,Credit Card,Male,3.0,4,Fashion,3,Married,9,1,13.0,,8.0,8.0,261.1,2,5,5,12,Champions
54597,1,1.0,Mobile,1,17.0,Credit Card,Male,3.0,6,Mobile Phone,1,Married,9,0,14.0,1.0,2.0,4.0,159.08,3,3,3,9,Loyal
54598,0,4.0,Mobile,3,14.0,E wallet,Male,3.0,4,Mobile Phone,4,Single,2,0,15.0,1.0,2.0,3.0,154.83,3,3,3,9,Loyal
54599,0,9.0,Mobile,1,23.0,Debit Card,Male,4.0,4,Fashion,3,Married,6,1,13.0,1.0,2.0,1.0,201.32,5,4,4,13,Champions
54600,1,1.0,Computer,1,27.0,Debit Card,Male,4.0,4,Fashion,3,Married,5,0,13.0,2.0,2.0,,223.24,5,4,5,14,Champions
54601,1,1.0,Computer,2,30.0,UPI,Female,3.0,4,Fashion,5,Married,11,1,16.0,2.0,2.0,,224.5,5,4,5,14,Champions
54602,0,16.0,Computer,1,12.0,UPI,Male,4.0,4,Mobile Phone,3,Married,6,0,18.0,1.0,3.0,1.0,145.93,5,4,2,11,Hibernating
54603,0,10.0,Computer,3,17.0,Credit Card,Male,3.0,4,Fashion,1,Single,3,0,15.0,9.0,10.0,,224.8,5,5,5,15,Champions
54604,1,1.0,Computer,1,11.0,Cash on Delivery,Male,4.0,5,Mobile Phone,3,Single,7,0,17.0,1.0,2.0,3.0,163.94,3,3,3,9,Loyal
54605,0,22.0,Mobile,3,9.0,E wallet,Female,3.0,4,Laptop & Accessory,1,Married,4,0,15.0,7.0,7.0,8.0,165.51,1,5,3,9,Loyal
54606,0,29.0,Mobile,3,25.0,Debit Card,Female,3.0,4,Grocery,4,Single,5,0,,2.0,8.0,9.0,293.35,1,5,5,11,Champions
54607,0,15.0,Computer,3,17.0,Debit Card,Male,3.0,4,Laptop & Accessory,1,Single,9,0,15.0,1.0,2.0,11.0,187.3,1,3,4,8,Loyal
54608,0,9.0,Mobile,3,7.0,E wallet,Male,3.0,4,Laptop & Accessory,3,Married,11,0,12.0,1.0,7.0,10.0,172.17,1,5,3,9,Loyal
54609,0,14.0,Mobile,1,13.0,Debit Card,Female,4.0,4,Grocery,3,Single,9,0,16.0,5.0,,14.0,257.37,1,5,5,11,Champions
54610,0,13.0,Computer,1,15.0,Debit Card,Female,3.0,4,Mobile Phone,3,Married,3,0,12.0,2.0,2.0,8.0,162.55,1,3,3,7,Loyal
54611,0,5.0,Mobile,3,9.0,Debit Card,Male,4.0,4,Laptop & Accessory,1,Single,6,1,14.0,2.0,2.0,6.0,190.82,2,3,4,9,Loyal
54612,0,16.0,Mobile,1,31.0,Credit Card,Male,3.0,4,Fashion,5,Married,3,1,22.0,6.0,6.0,9.0,199.06,1,5,4,10,Champions
54613,0,19.0,Mobile,3,9.0,UPI,Male,4.0,4,Laptop & Accessory,4,Married,2,0,20.0,4.0,4.0,8.0,173.05,1,4,3,8,Loyal
54614,1,1.0,Computer,2,24.0,Debit Card,Female,3.0,4,Mobile Phone,3,Married,2,1,12.0,1.0,2.0,1.0,152.41,5,3,2,10,Hibernating
54615,0,3.0,Mobile,1,26.0,Cash on Delivery,Male,3.0,4,Laptop & Accessory,1,Married,6,0,13.0,2.0,2.0,3.0,167.62,3,3,3,9,Loyal
54616,0,7.0,Mobile,1,7.0,Credit Card,Female,4.0,2,Grocery,3,Married,6,0,20.0,,2.0,6.0,286.84,2,4,5,11,Champions
54617,0,5.0,Mobile,3,14.0,Debit Card,Male,3.0,5,Fashion,1,Married,11,0,22.0,2.0,,2.0,240.57,4,5,5,14,Champions
54618,1,1.0,Computer,3,12.0,E wallet,Male,4.0,4,Mobile Phone,4,Single,3,1,15.0,2.0,2.0,1.0,143.78,4,2,2,8,Recent Customers
54619,0,14.0,Computer,3,35.0,UPI,Male,3.0,6,Fashion,5,Married,5,0,16.0,1.0,,2.0,234.32,4,5,5,14,Champions
54620,0,15.0,Computer,1,9.0,UPI,Female,4.0,5,Laptop & Accessory,3,Single,4,1,18.0,1.0,2.0,8.0,193.11,1,3,4,8,Loyal
54621,0,1.0,Mobile,3,36.0,Credit Card,Male,3.0,4,Laptop & Accessory,3,Married,7,0,13.0,1.0,2.0,1.0,168.06,5,3,3,11,Loyal
54622,0,9.0,Mobile,3,7.0,Credit Card,Female,4.0,4,Laptop & Accessory,3,Single,3,0,17.0,2.0,2.0,4.0,173.59,3,3,4,10,Loyal
54623,0,8.0,Mobile,3,28.0,Debit Card,Male,4.0,2,Laptop & Accessory,1,Single,3,0,13.0,1.0,6.0,8.0,178.37,1,5,4,10,Champions
54624,1,1.0,Mobile,1,31.0,Cash on Delivery,Male,4.0,6,Mobile Phone,1,Single,3,1,19.0,1.0,2.0,1.0,148.4,4,2,2,8,Recent Customers
54625,0,11.0,Mobile,1,7.0,Cash on Delivery,Female,3.0,4,Fashion,1,Single,6,0,18.0,2.0,2.0,3.0,199.91,3,4,4,11,Champions
54626,0,20.0,Computer,1,25.0,Credit Card,Female,3.0,4,Fashion,3,Married,7,0,12.0,1.0,2.0,,230.27,5,4,5,14,Champions
54627,0,15.0,Mobile,3,9.0,Debit Card,Female,4.0,4,Grocery,5,Married,9,0,17.0,,12.0,9.0,290.95,1,5,5,11,Champions
54628,0,11.0,Computer,3,16.0,Credit Card,Male,4.0,4,Fashion,4,Married,3,0,14.0,2.0,8.0,,213.34,5,5,5,15,Champions
54629,0,26.0,Mobile,1,13.0,Cash on Delivery,Male,4.0,4,Laptop & Accessory,5,Married,5,1,13.0,3.0,7.0,10.0,180.77,1,5,4,10,Champions
54630,1,1.0,Computer,3,18.0,UPI,Male,3.0,2,Laptop & Accessory,3,Married,10,0,13.0,2.0,2.0,3.0,172.07,3,3,3,9,Loyal
54631,0,1.0,Computer,3,31.0,Credit Card,Male,3.0,4,Mobile Phone,1,Married,2,0,14.0,2.0,3.0,2.0,149.0,4,4,2,10,Hibernating
54632,0,12.0,Mobile,1,17.0,Credit Card,Female,4.0,4,Laptop & Accessory,3,Married,5,0,20.0,1.0,2.0,,223.24,5,4,5,14,Champions
54633,0,11.0,Mobile,1,7.0,Debit Card,Female,4.0,4,Laptop & Accessory,4,Married,8,0,13.0,5.0,5.0,4.0,189.47,3,4,4,11,Champions
54634,0,23.0,Mobile,1,25.0,Debit Card,Male,3.0,5,Others,3,Married,3,1,,2.0,2.0,10.0,320.02,1,4,5,10,Champions
54635,0,1.0,Mobile,1,30.0,Credit Card,Male,3.0,2,Mobile Phone,1,Married,3,1,12.0,1.0,2.0,5.0,152.25,2,3,2,7,At Risk
54636,0,1.0,Mobile,3,35.0,E wallet,Male,4.0,4,Laptop & Accessory,4,Married,3,0,21.0,1.0,2.0,5.0,187.72,2,3,4,9,Loyal
54637,0,1.0,Mobile,1,24.0,UPI,Male,4.0,5,Mobile Phone,4,Married,3,0,22.0,2.0,2.0,1.0,146.27,4,2,2,8,Recent Customers
54638,0,24.0,Computer,2,10.0,Credit Card,Male,4.0,4,Others,4,Married,3,0,,2.0,11.0,8.0,307.0,2,5,5,12,Champions
54639,0,1.0,Mobile,3,20.0,Credit Card,Male,3.0,4,Mobile Phone,3,Married,3,0,12.0,2.0,2.0,7.0,145.96,2,2,2,6,Hibernating
54640,1,1.0,Computer,1,14.0,Debit Card,Female,3.0,4,Mobile Phone,3,Married,3,1,17.0,1.0,2.0,3.0,153.86,3,3,3,9,Loyal
54641,1,1.0,Computer,3,19.0,Debit Card,Male,4.0,5,Mobile Phone,5,Married,3,0,19.0,2.0,2.0,1.0,145.33,4,2,2,8,Recent Customers
54642,0,8.0,Mobile,1,7.0,Debit Card,Male,3.0,5,Mobile Phone,1,Married,3,1,14.0,2.0,2.0,4.0,161.22,3,3,3,9,Loyal
54643,1,1.0,Mobile,3,20.0,Credit Card,Male,3.0,4,Laptop & Accessory,5,Married,4,0,18.0,1.0,2.0,3.0,167.33,3,3,3,9,Loyal
54644,0,9.0,Mobile,1,32.0,UPI,Male,3.0,5,Laptop & Accessory,1,Single,6,0,15.0,2.0,2.0,3.0,161.81,3,3,3,9,Loyal
54645,0,5.0,Mobile,3,13.0,Credit Card,Male,4.0,2,Laptop & Accessory,1,Married,6,0,23.0,6.0,6.0,8.0,179.6,1,5,4,10,Champions
54646,0,1.0,Mobile,1,13.0,Credit Card,Female,4.0,5,Mobile Phone,3,Married,2,0,13.0,1.0,2.0,4.0,146.87,3,2,2,7,Hibernating
54647,0,11.0,Mobile,3,9.0,E wallet,Male,4.0,4,Laptop & Accessory,3,Married,6,1,12.0,1.0,2.0,,221.02,5,4,5,14,Champions
54648,0,1.0,Mobile,1,7.0,Debit Card,Female,3.0,5,Mobile Phone,4,Single,3,0,14.0,1.0,2.0,1.0,153.36,5,3,2,10,Hibernating
54649,0,16.0,Mobile,1,9.0,Debit Card,Female,3.0,4,Laptop & Accessory,1,Married,3,0,14.0,1.0,3.0,3.0,165.89,3,4,3,10,Loyal
54650,0,17.0,Mobile,1,13.0,UPI,Male,3.0,5,Grocery,1,Married,6,1,15.0,,2.0,1.0,291.27,5,4,5,14,Champions
54651,0,12.0,Mobile,1,7.0,Debit Card,Female,3.0,4,Mobile Phone,5,Single,5,0,18.0,1.0,2.0,1.0,151.19,4,3,2,9,Hibernating
54652,0,17.0,Computer,1,16.0,Credit Card,Male,4.0,4,Laptop & Accessory,3,Married,5,1,14.0,2.0,5.0,8.0,181.79,1,4,4,9,Champions
54653,0,22.0,Mobile,1,7.0,Debit Card,Female,3.0,5,Grocery,5,Married,9,0,12.0,,2.0,3.0,279.02,3,4,5,12,Champions
54654,0,18.0,Mobile,2,7.0,Debit Card,Female,3.0,5,Laptop & Accessory,3,Single,6,0,12.0,2.0,2.0,3.0,184.85,3,3,4,10,Loyal
54655,0,8.0,Mobile,3,21.0,Cash on Delivery,Female,3.0,4,Mobile Phone,3,Married,3,1,19.0,2.0,2.0,7.0,150.79,2,3,2,7,At Risk
54656,1,1.0,Mobile,3,9.0,E wallet,Male,3.0,4,Mobile Phone,5,Married,2,0,12.0,2.0,2.0,3.0,155.41,3,3,3,9,Loyal
54657,0,1.0,Mobile,3,29.0,Cash on Delivery,Male,3.0,4,Mobile Phone,3,Single,3,0,12.0,1.0,2.0,3.0,159.47,3,3,3,9,Loyal
54658,0,18.0,Mobile,1,10.0,UPI,Male,3.0,4,Others,1,Married,6,1,,1.0,2.0,2.0,320.13,4,4,5,13,Champions
54659,0,1.0,Mobile,1,13.0,Credit Card,Male,4.0,4,Mobile Phone,3,Married,2,0,21.0,2.0,3.0,3.0,152.73,3,4,2,9,Hibernating
54660,0,7.0,Mobile,3,15.0,E wallet,Male,3.0,4,Laptop & Accessory,3,Married,2,0,13.0,1.0,2.0,3.0,196.04,3,4,4,11,Champions
54661,0,6.0,Mobile,1,16.0,Debit Card,Female,4.0,4,Laptop & Accessory,1,Married,3,1,13.0,2.0,2.0,6.0,188.22,2,3,4,9,Loyal
54662,0,4.0,Computer,1,10.0,Credit Card,Female,4.0,4,Mobile Phone,3,Married,3,0,21.0,2.0,2.0,1.0,145.83,4,2,2,8,Recent Customers
54663,0,27.0,Mobile,3,7.0,Credit Card,Female,3.0,4,Laptop & Accessory,5,Single,9,0,21.0,5.0,9.0,11.0,208.81,1,5,4,10,Champions
54664,0,8.0,Mobile,1,7.0,Debit Card,Male,3.0,4,Mobile Phone,1,Married,3,0,13.0,2.0,9.0,9.0,151.91,1,5,2,8,At Risk
54665,1,9.0,Computer,3,33.0,Debit Card,Female,4.0,4,Laptop & Accessory,5,Married,4,0,15.0,1.0,2.0,1.0,167.86,5,3,3,11,Loyal
54666,0,1.0,Mobile,1,13.0,Debit Card,Female,4.0,4,Mobile Phone,1,Married,3,1,14.0,1.0,2.0,3.0,81.0,3,2,1,6,Hibernating
54667,0,11.0,Mobile,1,10.0,UPI,Male,3.0,4,Fashion,3,Married,3,0,16.0,8.0,8.0,,219.34,5,5,5,15,Champions
54668,0,3.0,Mobile,3,10.0,Credit Card,Female,4.0,4,Laptop & Accessory,3,Married,3,0,15.0,1.0,2.0,3.0,180.61,3,3,4,10,Loyal
54669,0,9.0,Mobile,1,13.0,Debit Card,Male,3.0,6,Laptop & Accessory,1,Single,3,0,14.0,1.0,12.0,9.0,191.46,1,5,4,10,Champions
54670,0,7.0,Computer,1,13.0,Debit Card,Male,2.0,4,Laptop & Accessory,1,Married,5,0,24.0,4.0,5.0,8.0,202.25,1,4,4,9,Champions
54671,0,28.0,Mobile,2,26.0,Credit Card,Male,3.0,4,Fashion,4,Married,4,0,16.0,3.0,,2.0,232.25,4,5,5,14,Champions
54672,0,10.0,Mobile,1,16.0,Credit Card,Male,3.0,5,Laptop & Accessory,4,Married,4,1,12.0,1.0,2.0,,213.47,5,4,5,14,Champions
54673,0,1.0,Mobile,1,10.0,Credit Card,Male,3.0,5,Mobile Phone,1,Single,2,0,14.0,2.0,2.0,2.0,145.45,4,2,2,8,Recent Customers
54674,1,1.0,Mobile,1,17.0,Credit Card,Male,3.0,4,Mobile,3,Single,3,1,12.0,2.0,2.0,2.0,135.09,4,2,1,7,Recent Customers
54675,1,1.0,Computer,1,10.0,Debit Card,Male,4.0,4,Mobile Phone,5,Single,3,1,12.0,6.0,10.0,8.0,158.48,2,5,3,10,Loyal
54676,0,9.0,Computer,1,10.0,Debit Card,Male,3.0,5,Mobile Phone,3,Married,3,0,19.0,2.0,2.0,1.0,137.81,4,2,1,7,Recent Customers
54677,0,1.0,Mobile,1,11.0,Credit Card,Male,3.0,2,Mobile Phone,5,Married,4,0,17.0,1.0,2.0,3.0,153.19,3,3,2,8,Hibernating
54678,0,1.0,Mobile,3,15.0,Debit Card,Male,3.0,2,Laptop & Accessory,4,Married,2,0,23.0,2.0,2.0,3.0,173.51,3,3,4,10,Loyal
54679,0,12.0,Mobile,3,14.0,E wallet,Female,3.0,5,Laptop & Accessory,1,Single,2,0,21.0,2.0,2.0,6.0,165.28,2,3,3,8,Loyal
54680,0,3.0,Computer,1,7.0,Debit Card,Male,4.0,6,Mobile Phone,1,Married,3,0,19.0,1.0,3.0,9.0,152.2,1,4,2,7,At Risk
54681,0,22.0,Mobile,3,9.0,E wallet,Male,3.0,2,Laptop & Accessory,4,Married,5,0,13.0,1.0,3.0,3.0,206.2,3,4,4,11,Champions
54682,0,1.0,Computer,3,10.0,Credit Card,Female,4.0,2,Laptop & Accessory,1,Married,3,1,21.0,2.0,2.0,5.0,171.47,2,3,3,8,Loyal
54683,0,11.0,Mobile,1,17.0,Debit Card,Male,4.0,2,Mobile Phone,1,Single,5,0,18.0,2.0,2.0,1.0,171.8,5,3,3,11,Loyal
54684,0,24.0,Mobile,1,35.0,Credit Card,Male,4.0,2,Mobile Phone,3,Married,3,1,12.0,1.0,4.0,9.0,157.21,1,4,3,8,Loyal
54685,0,8.0,Mobile,1,16.0,Credit Card,Female,3.0,5,Fashion,4,Single,3,0,15.0,5.0,8.0,,211.21,5,5,5,15,Champions
54686,1,1.0,Mobile,3,10.0,Debit Card,Female,4.0,4,Laptop & Accessory,3,Single,11,0,15.0,2.0,3.0,1.0,170.77,5,4,3,12,Loyal
54687,0,13.0,Mobile,1,9.0,Cash on Delivery,Female,4.0,5,Laptop & Accessory,3,Single,3,0,12.0,2.0,12.0,11.0,170.53,1,5,3,9,Loyal
54688,0,6.0,Mobile,3,17.0,E wallet,Male,3.0,4,Laptop & Accessory,1,Single,3,0,13.0,2.0,2.0,9.0,178.96,1,3,4,8,Loyal
54689,1,14.0,Computer,3,15.0,Cash on Delivery,Male,3.0,4,Laptop & Accessory,3,Married,5,1,15.0,1.0,2.0,4.0,192.96,3,3,4,10,Loyal
54690,0,12.0,Mobile,1,7.0,Debit Card,Female,3.0,2,Laptop & Accessory,1,Single,2,0,14.0,1.0,2.0,9.0,201.25,1,4,4,9,Champions
54691,0,1.0,Mobile,1,7.0,Debit Card,Female,4.0,4,Fashion,5,Married,3,0,12.0,1.0,2.0,8.0,199.12,1,4,4,9,Champions
54692,0,6.0,Mobile,1,10.0,Debit Card,Female,3.0,4,Fashion,1,Single,5,0,16.0,7.0,,8.0,236.59,2,5,5,12,Champions
54693,0,21.0,Mobile,3,21.0,E wallet,Male,3.0,4,Laptop & Accessory,5,Single,4,0,13.0,2.0,2.0,8.0,174.6,1,3,4,8,Loyal
54694,0,14.0,Computer,3,12.0,Debit Card,Male,3.0,5,Fashion,5,Married,7,1,22.0,1.0,2.0,,229.75,5,4,5,14,Champions
54695,0,27.0,Mobile,1,14.0,Debit Card,Male,3.0,2,Grocery,3,Married,5,0,20.0,,2.0,4.0,273.14,3,4,5,12,Champions
54696,0,15.0,Mobile,2,17.0,UPI,Male,4.0,5,Others,1,Married,5,0,,4.0,13.0,7.0,316.41,2,5,5,12,Champions
54697,0,31.0,Mobile,3,23.0,E wallet,Male,3.0,4,Laptop & Accessory,5,Single,10,0,15.0,3.0,3.0,3.0,179.05,3,4,4,11,Champions
54698,0,1.0,Computer,1,17.0,Debit Card,Male,3.0,4,Fashion,5,Married,3,0,22.0,1.0,2.0,,212.93,5,4,5,14,Champions
54699,0,15.0,Mobile,2,7.0,UPI,Male,3.0,5,Others,3,Married,3,0,,2.0,3.0,11.0,316.89,1,4,5,10,Champions
54700,0,24.0,Mobile,3,15.0,E wallet,Male,3.0,4,Mobile Phone,4,Married,9,0,16.0,1.0,3.0,3.0,163.75,3,4,3,10,Loyal
54701,1,1.0,Mobile,1,7.0,Debit Card,Female,4.0,6,Mobile Phone,4,Single,9,1,14.0,2.0,4.0,8.0,147.16,1,4,2,7,At Risk
54702,0,10.0,Computer,1,15.0,Debit Card,Female,4.0,2,Fashion,5,Married,11,0,15.0,1.0,,6.0,242.13,2,5,5,12,Champions
54703,0,12.0,Mobile,1,7.0,Debit Card,Female,3.0,4,Fashion,3,Single,6,1,15.0,1.0,2.0,1.0,203.61,5,4,4,13,Champions
54704,0,18.0,Computer,1,31.0,Credit Card,Male,3.0,6,Mobile Phone,3,Single,4,0,15.0,1.0,2.0,5.0,162.08,2,3,3,8,Loyal
54705,0,21.0,Computer,3,10.0,Credit Card,Female,3.0,4,Grocery,3,Married,11,1,13.0,,12.0,14.0,262.7,1,5,5,11,Champions
54706,0,4.0,Mobile,3,34.0,E wallet,Male,4.0,4,Laptop & Accessory,1,Married,9,0,24.0,3.0,8.0,8.0,178.04,2,5,4,11,Champions
54707,0,3.0,Mobile,3,17.0,Debit Card,Male,4.0,4,Mobile Phone,3,Single,3,0,12.0,2.0,2.0,1.0,151.42,4,3,2,9,Hibernating
54708,1,6.0,Computer,1,26.0,Credit Card,Male,3.0,2,Mobile Phone,3,Married,8,1,13.0,1.0,3.0,3.0,152.59,3,4,2,9,Hibernating
54709,0,17.0,Computer,3,22.0,Debit Card,Male,3.0,5,Laptop & Accessory,1,Married,5,0,19.0,2.0,3.0,3.0,193.04,3,4,4,11,Champions
54710,0,8.0,Mobile,1,15.0,Credit Card,Female,4.0,4,Laptop & Accessory,3,Single,5,0,12.0,1.0,5.0,4.0,186.42,3,4,4,11,Champions
54711,0,1.0,Mobile,1,16.0,Credit Card,Male,3.0,4,Mobile Phone,5,Married,3,0,15.0,2.0,2.0,3.0,150.0,3,3,2,8,Hibernating
54712,0,13.0,Mobile,2,10.0,UPI,Female,3.0,2,Laptop & Accessory,4,Married,11,0,16.0,1.0,4.0,7.0,188.89,2,4,4,10,Champions
54713,0,30.0,Mobile,1,16.0,Credit Card,Male,3.0,4,Grocery,1,Married,9,0,12.0,1.0,,2.0,236.03,4,5,5,14,Champions
54714,0,14.0,Mobile,1,9.0,Credit Card,Female,3.0,5,Mobile Phone,1,Single,2,1,21.0,1.0,3.0,4.0,148.42,3,4,2,9,Hibernating
54715,0,1.0,Mobile,1,14.0,Credit Card,Female,3.0,5,Laptop & Accessory,5,Single,10,0,20.0,2.0,2.0,8.0,193.11,1,3,4,8,Loyal
54716,0,3.0,Mobile,3,17.0,E wallet,Male,3.0,4,Mobile Phone,4,Married,3,0,15.0,3.0,3.0,3.0,147.97,3,4,2,9,Hibernating
54717,0,27.0,Mobile,1,13.0,Debit Card,Male,3.0,4,Laptop & Accessory,1,Single,4,0,18.0,3.0,3.0,3.0,149.5,3,4,2,9,Hibernating
54718,0,9.0,Computer,1,9.0,Debit Card,Female,4.0,4,Laptop & Accessory,5,Married,4,0,12.0,2.0,2.0,1.0,175.93,5,3,4,12,Loyal
54719,0,6.0,Computer,1,31.0,Debit Card,Male,4.0,4,Laptop & Accessory,1,Married,3,0,16.0,2.0,5.0,8.0,178.09,1,4,4,9,Champions
54720,0,12.0,Mobile,1,9.0,Credit Card,Male,4.0,4,Mobile Phone,3,Married,8,1,14.0,1.0,2.0,2.0,155.57,4,3,3,10,Loyal
54721,0,8.0,Mobile,1,15.0,Debit Card,Female,3.0,4,Laptop & Accessory,5,Married,5,0,15.0,2.0,2.0,1.0,176.21,5,3,4,12,Loyal
54722,0,26.0,Mobile,3,10.0,E wallet,Male,3.0,5,Grocery,5,Married,3,0,,2.0,2.0,17.0,293.56,1,4,5,10,Champions
54723,1,1.0,Mobile,1,7.0,UPI,Male,4.0,4,Mobile Phone,1,Single,3,1,14.0,7.0,8.0,9.0,151.86,1,5,2,8,At Risk
54724,0,1.0,Mobile,3,33.0,Credit Card,Female,3.0,4,Laptop & Accessory,1,Single,3,0,24.0,1.0,2.0,5.0,186.8,2,3,4,9,Loyal
54725,0,19.0,Mobile,3,9.0,Cash on Delivery,Male,3.0,6,Laptop & Accessory,3,Single,2,0,14.0,2.0,4.0,2.0,191.32,4,4,4,12,Champions
54726,0,1.0,Mobile,1,17.0,Credit Card,Male,4.0,2,Mobile Phone,3,Single,3,0,19.0,1.0,2.0,3.0,160.05,3,3,3,9,Loyal
54727,1,11.0,Computer,3,34.0,Debit Card,Female,4.0,2,Laptop & Accessory,3,Single,6,1,13.0,1.0,2.0,4.0,188.97,3,3,4,10,Loyal
54728,0,8.0,Mobile,3,9.0,UPI,Male,3.0,4,Laptop & Accessory,1,Single,3,0,23.0,1.0,2.0,5.0,187.74,2,3,4,9,Loyal
54729,1,19.0,Mobile,1,9.0,Credit Card,Male,4.0,4,Others,5,Married,7,1,14.0,2.0,2.0,5.0,323.59,2,4,5,11,Champions
54730,0,10.0,Computer,3,15.0,Debit Card,Male,4.0,5,Fashion,5,Single,3,0,16.0,1.0,2.0,10.0,200.87,1,4,4,9,Champions
54731,0,26.0,Computer,1,26.0,Credit Card,Male,3.0,4,Mobile Phone,1,Married,2,0,19.0,2.0,2.0,3.0,167.58,3,3,3,9,Loyal
54732,0,1.0,Computer,1,7.0,Debit Card,Female,4.0,6,Mobile Phone,1,Married,5,0,15.0,3.0,3.0,1.0,168.64,5,4,3,12,Loyal
54733,0,3.0,Mobile,1,34.0,Credit Card,Female,4.0,4,Laptop & Accessory,3,Married,6,0,13.0,1.0,2.0,2.0,168.35,4,3,3,10,Loyal
54734,1,1.0,Mobile,3,15.0,Cash on Delivery,Male,3.0,5,Laptop & Accessory,5,Single,8,0,18.0,1.0,2.0,3.0,178.26,3,3,4,10,Loyal
54735,0,8.0,Mobile,1,7.0,Debit Card,Female,4.0,2,Mobile Phone,1,Single,4,0,17.0,2.0,2.0,4.0,157.8,3,3,3,9,Loyal
54736,0,28.0,Mobile,1,26.0,Credit Card,Female,4.0,4,Laptop & Accessory,5,Married,11,1,12.0,1.0,2.0,5.0,179.85,2,3,4,9,Loyal
54737,0,1.0,Computer,3,15.0,E wallet,Male,3.0,4,Laptop & Accessory,1,Married,2,0,20.0,2.0,2.0,2.0,168.42,4,3,3,10,Loyal
54738,0,11.0,Mobile,1,17.0,Debit Card,Female,3.0,4,Mobile Phone,5,Married,2,1,14.0,5.0,5.0,4.0,152.82,3,4,2,9,Hibernating
54739,0,12.0,Computer,1,9.0,Debit Card,Female,4.0,2,Laptop & Accessory,5,Single,8,1,13.0,1.0,5.0,13.0,184.8,1,4,4,9,Champions
54740,0,8.0,Mobile,1,9.0,Credit Card,Female,3.0,5,Mobile Phone,5,Single,3,0,12.0,2.0,2.0,4.0,168.81,3,3,3,9,Loyal
54741,0,9.0,Mobile,3,15.0,Debit Card,Female,4.0,4,Mobile Phone,1,Married,3,0,17.0,2.0,2.0,3.0,150.72,3,3,2,8,Hibernating
54742,0,4.0,Mobile,1,7.0,Debit Card,Male,3.0,6,Mobile Phone,3,Married,5,0,22.0,2.0,2.0,3.0,163.33,3,3,3,9,Loyal
54743,0,14.0,Computer,1,9.0,Credit Card,Female,3.0,2,Laptop & Accessory,4,Married,3,0,25.0,1.0,4.0,8.0,167.44,1,4,3,8,Loyal
54744,0,8.0,Mobile,3,15.0,Debit Card,Female,4.0,4,Laptop & Accessory,5,Married,7,0,18.0,2.0,2.0,3.0,190.0,3,3,4,10,Loyal
54745,0,16.0,Computer,1,15.0,Debit Card,Male,4.0,4,Others,1,Married,3,0,,6.0,15.0,10.0,309.3,1,5,5,11,Champions
54746,1,1.0,Mobile,1,13.0,Debit Card,Male,4.0,2,Mobile Phone,5,Married,3,1,22.0,1.0,2.0,1.0,141.01,4,2,2,8,Recent Customers
54747,0,1.0,Computer,1,16.0,Debit Card,Male,3.0,5,Mobile Phone,4,Married,3,0,12.0,1.0,2.0,1.0,151.94,5,3,2,10,Hibernating
54748,0,26.0,Mobile,1,18.0,Debit Card,Female,3.0,4,Laptop & Accessory,3,Married,10,0,21.0,2.0,2.0,5.0,156.49,2,3,3,8,Loyal
54749,0,24.0,Mobile,1,9.0,Credit Card,Male,4.0,4,Grocery,3,Married,7,0,,1.0,2.0,4.0,301.39,3,4,5,12,Champions
54750,1,1.0,Mobile,1,7.0,Debit Card,Female,3.0,5,Mobile Phone,5,Married,3,1,12.0,1.0,2.0,1.0,148.19,4,2,2,8,Recent Customers
54751,0,7.0,Mobile,1,14.0,Credit Card,Male,3.0,4,Fashion,3,Married,2,0,12.0,2.0,,8.0,241.91000000000005,2,5,5,12,Champions
54752,1,1.0,Mobile,3,23.0,E wallet,Female,4.0,4,Laptop & Accessory,5,Single,7,0,16.0,2.0,2.0,3.0,178.24,3,3,4,10,Loyal
54753,0,21.0,Mobile,1,9.0,UPI,Female,3.0,4,Grocery,1,Married,3,1,,4.0,4.0,1.0,292.52,5,4,5,14,Champions
54754,0,10.0,Mobile,1,7.0,UPI,Female,3.0,4,Laptop & Accessory,4,Married,2,0,16.0,2.0,2.0,6.0,177.28,2,3,4,9,Loyal
54755,0,3.0,Mobile,1,30.0,Debit Card,Male,3.0,2,Mobile Phone,3,Married,3,0,25.0,2.0,2.0,8.0,152.0,1,3,2,6,At Risk
54756,1,21.0,Mobile,1,9.0,Debit Card,Male,3.0,4,Others,4,Single,9,1,,8.0,14.0,9.0,317.46,1,5,5,11,Champions
54757,0,9.0,Mobile,1,7.0,Debit Card,Female,3.0,2,Mobile Phone,3,Single,5,0,14.0,3.0,3.0,3.0,150.06,3,4,2,9,Hibernating
54758,0,16.0,Mobile,1,7.0,Debit Card,Female,3.0,5,Laptop & Accessory,1,Married,11,1,14.0,1.0,2.0,3.0,185.62,3,3,4,10,Loyal
54759,1,1.0,Mobile,1,9.0,Credit Card,Male,3.0,4,Mobile Phone,3,Single,8,0,18.0,3.0,3.0,2.0,168.82,4,4,3,11,Loyal
54760,0,10.0,Mobile,2,20.0,UPI,Male,3.0,4,Mobile Phone,4,Married,6,0,14.0,2.0,2.0,5.0,146.43,2,2,2,6,Hibernating
54761,0,6.0,Mobile,1,11.0,Debit Card,Female,4.0,5,Laptop & Accessory,3,Married,3,0,13.0,6.0,7.0,9.0,186.62,1,5,4,10,Champions
54762,0,14.0,Computer,1,23.0,Credit Card,Male,3.0,5,Laptop & Accessory,3,Single,8,0,15.0,1.0,2.0,1.0,175.94,5,3,4,12,Loyal
54763,0,4.0,Mobile,1,9.0,Credit Card,Female,3.0,5,Laptop & Accessory,1,Single,7,1,25.0,2.0,2.0,1.0,193.77,5,4,4,13,Champions
54764,0,19.0,Mobile,1,9.0,Debit Card,Female,4.0,5,Mobile Phone,3,Single,3,0,15.0,2.0,2.0,1.0,147.74,4,2,2,8,Recent Customers
54765,0,16.0,Mobile,1,36.0,Debit Card,Male,4.0,4,Laptop & Accessory,4,Married,3,0,14.0,6.0,8.0,9.0,169.34,1,5,3,9,Loyal
54766,0,12.0,Computer,1,19.0,Debit Card,Male,1.0,5,Laptop & Accessory,5,Married,4,0,16.0,2.0,2.0,3.0,187.88,3,3,4,10,Loyal
54767,0,8.0,Computer,1,23.0,Debit Card,Female,4.0,5,Mobile Phone,1,Single,3,0,17.0,2.0,2.0,4.0,150.53,3,3,2,8,Hibernating
54768,1,13.0,Mobile,3,18.0,E wallet,Female,3.0,4,Fashion,1,Married,3,0,19.0,1.0,8.0,8.0,201.54,2,5,4,11,Champions
54769,1,19.0,Mobile,3,9.0,Credit Card,Male,3.0,4,Laptop & Accessory,1,Single,6,0,17.0,2.0,8.0,4.0,176.6,3,5,4,12,Champions
54770,0,17.0,Mobile,1,21.0,Debit Card,Male,4.0,4,Grocery,5,Married,8,0,,2.0,2.0,1.0,296.59,5,4,5,14,Champions
54771,0,1.0,Mobile,1,12.0,Cash on Delivery,Male,3.0,5,Fashion,1,Married,3,1,17.0,2.0,,9.0,253.08,1,5,5,11,Champions
54772,0,9.0,Mobile,1,14.0,UPI,Male,3.0,4,Fashion,3,Single,5,0,22.0,1.0,2.0,,227.21,5,4,5,14,Champions
54773,0,2.0,Mobile,3,9.0,E wallet,Female,3.0,4,Laptop & Accessory,4,Married,3,1,21.0,7.0,8.0,6.0,172.79,2,5,3,10,Loyal
54774,0,8.0,Mobile,2,10.0,UPI,Male,3.0,4,Mobile Phone,1,Married,2,0,20.0,2.0,2.0,3.0,162.37,3,3,3,9,Loyal
54775,1,1.0,Computer,1,12.0,Credit Card,Female,3.0,5,Mobile Phone,3,Married,3,1,15.0,1.0,2.0,8.0,148.66,1,2,2,5,Hibernating
54776,0,1.0,Computer,1,10.0,Credit Card,Male,3.0,4,Mobile Phone,1,Married,3,0,12.0,1.0,2.0,1.0,142.06,4,2,2,8,Recent Customers
54777,0,25.0,Mobile,3,33.0,E wallet,Female,4.0,4,Grocery,3,Married,4,0,15.0,,5.0,18.0,288.07,1,5,5,11,Champions
54778,0,18.0,Mobile,1,11.0,Credit Card,Male,3.0,4,Laptop & Accessory,4,Single,11,0,13.0,2.0,3.0,4.0,184.33,3,4,4,11,Champions
54779,0,1.0,Mobile,1,9.0,Credit Card,Male,4.0,2,Mobile Phone,5,Single,9,0,14.0,1.0,2.0,2.0,159.24,4,3,3,10,Loyal
54780,0,7.0,Mobile,3,7.0,Credit Card,Male,3.0,2,Laptop & Accessory,5,Married,3,0,23.0,1.0,2.0,9.0,165.37,1,3,3,7,Loyal
54781,0,9.0,Mobile,1,34.0,Credit Card,Female,3.0,5,Mobile Phone,5,Single,3,0,12.0,1.0,2.0,2.0,150.59,4,3,2,9,Hibernating
54782,0,10.0,Mobile,3,7.0,Debit Card,Male,3.0,4,Laptop & Accessory,1,Married,3,1,15.0,4.0,5.0,12.0,187.01,1,4,4,9,Champions
54783,0,6.0,Mobile,3,20.0,Debit Card,Male,4.0,4,Laptop & Accessory,1,Married,4,0,12.0,1.0,2.0,4.0,169.03,3,3,3,9,Loyal
54784,0,4.0,Computer,1,12.0,Debit Card,Male,4.0,5,Mobile Phone,1,Married,11,0,13.0,1.0,2.0,4.0,162.61,3,3,3,9,Loyal
54785,0,27.0,Mobile,3,14.0,E wallet,Female,4.0,5,Fashion,1,Married,9,1,19.0,1.0,,5.0,234.34,2,5,5,12,Champions
54786,0,19.0,Mobile,3,16.0,E wallet,Male,4.0,4,Fashion,5,Married,6,1,13.0,1.0,,3.0,232.61,4,5,5,14,Champions
54787,0,6.0,Mobile,1,15.0,Credit Card,Female,4.0,2,Laptop & Accessory,3,Married,7,0,13.0,2.0,2.0,4.0,176.75,3,3,4,10,Loyal
54788,0,26.0,Computer,1,32.0,Credit Card,Female,3.0,5,Grocery,1,Married,5,0,23.0,,2.0,1.0,263.26,5,4,5,14,Champions
54789,0,11.0,Mobile,3,23.0,E wallet,Male,4.0,5,Laptop & Accessory,3,Married,6,0,20.0,2.0,2.0,1.0,188.34,5,3,4,12,Loyal
54790,0,2.0,Mobile,2,15.0,Credit Card,Male,4.0,5,Mobile Phone,1,Married,3,0,14.0,2.0,2.0,5.0,174.36,2,3,4,9,Loyal
54791,0,1.0,Mobile,1,7.0,Debit Card,Male,3.0,5,Laptop & Accessory,1,Married,8,0,23.0,3.0,3.0,3.0,172.75,3,4,3,10,Loyal
54792,0,18.0,Mobile,1,15.0,Debit Card,Male,4.0,2,Mobile Phone,1,Married,4,1,25.0,2.0,2.0,3.0,153.18,3,3,2,8,Hibernating
54793,0,16.0,Computer,1,9.0,Credit Card,Male,3.0,4,Mobile Phone,1,Single,7,1,15.0,2.0,3.0,3.0,150.15,3,4,2,9,Hibernating
54794,0,10.0,Mobile,2,15.0,Debit Card,Male,4.0,5,Mobile Phone,5,Married,2,0,22.0,1.0,2.0,4.0,148.42,3,2,2,7,Hibernating
54795,0,1.0,Mobile,3,10.0,UPI,Male,4.0,4,Laptop & Accessory,5,Married,3,1,19.0,1.0,2.0,4.0,166.94,3,3,3,9,Loyal
54796,0,9.0,Mobile,1,16.0,Debit Card,Female,4.0,5,Fashion,3,Married,3,1,21.0,4.0,,16.0,231.85,1,5,5,11,Champions
54797,1,1.0,Computer,1,32.0,Debit Card,Female,4.0,4,Mobile Phone,4,Married,3,1,20.0,7.0,8.0,9.0,145.22,1,5,2,8,At Risk
54798,0,6.0,Computer,1,7.0,Debit Card,Male,4.0,4,Mobile Phone,1,Married,2,0,13.0,2.0,2.0,3.0,148.14,3,2,2,7,Hibernating
54799,0,1.0,Mobile,3,11.0,E wallet,Male,3.0,5,Laptop & Accessory,5,Married,3,0,13.0,2.0,2.0,4.0,167.56,3,3,3,9,Loyal
54800,0,23.0,Mobile,1,7.0,Cash on Delivery,Female,3.0,4,Mobile Phone,5,Married,4,0,17.0,1.0,2.0,3.0,160.8,3,3,3,9,Loyal
54801,0,1.0,Computer,1,11.0,Debit Card,Male,3.0,5,Mobile Phone,1,Married,2,0,18.0,1.0,4.0,5.0,156.62,2,4,3,9,Loyal
54802,0,6.0,Computer,3,12.0,Debit Card,Male,3.0,4,Laptop & Accessory,4,Married,3,0,15.0,3.0,6.0,4.0,190.24,3,5,4,12,Champions
54803,0,12.0,Mobile,3,16.0,E wallet,Male,4.0,5,Mobile Phone,4,Married,2,0,20.0,1.0,2.0,3.0,153.99,3,3,3,9,Loyal
54804,0,16.0,Mobile,1,10.0,Debit Card,Female,4.0,2,Laptop & Accessory,1,Married,4,1,14.0,2.0,2.0,4.0,177.31,3,3,4,10,Loyal
54805,0,5.0,Mobile,1,18.0,Debit Card,Male,3.0,4,Mobile Phone,1,Married,5,1,20.0,1.0,2.0,3.0,148.56,3,2,2,7,Hibernating
54806,1,1.0,Mobile,3,7.0,Credit Card,Female,3.0,5,Mobile Phone,3,Married,8,1,20.0,2.0,2.0,3.0,153.0,3,3,2,8,Hibernating
54807,0,27.0,Mobile,3,15.0,E wallet,Male,4.0,4,Grocery,1,Married,7,0,15.0,3.0,,3.0,243.36,4,5,5,14,Champions
54808,0,9.0,Mobile,1,32.0,Cash on Delivery,Male,4.0,5,Fashion,4,Married,5,0,17.0,3.0,,9.0,234.03,1,5,5,11,Champions
54809,0,11.0,Computer,3,28.0,Credit Card,Female,3.0,4,Mobile Phone,1,Married,7,0,16.0,2.0,2.0,1.0,154.73,5,3,3,11,Loyal
54810,0,27.0,Mobile,1,30.0,Debit Card,Female,4.0,4,Grocery,1,Single,8,0,19.0,,4.0,9.0,267.75,1,4,5,10,Champions
54811,0,17.0,Computer,1,7.0,Debit Card,Female,3.0,4,Laptop & Accessory,1,Married,6,0,14.0,2.0,3.0,3.0,180.62,3,4,4,11,Champions
54812,0,21.0,Mobile,3,9.0,E wallet,Female,3.0,4,Laptop & Accessory,1,Married,2,1,23.0,4.0,8.0,8.0,170.37,2,5,3,10,Loyal
54813,0,11.0,Computer,3,26.0,Credit Card,Male,3.0,4,Fashion,4,Single,3,1,14.0,1.0,2.0,10.0,201.42,1,4,4,9,Champions
54814,0,24.0,Computer,1,9.0,Debit Card,Male,4.0,4,Grocery,5,Married,3,0,,14.0,15.0,8.0,304.24,2,5,5,12,Champions
54815,0,13.0,Mobile,2,9.0,Debit Card,Female,3.0,5,Laptop & Accessory,1,Married,10,0,12.0,2.0,2.0,5.0,177.04,2,3,4,9,Loyal
54816,0,7.0,Mobile,2,10.0,UPI,Male,3.0,4,Mobile Phone,4,Married,5,1,12.0,1.0,2.0,4.0,147.77,3,2,2,7,Hibernating
54817,1,1.0,Mobile,1,32.0,Debit Card,Male,3.0,4,Mobile Phone,1,Single,3,1,25.0,1.0,2.0,2.0,152.95,4,3,2,9,Hibernating
54818,0,3.0,Mobile,1,14.0,Credit Card,Female,4.0,5,Mobile Phone,1,Married,8,0,15.0,2.0,2.0,4.0,150.32,3,3,2,8,Hibernating
54819,0,18.0,Mobile,1,16.0,Debit Card,Male,4.0,4,Mobile Phone,5,Married,3,1,14.0,6.0,8.0,2.0,150.59,4,5,2,11,Hibernating
54820,0,2.0,Mobile,3,12.0,Credit Card,Male,4.0,4,Laptop & Accessory,1,Single,3,0,15.0,1.0,2.0,3.0,174.08,3,3,4,10,Loyal
54821,1,21.0,Computer,1,9.0,Debit Card,Male,3.0,5,Mobile Phone,1,Married,11,1,15.0,2.0,2.0,1.0,148.8,4,2,2,8,Recent Customers
54822,0,17.0,Mobile,1,15.0,Debit Card,Female,3.0,4,Laptop & Accessory,4,Married,6,0,22.0,2.0,2.0,1.0,172.65,5,3,3,11,Loyal
54823,1,1.0,Mobile,3,9.0,Credit Card,Female,3.0,5,Mobile Phone,3,Single,3,0,14.0,2.0,2.0,3.0,145.44,3,2,2,7,Hibernating
54824,1,1.0,Mobile,1,25.0,UPI,Female,4.0,4,Mobile Phone,1,Single,3,0,20.0,2.0,2.0,1.0,151.93,5,3,2,10,Hibernating
54825,0,10.0,Mobile,1,21.0,Debit Card,Male,4.0,4,Laptop & Accessory,1,Married,2,1,18.0,3.0,5.0,12.0,190.86,1,4,4,9,Champions
54826,0,21.0,Mobile,3,9.0,Debit Card,Female,4.0,5,Mobile Phone,1,Single,3,1,19.0,1.0,2.0,3.0,157.94,3,3,3,9,Loyal
54827,1,1.0,Mobile,1,10.0,Debit Card,Female,3.0,4,Laptop & Accessory,3,Married,2,1,20.0,2.0,2.0,3.0,166.71,3,3,3,9,Loyal
54828,1,5.0,Mobile,1,9.0,Debit Card,Female,3.0,6,Mobile Phone,1,Married,6,1,14.0,1.0,2.0,1.0,152.78,5,3,2,10,Hibernating
54829,0,2.0,Mobile,1,16.0,Credit Card,Female,4.0,4,Mobile Phone,3,Married,7,0,19.0,1.0,3.0,3.0,148.77,3,4,2,9,Hibernating
54830,1,3.0,Mobile,1,13.0,Credit Card,Male,4.0,4,Mobile Phone,5,Married,9,1,22.0,2.0,3.0,3.0,149.04,3,4,2,9,Hibernating
54831,0,1.0,Mobile,1,11.0,Debit Card,Female,4.0,4,Mobile Phone,3,Single,3,0,20.0,1.0,2.0,1.0,148.18,4,2,2,8,Recent Customers
54832,0,8.0,Mobile,1,17.0,Debit Card,Male,3.0,4,Mobile Phone,4,Married,3,0,15.0,2.0,2.0,1.0,145.08,4,2,2,8,Recent Customers
54833,0,16.0,Mobile,3,21.0,Credit Card,Female,4.0,5,Laptop & Accessory,3,Single,9,0,18.0,2.0,2.0,4.0,187.44,3,3,4,10,Loyal
54834,0,7.0,Mobile,1,7.0,UPI,Male,4.0,5,Mobile Phone,5,Single,5,1,12.0,2.0,2.0,3.0,152.99,3,3,2,8,Hibernating
54835,0,31.0,Mobile,1,12.0,Cash on Delivery,Female,3.0,5,Fashion,4,Married,4,1,14.0,2.0,2.0,,230.52,5,4,5,14,Champions
54836,0,5.0,Mobile,3,14.0,Debit Card,Male,3.0,5,Mobile Phone,3,Married,5,0,16.0,3.0,6.0,3.0,148.29,4,5,2,11,Hibernating
54837,0,9.0,Mobile,1,28.0,Debit Card,Female,3.0,4,Laptop & Accessory,1,Married,3,1,26.0,1.0,2.0,8.0,165.14,1,3,3,7,Loyal
54838,0,23.0,Mobile,1,15.0,UPI,Female,3.0,4,Fashion,4,Married,6,0,12.0,1.0,2.0,8.0,199.03,1,4,4,9,Champions
54839,0,22.0,Mobile,1,27.0,Credit Card,Male,3.0,4,Mobile Phone,3,Married,6,0,18.0,2.0,2.0,1.0,147.59,4,2,2,8,Recent Customers
54840,0,5.0,Computer,3,27.0,E wallet,Female,3.0,4,Laptop & Accessory,3,Married,3,0,14.0,2.0,2.0,1.0,194.32,5,4,4,13,Champions
54841,0,10.0,Mobile,1,14.0,UPI,Male,4.0,4,Mobile Phone,1,Single,4,0,19.0,2.0,2.0,2.0,171.78,4,3,3,10,Loyal
54842,0,12.0,Mobile,1,7.0,Cash on Delivery,Female,4.0,4,Fashion,5,Married,3,0,14.0,5.0,6.0,12.0,260.82,1,5,5,11,Champions
54843,0,6.0,Computer,1,7.0,Debit Card,Female,4.0,5,Mobile Phone,4,Married,8,0,21.0,1.0,2.0,3.0,148.32,3,2,2,7,Hibernating
54844,1,1.0,Mobile,3,26.0,E wallet,Male,3.0,5,Mobile Phone,4,Married,3,1,19.0,1.0,2.0,1.0,149.13,4,2,2,8,Recent Customers
54845,0,14.0,Mobile,3,17.0,E wallet,Male,4.0,5,Fashion,4,Married,4,0,13.0,1.0,2.0,,222.05,5,4,5,14,Champions
54846,0,1.0,Computer,3,7.0,Credit Card,Male,3.0,5,Laptop & Accessory,5,Single,3,0,13.0,1.0,2.0,8.0,167.94,1,3,3,7,Loyal
54847,0,15.0,Mobile,1,13.0,Credit Card,Male,3.0,4,Mobile Phone,5,Single,4,1,14.0,2.0,3.0,18.0,172.21,1,4,3,8,Loyal
54848,0,10.0,Mobile,1,9.0,Credit Card,Male,4.0,4,Mobile Phone,3,Single,6,0,22.0,2.0,4.0,10.0,150.19,1,4,2,7,At Risk
54849,1,1.0,Mobile,3,28.0,UPI,Male,3.0,5,Mobile Phone,4,Single,3,1,14.0,2.0,2.0,1.0,146.21,4,2,2,8,Recent Customers
54850,1,1.0,Mobile,1,11.0,Cash on Delivery,Male,3.0,4,Mobile Phone,5,Single,3,0,20.0,2.0,2.0,1.0,154.73,5,3,3,11,Loyal
54851,0,5.0,Mobile,1,19.0,Credit Card,Female,3.0,4,Laptop & Accessory,1,Married,2,1,12.0,7.0,9.0,6.0,183.55,2,5,4,11,Champions
54852,0,14.0,Computer,1,16.0,Credit Card,Male,3.0,4,Mobile Phone,4,Married,10,1,15.0,1.0,2.0,1.0,161.17,5,3,3,11,Loyal
54853,0,6.0,Mobile,1,10.0,Credit Card,Female,4.0,4,Laptop & Accessory,5,Married,3,0,13.0,2.0,7.0,4.0,192.25,3,5,4,12,Champions
54854,1,1.0,Mobile,3,10.0,Debit Card,Male,3.0,5,Fashion,1,Married,3,1,12.0,4.0,4.0,,228.25,5,4,5,14,Champions
54855,0,7.0,Mobile,1,7.0,Debit Card,Female,3.0,5,Laptop & Accessory,1,Single,2,0,15.0,2.0,2.0,5.0,194.49,2,4,4,10,Champions
54856,1,1.0,Mobile,3,7.0,Debit Card,Male,3.0,5,Fashion,3,Married,7,0,12.0,6.0,12.0,,231.09,5,5,5,15,Champions
54857,0,19.0,Computer,1,11.0,Debit Card,Male,3.0,4,Laptop & Accessory,4,Married,3,0,13.0,2.0,2.0,9.0,169.47,1,3,3,7,Loyal
54858,0,3.0,Computer,3,27.0,Cash on Delivery,Female,3.0,4,Mobile Phone,1,Married,3,0,16.0,1.0,2.0,3.0,146.57,3,2,2,7,Hibernating
54859,0,9.0,Mobile,3,25.0,Credit Card,Female,3.0,4,Laptop & Accessory,3,Married,3,0,17.0,2.0,2.0,1.0,171.01,5,3,3,11,Loyal
54860,0,26.0,Mobile,1,7.0,Debit Card,Male,4.0,4,Grocery,1,Married,4,0,,4.0,8.0,9.0,295.99,1,5,5,11,Champions
54861,1,21.0,Mobile,1,9.0,Cash on Delivery,Male,3.0,4,Mobile Phone,3,Single,6,0,25.0,1.0,2.0,1.0,149.79,4,3,2,9,Hibernating
54862,0,27.0,Mobile,3,9.0,Credit Card,Male,3.0,4,Grocery,3,Married,8,0,14.0,,16.0,3.0,273.52,4,5,5,14,Champions
54863,0,4.0,Mobile,3,15.0,UPI,Male,4.0,4,Fashion,3,Married,7,0,12.0,3.0,8.0,8.0,197.64,2,5,4,11,Champions
54864,0,12.0,Computer,3,17.0,Cash on Delivery,Female,3.0,4,Laptop & Accessory,1,Single,3,1,14.0,2.0,2.0,4.0,181.66,3,3,4,10,Loyal
54865,0,9.0,Mobile,3,10.0,Debit Card,Male,4.0,4,Fashion,1,Married,8,0,14.0,1.0,2.0,9.0,203.23,1,4,4,9,Champions
54866,0,13.0,Mobile,3,9.0,Debit Card,Male,3.0,2,Fashion,3,Single,2,0,19.0,1.0,2.0,8.0,203.8,1,4,4,9,Champions
54867,1,4.0,Computer,3,31.0,Debit Card,Female,4.0,2,Grocery,4,Single,6,1,17.0,2.0,,1.0,256.94,5,5,5,15,Champions
54868,0,21.0,Computer,1,23.0,Credit Card,Male,4.0,2,Laptop & Accessory,3,Married,3,1,20.0,2.0,3.0,8.0,175.67,1,4,4,9,Champions
54869,0,10.0,Computer,3,15.0,Cash on Delivery,Male,3.0,4,Laptop & Accessory,1,Married,6,0,14.0,2.0,2.0,8.0,175.79,1,3,4,8,Loyal
54870,1,1.0,Computer,1,16.0,Credit Card,Male,3.0,5,Mobile Phone,5,Single,2,1,23.0,1.0,2.0,3.0,148.21,3,2,2,7,Hibernating
54871,0,7.0,Computer,3,24.0,Debit Card,Male,3.0,4,Grocery,3,Single,3,0,,6.0,7.0,1.0,299.44,5,5,5,15,Champions
54872,1,1.0,Mobile,1,17.0,Debit Card,Female,4.0,5,Mobile Phone,5,Single,8,1,21.0,2.0,2.0,1.0,149.04,4,2,2,8,Recent Customers
54873,0,7.0,Mobile,1,20.0,Debit Card,Female,3.0,4,Mobile Phone,1,Single,5,0,19.0,2.0,2.0,3.0,159.52,3,3,3,9,Loyal
54874,0,19.0,Mobile,1,7.0,Credit Card,Female,4.0,4,Mobile Phone,1,Married,5,0,15.0,2.0,2.0,3.0,147.7,3,2,2,7,Hibernating
54875,0,24.0,Mobile,1,7.0,Credit Card,Male,4.0,4,Grocery,1,Married,11,0,,1.0,2.0,4.0,298.99,3,4,5,12,Champions
54876,0,7.0,Computer,1,7.0,UPI,Female,3.0,2,Laptop & Accessory,4,Married,3,1,14.0,2.0,2.0,3.0,179.88,3,3,4,10,Loyal
54877,0,15.0,Computer,1,16.0,Credit Card,Male,4.0,4,Others,3,Married,4,0,,1.0,2.0,12.0,319.19,1,4,5,10,Champions
54878,0,1.0,Mobile,1,23.0,Cash on Delivery,Female,3.0,4,Mobile Phone,4,Married,11,0,15.0,3.0,3.0,3.0,153.11,3,4,2,9,Hibernating
54879,0,19.0,Computer,1,30.0,Debit Card,Male,3.0,4,Laptop & Accessory,5,Married,3,1,16.0,2.0,2.0,9.0,161.33,1,3,3,7,Loyal
54880,0,21.0,Mobile,3,11.0,Debit Card,Female,3.0,4,Laptop & Accessory,1,Single,3,1,18.0,2.0,2.0,8.0,166.63,1,3,3,7,Loyal
54881,1,1.0,Mobile,1,29.0,Debit Card,Female,3.0,4,Mobile Phone,3,Married,6,1,12.0,1.0,2.0,2.0,146.32,4,2,2,8,Recent Customers
54882,0,24.0,Mobile,1,31.0,Debit Card,Male,4.0,4,Grocery,3,Married,5,1,19.0,,2.0,6.0,264.73,2,4,5,11,Champions
54883,0,12.0,Computer,1,17.0,Credit Card,Male,4.0,4,Mobile Phone,3,Married,2,0,18.0,1.0,2.0,3.0,151.84,3,3,2,8,Hibernating
54884,0,20.0,Mobile,1,14.0,Credit Card,Male,4.0,4,Fashion,3,Married,8,0,14.0,2.0,,8.0,233.45,2,5,5,12,Champions
54885,0,1.0,Mobile,1,24.0,Credit Card,Female,3.0,5,Laptop & Accessory,3,Married,3,0,16.0,1.0,4.0,3.0,168.77,3,4,3,10,Loyal
54886,1,1.0,Mobile,1,21.0,UPI,Male,3.0,5,Mobile Phone,4,Married,3,1,25.0,2.0,2.0,3.0,162.43,3,3,3,9,Loyal
54887,0,5.0,Computer,1,7.0,Debit Card,Female,4.0,4,Laptop & Accessory,5,Married,3,0,13.0,2.0,2.0,4.0,166.48,3,3,3,9,Loyal
54888,0,1.0,Computer,1,12.0,Debit Card,Male,4.0,4,Mobile Phone,1,Single,3,0,16.0,1.0,2.0,1.0,135.51,4,2,1,7,Recent Customers
54889,0,28.0,Mobile,1,24.0,Cash on Delivery,Female,3.0,4,Fashion,3,Married,10,0,12.0,1.0,,9.0,232.39,1,5,5,11,Champions
54890,0,9.0,Mobile,1,32.0,Credit Card,Female,3.0,4,Fashion,3,Married,3,1,12.0,1.0,11.0,,228.88,5,5,5,15,Champions
54891,0,4.0,Mobile,1,15.0,Debit Card,Female,4.0,2,Fashion,5,Married,2,1,13.0,1.0,,8.0,239.16000000000005,2,5,5,12,Champions
54892,1,1.0,Mobile,1,18.0,Credit Card,Female,4.0,5,Mobile Phone,5,Single,3,1,16.0,2.0,2.0,1.0,151.0,4,3,2,9,Hibernating
54893,1,1.0,Computer,1,12.0,Credit Card,Female,3.0,4,Mobile Phone,4,Single,2,0,18.0,1.0,2.0,3.0,149.22,3,2,2,7,Hibernating
54894,0,1.0,Mobile,1,9.0,Credit Card,Male,3.0,2,Laptop & Accessory,1,Married,3,0,13.0,2.0,2.0,4.0,179.72,3,3,4,10,Loyal
54895,0,1.0,Mobile,1,15.0,Debit Card,Male,4.0,6,Mobile Phone,5,Married,3,0,16.0,1.0,2.0,2.0,149.51,4,3,2,9,Hibernating
54896,0,22.0,Mobile,1,13.0,Debit Card,Male,4.0,5,Laptop & Accessory,3,Single,4,0,14.0,1.0,3.0,3.0,167.4,3,4,3,10,Loyal
54897,0,22.0,Mobile,1,11.0,Debit Card,Male,4.0,5,Fashion,3,Single,9,0,15.0,2.0,,9.0,234.99,1,5,5,11,Champions
54898,0,15.0,Mobile,1,14.0,Credit Card,Female,3.0,4,Laptop & Accessory,3,Single,8,0,15.0,3.0,3.0,2.0,175.03,4,4,4,12,Champions
54899,0,13.0,Mobile,1,7.0,Debit Card,Female,4.0,5,Grocery,1,Married,3,0,17.0,10.0,,9.0,252.42,1,5,5,11,Champions
54900,0,1.0,Mobile,1,9.0,Debit Card,Female,3.0,4,Laptop & Accessory,1,Married,2,0,19.0,3.0,3.0,3.0,167.27,3,4,3,10,Loyal
54901,0,9.0,Mobile,1,17.0,UPI,Male,3.0,4,Mobile Phone,1,Married,3,0,21.0,1.0,2.0,3.0,164.17,3,3,3,9,Loyal
54902,0,1.0,Mobile,3,12.0,E wallet,Male,3.0,4,Others,3,Married,8,0,,1.0,2.0,1.0,308.03,5,4,5,14,Champions
54903,0,24.0,Mobile,1,16.0,Debit Card,Male,4.0,4,Mobile Phone,1,Married,6,0,19.0,2.0,2.0,1.0,148.8,4,2,2,8,Recent Customers
54904,0,31.0,Mobile,1,9.0,Debit Card,Female,4.0,5,Grocery,1,Single,5,1,14.0,,5.0,4.0,262.26,3,4,5,12,Champions
54905,1,1.0,Mobile,1,18.0,Credit Card,Female,4.0,6,Laptop & Accessory,4,Married,7,0,16.0,2.0,2.0,1.0,172.77,5,3,3,11,Loyal
54906,0,29.0,Computer,1,25.0,Credit Card,Male,4.0,4,Laptop & Accessory,4,Married,5,1,15.0,3.0,7.0,8.0,188.85,2,5,4,11,Champions
54907,0,15.0,Computer,1,14.0,Debit Card,Female,3.0,6,Others,3,Married,3,0,23.0,6.0,6.0,11.0,324.73,1,5,5,11,Champions
54908,0,12.0,Mobile,3,10.0,Debit Card,Male,3.0,4,Laptop & Accessory,1,Single,10,1,13.0,2.0,2.0,1.0,193.61,5,3,4,12,Loyal
54909,1,1.0,Computer,3,36.0,Credit Card,Male,4.0,6,Laptop & Accessory,5,Single,10,0,19.0,2.0,3.0,3.0,174.69,3,4,4,11,Champions
54910,1,16.0,Mobile,3,9.0,E wallet,Female,3.0,6,Others,1,Married,3,0,16.0,4.0,7.0,10.0,323.45,1,5,5,11,Champions
54911,0,18.0,Mobile,3,35.0,Credit Card,Female,3.0,2,Grocery,1,Married,5,1,19.0,5.0,,12.0,258.2,1,5,5,11,Champions
54912,0,24.0,Computer,3,7.0,Debit Card,Female,4.0,4,Laptop & Accessory,3,Married,2,0,13.0,1.0,2.0,14.0,188.47,1,3,4,8,Loyal
54913,1,1.0,Mobile,1,23.0,Debit Card,Female,3.0,2,Mobile Phone,5,Single,3,0,17.0,4.0,16.0,15.0,152.43,1,5,2,8,At Risk
54914,0,13.0,Computer,1,29.0,Credit Card,Female,3.0,4,Fashion,5,Single,3,1,14.0,2.0,,9.0,233.8,1,5,5,11,Champions
54915,0,7.0,Computer,3,15.0,Debit Card,Female,3.0,5,Mobile Phone,1,Single,2,0,20.0,1.0,3.0,3.0,148.42,3,4,2,9,Hibernating
54916,0,19.0,Mobile,3,18.0,Debit Card,Female,3.0,4,Grocery,1,Married,5,0,,1.0,2.0,2.0,301.5,4,4,5,13,Champions
54917,0,6.0,Computer,1,36.0,Credit Card,Female,4.0,4,Mobile Phone,3,Single,11,0,13.0,7.0,8.0,8.0,165.25,2,5,3,10,Loyal
54918,0,8.0,Mobile,3,7.0,E wallet,Male,4.0,2,Laptop & Accessory,1,Married,2,0,12.0,1.0,2.0,,222.25,5,4,5,14,Champions
54919,0,31.0,Mobile,3,7.0,Cash on Delivery,Male,4.0,4,Fashion,1,Married,5,1,15.0,2.0,,5.0,244.04,2,5,5,12,Champions
54920,0,19.0,Mobile,2,31.0,Credit Card,Male,3.0,4,Mobile Phone,4,Single,3,0,17.0,1.0,2.0,5.0,146.77,2,2,2,6,Hibernating
54921,0,27.0,Computer,3,9.0,E wallet,Female,3.0,5,Fashion,4,Married,4,0,13.0,6.0,7.0,13.0,200.25,1,5,4,10,Champions
54922,1,1.0,Mobile,1,22.0,UPI,Male,3.0,4,Laptop & Accessory,3,Married,9,0,15.0,1.0,2.0,1.0,173.34,5,3,4,12,Loyal
54923,1,1.0,Computer,1,9.0,Debit Card,Male,3.0,4,Mobile Phone,5,Married,8,1,15.0,1.0,2.0,3.0,145.42,3,2,2,7,Hibernating
54924,0,8.0,Mobile,3,17.0,Debit Card,Female,3.0,4,Mobile Phone,3,Married,3,1,20.0,1.0,2.0,1.0,147.2,4,2,2,8,Recent Customers
54925,0,2.0,Mobile,3,17.0,Credit Card,Male,4.0,4,Mobile Phone,4,Married,3,0,23.0,1.0,2.0,1.0,135.52,4,2,1,7,Recent Customers
54926,0,12.0,Computer,1,10.0,UPI,Male,3.0,4,Mobile Phone,3,Married,5,0,17.0,3.0,3.0,3.0,153.21,3,4,2,9,Hibernating
54927,0,24.0,Mobile,1,9.0,Credit Card,Male,4.0,4,Others,3,Married,4,1,,5.0,8.0,8.0,317.37,2,5,5,12,Champions
54928,0,11.0,Mobile,1,10.0,UPI,Female,3.0,4,Laptop & Accessory,4,Single,5,0,16.0,2.0,2.0,2.0,166.07,4,3,3,10,Loyal
54929,0,14.0,Mobile,3,33.0,E wallet,Male,4.0,4,Laptop & Accessory,5,Married,3,0,15.0,4.0,8.0,6.0,208.96,2,5,5,12,Champions
54930,0,1.0,Computer,1,7.0,Credit Card,Female,4.0,5,Mobile Phone,3,Married,3,0,14.0,1.0,2.0,4.0,145.07,2,2,2,6,Hibernating
54931,0,20.0,Mobile,1,7.0,Credit Card,Male,3.0,4,Others,1,Married,11,0,,2.0,3.0,3.0,321.27,3,4,5,12,Champions
54932,0,28.0,Mobile,3,9.0,Debit Card,Female,3.0,5,Fashion,3,Married,8,0,12.0,7.0,,1.0,231.86,5,5,5,15,Champions
54933,0,30.0,Computer,1,16.0,Credit Card,Female,4.0,4,Mobile Phone,3,Married,4,0,20.0,2.0,2.0,4.0,154.42,3,3,3,9,Loyal
54934,0,10.0,Mobile,1,19.0,Credit Card,Female,3.0,5,Fashion,1,Single,2,0,12.0,6.0,8.0,,213.58,5,5,5,15,Champions
54935,0,29.0,Computer,1,9.0,Credit Card,Male,3.0,5,Grocery,5,Single,9,0,,3.0,7.0,3.0,292.56,4,5,5,14,Champions
54936,0,17.0,Mobile,3,32.0,Credit Card,Male,4.0,5,Fashion,1,Married,7,0,14.0,2.0,,1.0,232.98,5,5,5,15,Champions
54937,1,1.0,Computer,3,16.0,E wallet,Female,3.0,4,Mobile Phone,1,Single,3,1,15.0,2.0,2.0,3.0,148.23,3,2,2,7,Hibernating
54938,1,1.0,Mobile,1,17.0,Debit Card,Female,3.0,5,Mobile Phone,5,Single,3,0,14.0,1.0,2.0,1.0,139.16,4,2,1,7,Recent Customers
54939,0,20.0,Mobile,1,15.0,Debit Card,Female,4.0,5,Laptop & Accessory,5,Married,10,1,24.0,2.0,2.0,8.0,171.15,1,3,3,7,Loyal
54940,1,15.0,Mobile,1,11.0,Debit Card,Male,3.0,4,Mobile Phone,3,Married,11,1,13.0,1.0,3.0,8.0,149.61,1,4,2,7,At Risk
54941,1,1.0,Computer,1,31.0,Cash on Delivery,Male,4.0,5,Fashion,5,Single,3,0,13.0,2.0,2.0,,212.22,5,4,5,14,Champions
54942,0,1.0,Mobile,1,7.0,Credit Card,Male,3.0,5,Mobile Phone,5,Married,3,0,17.0,2.0,2.0,4.0,164.55,3,3,3,9,Loyal
54943,0,4.0,Mobile,1,27.0,UPI,Male,3.0,4,Laptop & Accessory,5,Married,2,0,16.0,1.0,2.0,,224.57,5,4,5,14,Champions
54944,0,15.0,Mobile,1,14.0,Cash on Delivery,Female,3.0,2,Mobile Phone,3,Married,3,0,14.0,1.0,2.0,9.0,158.76,1,3,3,7,Loyal
54945,0,12.0,Mobile,1,24.0,Debit Card,Female,4.0,5,Fashion,3,Married,2,0,19.0,2.0,2.0,,213.23,5,4,5,14,Champions
54946,0,14.0,Mobile,1,27.0,Cash on Delivery,Male,4.0,4,Fashion,1,Married,6,0,21.0,4.0,12.0,,228.22,5,5,5,15,Champions
54947,0,1.0,Computer,1,15.0,Debit Card,Male,3.0,6,Mobile Phone,3,Married,3,0,20.0,2.0,2.0,3.0,171.21,3,3,3,9,Loyal
54948,0,29.0,Computer,1,9.0,Debit Card,Male,4.0,4,Fashion,4,Married,5,0,19.0,1.0,,3.0,234.76,4,5,5,14,Champions
54949,0,2.0,Mobile,1,17.0,UPI,Female,3.0,4,Laptop & Accessory,3,Single,5,0,14.0,1.0,2.0,8.0,161.6,1,3,3,7,Loyal
54950,1,8.0,Mobile,2,7.0,Credit Card,Male,4.0,5,Fashion,5,Married,11,0,15.0,3.0,4.0,,229.82,5,4,5,14,Champions
54951,0,7.0,Mobile,1,12.0,Debit Card,Male,3.0,5,Fashion,1,Married,6,0,16.0,2.0,2.0,3.0,196.19,3,4,4,11,Champions
54952,1,1.0,Mobile,3,11.0,Cash on Delivery,Male,3.0,4,Fashion,5,Single,2,1,23.0,3.0,5.0,,220.82,5,4,5,14,Champions
54953,1,1.0,Computer,1,36.0,Credit Card,Female,3.0,5,Laptop & Accessory,3,Single,3,0,23.0,3.0,4.0,9.0,170.08,1,4,3,8,Loyal
54954,0,2.0,Mobile,1,22.0,Debit Card,Male,3.0,4,Mobile Phone,3,Married,3,0,17.0,1.0,3.0,3.0,147.07,3,4,2,9,Hibernating
54955,0,8.0,Computer,1,10.0,Debit Card,Male,3.0,4,Laptop & Accessory,1,Single,2,0,18.0,2.0,2.0,5.0,202.56,2,4,4,10,Champions
54956,0,11.0,Mobile,3,17.0,Debit Card,Female,3.0,5,Laptop & Accessory,1,Married,4,1,15.0,2.0,2.0,1.0,191.94,5,3,4,12,Loyal
54957,1,1.0,Mobile,1,11.0,Cash on Delivery,Male,3.0,4,Mobile Phone,1,Married,3,1,16.0,5.0,6.0,7.0,161.91,2,5,3,10,Loyal
54958,1,1.0,Mobile,1,28.0,Credit Card,Male,3.0,4,Mobile Phone,3,Married,3,0,21.0,2.0,2.0,1.0,148.77,4,2,2,8,Recent Customers
54959,1,1.0,Mobile,1,32.0,Credit Card,Male,3.0,5,Mobile Phone,4,Single,6,1,21.0,2.0,3.0,3.0,148.13,3,4,2,9,Hibernating
54960,0,16.0,Mobile,1,9.0,Credit Card,Male,3.0,4,Grocery,5,Married,2,0,,6.0,14.0,8.0,301.65,2,5,5,12,Champions
54961,1,1.0,Computer,1,7.0,Credit Card,Male,3.0,5,Mobile Phone,4,Married,3,0,16.0,2.0,2.0,1.0,150.96,4,3,2,9,Hibernating
54962,1,14.0,Computer,3,7.0,UPI,Male,3.0,4,Laptop & Accessory,3,Single,5,1,15.0,2.0,2.0,1.0,172.28,5,3,3,11,Loyal
54963,0,7.0,Computer,3,14.0,Debit Card,Female,2.0,4,Laptop & Accessory,4,Married,2,0,18.0,1.0,2.0,3.0,168.02,3,3,3,9,Loyal
54964,0,8.0,Computer,1,10.0,Debit Card,Male,3.0,5,Mobile Phone,1,Married,5,0,18.0,1.0,2.0,1.0,154.79,5,3,3,11,Loyal
54965,0,22.0,Computer,1,7.0,Credit Card,Male,3.0,2,Grocery,1,Single,4,0,,1.0,3.0,2.0,293.85,4,4,5,13,Champions
54966,0,19.0,Computer,3,16.0,Debit Card,Female,4.0,5,Laptop & Accessory,3,Married,3,0,14.0,5.0,5.0,13.0,180.93,1,4,4,9,Champions
54967,0,26.0,Mobile,1,6.0,Debit Card,Male,3.0,4,Fashion,4,Single,9,0,20.0,3.0,5.0,,229.45,5,4,5,14,Champions
54968,0,12.0,Mobile,3,17.0,E wallet,Male,4.0,5,Fashion,3,Married,2,1,15.0,2.0,3.0,,212.4,5,4,5,14,Champions
54969,0,3.0,Mobile,1,35.0,Debit Card,Female,4.0,4,Mobile Phone,1,Married,6,0,23.0,2.0,2.0,8.0,150.14,1,3,2,6,At Risk
54970,0,2.0,Mobile,1,10.0,Credit Card,Female,4.0,4,Fashion,4,Married,2,0,18.0,1.0,2.0,8.0,201.55,1,4,4,9,Champions
54971,0,20.0,Mobile,3,10.0,E wallet,Male,3.0,4,Grocery,3,Married,5,0,,5.0,5.0,10.0,299.65,1,5,5,11,Champions
54972,0,12.0,Mobile,3,9.0,E wallet,Male,3.0,4,Fashion,4,Single,9,0,17.0,2.0,2.0,1.0,198.51,5,4,4,13,Champions
54973,0,17.0,Computer,1,34.0,Debit Card,Female,3.0,4,Fashion,5,Married,10,0,12.0,2.0,,2.0,233.2,4,5,5,14,Champions
54974,1,3.0,Computer,1,9.0,Debit Card,Male,3.0,4,Grocery,1,Married,9,0,12.0,11.0,,6.0,246.69,2,5,5,12,Champions
54975,0,14.0,Mobile,1,21.0,Credit Card,Male,3.0,5,Others,3,Single,3,0,,4.0,5.0,10.0,321.26,1,5,5,11,Champions
54976,0,1.0,Mobile,1,7.0,Cash on Delivery,Female,4.0,5,Mobile Phone,4,Single,3,1,12.0,2.0,3.0,3.0,145.7,3,4,2,9,Hibernating
54977,0,13.0,Computer,1,16.0,Debit Card,Male,4.0,4,Laptop & Accessory,4,Single,11,0,16.0,2.0,2.0,4.0,192.82,3,3,4,10,Loyal
54978,0,10.0,Computer,1,25.0,Debit Card,Male,4.0,4,Laptop & Accessory,1,Single,4,0,21.0,1.0,2.0,10.0,202.79,1,4,4,9,Champions
54979,0,5.0,Computer,3,27.0,Debit Card,Male,4.0,2,Mobile Phone,1,Married,2,0,13.0,3.0,3.0,3.0,152.91,3,4,2,9,Hibernating
54980,0,2.0,Mobile,1,9.0,Debit Card,Male,4.0,5,Mobile Phone,4,Married,2,0,18.0,1.0,2.0,5.0,157.01,2,3,3,8,Loyal
54981,0,9.0,Computer,3,18.0,E wallet,Male,3.0,4,Laptop & Accessory,1,Married,3,0,12.0,2.0,2.0,3.0,174.68,3,3,4,10,Loyal
54982,0,23.0,Mobile,3,15.0,Cash on Delivery,Male,3.0,5,Grocery,4,Married,8,0,18.0,2.0,,4.0,256.2,3,5,5,13,Champions
54983,0,8.0,Computer,1,9.0,Debit Card,Male,4.0,4,Laptop & Accessory,3,Single,4,0,12.0,2.0,2.0,3.0,165.33,3,3,3,9,Loyal
54984,0,3.0,Computer,1,17.0,Debit Card,Female,4.0,4,Mobile Phone,4,Married,2,0,15.0,1.0,2.0,2.0,157.91,4,3,3,10,Loyal
54985,0,16.0,Mobile,1,36.0,Credit Card,Male,3.0,6,Laptop & Accessory,1,Single,6,0,20.0,2.0,2.0,1.0,167.72,5,3,3,11,Loyal
54986,0,3.0,Mobile,1,15.0,Credit Card,Male,4.0,5,Laptop & Accessory,1,Married,3,1,16.0,2.0,2.0,3.0,175.56,3,3,4,10,Loyal
54987,0,12.0,Mobile,2,7.0,UPI,Male,3.0,2,Mobile Phone,3,Married,3,0,14.0,4.0,6.0,1.0,153.44,5,5,2,12,Hibernating
54988,0,2.0,Computer,1,13.0,Debit Card,Male,3.0,5,Mobile Phone,3,Married,3,1,15.0,2.0,2.0,3.0,152.03,3,3,2,8,Hibernating
54989,1,1.0,Computer,1,15.0,Credit Card,Male,4.0,4,Mobile Phone,3,Single,3,0,13.0,2.0,2.0,1.0,144.04,4,2,2,8,Recent Customers
54990,1,1.0,Mobile,3,16.0,E wallet,Female,4.0,4,Laptop & Accessory,5,Single,5,1,18.0,1.0,2.0,4.0,207.24,3,4,4,11,Champions
54991,0,15.0,Mobile,1,19.0,Debit Card,Male,3.0,4,Mobile Phone,1,Married,5,1,12.0,2.0,2.0,1.0,172.66,5,3,3,11,Loyal
54992,1,1.0,Computer,1,22.0,Credit Card,Male,4.0,4,Mobile Phone,3,Married,3,0,13.0,2.0,3.0,3.0,151.1,3,4,2,9,Hibernating
54993,0,11.0,Mobile,1,32.0,Credit Card,Female,3.0,5,Laptop & Accessory,1,Married,9,0,14.0,2.0,2.0,4.0,182.31,3,3,4,10,Loyal
54994,0,1.0,Mobile,1,13.0,Debit Card,Male,3.0,5,Mobile Phone,3,Married,3,0,14.0,2.0,3.0,3.0,150.39,3,4,2,9,Hibernating
54995,0,8.0,Mobile,3,16.0,Debit Card,Female,4.0,4,Laptop & Accessory,3,Married,3,0,21.0,1.0,2.0,4.0,182.14,3,3,4,10,Loyal
54996,0,9.0,Mobile,2,15.0,Cash on Delivery,Male,4.0,4,Mobile Phone,3,Single,3,0,18.0,1.0,2.0,5.0,168.23,2,3,3,8,Loyal
54997,1,1.0,Mobile,3,30.0,Debit Card,Female,3.0,5,Fashion,5,Married,3,0,14.0,2.0,4.0,11.0,198.36,1,4,4,9,Champions
54998,0,14.0,Computer,1,16.0,Credit Card,Female,3.0,4,Fashion,3,Single,11,0,18.0,2.0,,14.0,259.99,1,5,5,11,Champions
54999,1,6.0,Computer,3,19.0,Debit Card,Male,3.0,4,Grocery,5,Single,2,1,13.0,,14.0,15.0,262.58,1,5,5,11,Champions
55000,0,16.0,Mobile,3,11.0,E wallet,Male,3.0,4,Laptop & Accessory,5,Single,9,0,14.0,2.0,2.0,6.0,176.55,2,3,4,9,Loyal
55001,0,9.0,Mobile,1,7.0,Credit Card,Male,3.0,5,Mobile Phone,3,Married,8,0,13.0,2.0,2.0,8.0,147.58,1,2,2,5,Hibernating
55002,0,1.0,Mobile,1,31.0,Credit Card,Male,3.0,4,Mobile Phone,4,Single,10,0,23.0,1.0,2.0,3.0,160.97,3,3,3,9,Loyal
55003,1,1.0,Mobile,1,19.0,Debit Card,Female,4.0,4,Mobile Phone,1,Married,3,1,12.0,2.0,2.0,1.0,150.15,4,3,2,9,Hibernating
55004,0,1.0,Mobile,1,10.0,Credit Card,Male,3.0,2,Mobile Phone,1,Married,3,0,23.0,2.0,2.0,8.0,169.2,1,3,3,7,Loyal
55005,0,4.0,Mobile,3,17.0,E wallet,Male,4.0,5,Laptop & Accessory,3,Married,3,0,19.0,1.0,2.0,5.0,190.78,2,3,4,9,Loyal
55006,0,14.0,Computer,1,33.0,Credit Card,Female,4.0,5,Laptop & Accessory,1,Married,5,1,14.0,1.0,2.0,1.0,169.22,5,3,3,11,Loyal
55007,0,9.0,Mobile,1,9.0,Debit Card,Male,3.0,5,Fashion,4,Married,4,0,19.0,3.0,7.0,,227.74,5,5,5,15,Champions
55008,0,8.0,Computer,1,8.0,Credit Card,Male,4.0,5,Laptop & Accessory,5,Single,2,0,21.0,1.0,5.0,10.0,178.43,1,4,4,9,Champions
55009,0,9.0,Computer,1,11.0,UPI,Male,3.0,5,Mobile Phone,1,Married,3,0,14.0,2.0,3.0,3.0,148.76,3,4,2,9,Hibernating
55010,1,7.0,Mobile,3,16.0,E wallet,Female,3.0,6,Laptop & Accessory,3,Single,10,0,14.0,1.0,2.0,4.0,178.46,3,3,4,10,Loyal
55011,0,6.0,Computer,3,9.0,Debit Card,Female,4.0,4,Mobile Phone,5,Married,3,0,13.0,2.0,2.0,1.0,153.27,5,3,2,10,Hibernating
55012,0,30.0,Mobile,1,11.0,Cash on Delivery,Female,4.0,4,Others,5,Married,6,0,14.0,5.0,5.0,3.0,324.43,4,5,5,14,Champions
55013,0,3.0,Mobile,1,13.0,Credit Card,Female,3.0,4,Mobile Phone,1,Married,3,0,14.0,1.0,2.0,9.0,156.31,1,3,3,7,Loyal
55014,0,1.0,Mobile,1,16.0,Debit Card,Male,3.0,4,Mobile Phone,5,Single,3,0,26.0,1.0,2.0,1.0,150.52,4,3,2,9,Hibernating
55015,0,19.0,Mobile,1,14.0,Credit Card,Female,3.0,4,Mobile Phone,3,Married,6,1,20.0,1.0,2.0,3.0,169.77,3,3,3,9,Loyal
55016,0,11.0,Mobile,1,8.0,Debit Card,Female,3.0,5,Laptop & Accessory,1,Married,3,0,14.0,1.0,4.0,12.0,189.74,1,4,4,9,Champions
55017,0,1.0,Mobile,1,6.0,Debit Card,Male,3.0,5,Mobile Phone,3,Single,3,0,13.0,1.0,2.0,3.0,155.33,3,3,3,9,Loyal
55018,1,8.0,Mobile,1,17.0,Debit Card,Male,4.0,4,Mobile Phone,3,Single,3,1,12.0,2.0,2.0,3.0,154.36,3,3,3,9,Loyal
55019,0,27.0,Mobile,1,14.0,Credit Card,Female,3.0,4,Others,3,Married,5,0,,4.0,5.0,8.0,311.06,1,5,5,11,Champions
55020,0,3.0,Mobile,1,22.0,Debit Card,Female,4.0,6,Mobile Phone,1,Married,2,1,19.0,2.0,2.0,4.0,146.68,3,2,2,7,Hibernating
55021,1,1.0,Computer,1,10.0,Debit Card,Male,3.0,5,Mobile Phone,1,Married,2,1,12.0,1.0,2.0,1.0,153.53,5,3,2,10,Hibernating
55022,0,20.0,Mobile,3,9.0,E wallet,Female,4.0,4,Grocery,5,Married,10,0,,7.0,16.0,10.0,295.48,1,5,5,11,Champions
55023,0,18.0,Computer,1,24.0,Debit Card,Male,4.0,6,Mobile Phone,3,Single,4,0,14.0,2.0,2.0,1.0,147.9,4,2,2,8,Recent Customers
55024,0,7.0,Mobile,2,9.0,UPI,Male,4.0,4,Mobile Phone,3,Married,3,0,14.0,2.0,2.0,5.0,161.0,2,3,3,8,Loyal
55025,1,5.0,Computer,1,12.0,Debit Card,Male,4.0,5,Mobile Phone,5,Married,8,0,18.0,1.0,2.0,1.0,146.07,4,2,2,8,Recent Customers
55026,0,4.0,Mobile,3,36.0,Debit Card,Male,4.0,4,Laptop & Accessory,5,Married,10,0,20.0,2.0,2.0,4.0,166.15,3,3,3,9,Loyal
55027,0,14.0,Computer,3,9.0,Credit Card,Male,4.0,4,Laptop & Accessory,4,Married,7,0,13.0,2.0,2.0,1.0,168.27,5,3,3,11,Loyal
55028,0,24.0,Computer,1,9.0,Credit Card,Female,2.0,4,Grocery,5,Married,4,0,,1.0,3.0,3.0,303.56,3,4,5,12,Champions
55029,0,2.0,Mobile,1,26.0,Credit Card,Male,4.0,5,Mobile Phone,5,Married,3,0,13.0,2.0,4.0,4.0,156.96,3,4,3,10,Loyal
55030,0,20.0,Mobile,1,22.0,Debit Card,Male,3.0,4,Others,4,Married,7,0,,2.0,2.0,4.0,315.81,3,4,5,12,Champions
55031,0,9.0,Mobile,3,24.0,Debit Card,Male,4.0,4,Laptop & Accessory,5,Married,5,1,16.0,1.0,2.0,,214.66,5,4,5,14,Champions
55032,1,1.0,Mobile,1,24.0,Debit Card,Female,4.0,4,Mobile Phone,4,Married,3,0,14.0,2.0,2.0,1.0,147.1,4,2,2,8,Recent Customers
55033,0,7.0,Computer,3,32.0,Credit Card,Female,3.0,4,Laptop & Accessory,3,Married,3,0,13.0,1.0,2.0,2.0,170.39,4,3,3,10,Loyal
55034,0,10.0,Mobile,1,13.0,Debit Card,Male,3.0,6,Mobile Phone,3,Married,3,0,15.0,2.0,2.0,8.0,152.41,1,3,2,6,At Risk
55035,0,4.0,Mobile,1,14.0,Debit Card,Male,3.0,4,Laptop & Accessory,3,Married,3,0,14.0,5.0,9.0,10.0,159.91,1,5,3,9,Loyal
55036,0,18.0,Mobile,1,36.0,UPI,Male,3.0,4,Laptop & Accessory,1,Single,3,0,26.0,7.0,14.0,18.0,170.41,1,5,3,9,Loyal
55037,0,1.0,Mobile,3,28.0,E wallet,Male,3.0,2,Mobile Phone,1,Single,3,0,18.0,3.0,3.0,3.0,151.78,3,4,2,9,Hibernating
55038,0,20.0,Mobile,1,9.0,Cash on Delivery,Male,3.0,4,Laptop & Accessory,1,Married,4,0,12.0,1.0,2.0,5.0,198.79,2,4,4,10,Champions
55039,0,16.0,Computer,2,9.0,Credit Card,Male,4.0,2,Laptop & Accessory,5,Married,9,0,17.0,2.0,2.0,4.0,187.72,3,3,4,10,Loyal
55040,0,31.0,Mobile,3,14.0,E wallet,Male,3.0,2,Laptop & Accessory,1,Married,2,1,19.0,1.0,2.0,10.0,177.2,1,3,4,8,Loyal
55041,0,6.0,Computer,1,20.0,UPI,Female,4.0,5,Mobile Phone,4,Married,3,0,21.0,3.0,3.0,3.0,159.0,3,4,3,10,Loyal
55042,0,6.0,Computer,1,9.0,Debit Card,Female,3.0,4,Laptop & Accessory,3,Single,6,1,15.0,2.0,2.0,8.0,174.98,1,3,4,8,Loyal
55043,0,10.0,Mobile,1,8.0,Cash on Delivery,Female,4.0,6,Fashion,5,Married,4,1,22.0,8.0,8.0,,227.52,5,5,5,15,Champions
55044,0,7.0,Mobile,1,16.0,Credit Card,Male,3.0,4,Mobile Phone,1,Married,2,0,14.0,1.0,5.0,11.0,152.81,1,4,2,7,At Risk
55045,0,14.0,Mobile,3,17.0,Cash on Delivery,Female,3.0,5,Laptop & Accessory,4,Married,9,0,13.0,2.0,2.0,4.0,193.52,3,3,4,10,Loyal
55046,0,1.0,Mobile,3,17.0,Debit Card,Male,3.0,4,Laptop & Accessory,1,Single,2,0,15.0,2.0,2.0,2.0,174.5,4,3,4,11,Loyal
55047,0,4.0,Mobile,1,8.0,Credit Card,Male,4.0,4,Mobile Phone,4,Married,2,1,22.0,4.0,6.0,8.0,160.79,1,5,3,9,Loyal
55048,0,16.0,Computer,1,33.0,Credit Card,Female,3.0,4,Fashion,5,Married,5,1,18.0,1.0,,1.0,256.91,5,5,5,15,Champions
55049,0,9.0,Computer,3,15.0,E wallet,Female,4.0,5,Fashion,1,Married,6,1,12.0,4.0,5.0,,228.77,5,4,5,14,Champions
55050,0,1.0,Mobile,1,21.0,Debit Card,Male,3.0,4,Mobile Phone,5,Married,3,1,15.0,6.0,7.0,9.0,147.35,1,5,2,8,At Risk
55051,0,28.0,Computer,1,8.0,Debit Card,Female,3.0,4,Fashion,3,Married,9,0,18.0,1.0,2.0,,230.02,5,4,5,14,Champions
55052,0,18.0,Mobile,1,9.0,Debit Card,Female,4.0,2,Mobile Phone,1,Married,3,0,14.0,2.0,8.0,8.0,145.11,2,5,2,9,At Risk
55053,1,1.0,Computer,1,17.0,Credit Card,Female,4.0,5,Mobile Phone,4,Single,3,1,26.0,1.0,2.0,1.0,143.59,4,2,2,8,Recent Customers
55054,0,3.0,Mobile,1,8.0,Debit Card,Female,4.0,4,Mobile Phone,1,Married,3,0,16.0,2.0,2.0,3.0,162.6,3,3,3,9,Loyal
55055,0,28.0,Mobile,1,10.0,Debit Card,Male,3.0,4,Grocery,1,Married,5,0,,1.0,2.0,10.0,302.79,1,4,5,10,Champions
55056,0,5.0,Mobile,1,18.0,Credit Card,Male,4.0,4,Laptop & Accessory,5,Married,3,1,13.0,2.0,2.0,2.0,193.33,4,3,4,11,Loyal
55057,0,5.0,Mobile,1,31.0,Credit Card,Female,4.0,5,Laptop & Accessory,5,Single,3,0,20.0,2.0,2.0,9.0,193.12,1,3,4,8,Loyal
55058,0,31.0,Mobile,3,10.0,Debit Card,Female,3.0,5,Laptop & Accessory,1,Single,7,0,18.0,1.0,2.0,6.0,176.71,2,3,4,9,Loyal
55059,0,17.0,Mobile,1,10.0,Debit Card,Male,4.0,6,Others,1,Married,5,0,,2.0,2.0,8.0,322.4,1,4,5,10,Champions
55060,0,23.0,Mobile,1,11.0,Credit Card,Male,3.0,5,Others,3,Married,4,0,,1.0,2.0,1.0,312.11,5,4,5,14,Champions
55061,0,10.0,Computer,1,10.0,Cash on Delivery,Male,3.0,4,Mobile Phone,4,Married,3,0,13.0,1.0,2.0,8.0,161.92,1,3,3,7,Loyal
55062,0,22.0,Mobile,1,9.0,Cash on Delivery,Male,4.0,2,Mobile Phone,4,Single,7,0,12.0,1.0,2.0,1.0,150.59,4,3,2,9,Hibernating
55063,0,1.0,Mobile,1,11.0,Debit Card,Male,4.0,4,Mobile Phone,3,Married,3,0,12.0,2.0,2.0,4.0,150.17,3,3,2,8,Hibernating
55064,0,3.0,Mobile,1,14.0,Debit Card,Male,3.0,4,Laptop & Accessory,1,Married,3,1,12.0,2.0,2.0,1.0,191.23,5,3,4,12,Loyal
55065,0,22.0,Mobile,1,8.0,Debit Card,Male,4.0,5,Others,1,Single,8,0,,2.0,2.0,1.0,307.65,5,4,5,14,Champions
55066,0,3.0,Mobile,1,8.0,Debit Card,Female,3.0,5,Grocery,1,Married,5,0,15.0,,2.0,8.0,286.24,1,4,5,10,Champions
55067,0,8.0,Mobile,1,27.0,Cash on Delivery,Female,3.0,2,Mobile Phone,3,Married,2,0,18.0,2.0,2.0,1.0,150.85,4,3,2,9,Hibernating
55068,0,18.0,Mobile,3,12.0,E wallet,Male,3.0,4,Others,4,Married,9,0,,2.0,4.0,11.0,307.13,1,4,5,10,Champions
55069,0,7.0,Mobile,3,17.0,E wallet,Male,3.0,2,Fashion,3,Married,2,1,15.0,1.0,2.0,9.0,208.8,1,4,4,9,Champions
55070,0,1.0,Mobile,1,32.0,Debit Card,Female,3.0,2,Mobile Phone,1,Single,3,1,13.0,1.0,2.0,2.0,154.94,4,3,3,10,Loyal
55071,0,1.0,Mobile,1,8.0,Debit Card,Male,3.0,4,Mobile Phone,3,Married,3,0,23.0,2.0,2.0,2.0,137.23,4,2,1,7,Recent Customers
55072,1,1.0,Computer,3,31.0,Debit Card,Male,4.0,6,Mobile Phone,1,Single,3,1,15.0,2.0,2.0,1.0,136.18,4,2,1,7,Recent Customers
55073,0,1.0,Mobile,1,11.0,Debit Card,Male,3.0,4,Mobile Phone,1,Single,3,1,21.0,3.0,3.0,3.0,153.75,3,4,3,10,Loyal
55074,1,9.0,Mobile,3,9.0,E wallet,Female,4.0,6,Others,4,Single,4,1,,2.0,2.0,12.0,313.24,1,4,5,10,Champions
55075,0,29.0,Computer,1,15.0,Credit Card,Male,3.0,5,Grocery,4,Married,3,1,16.0,3.0,16.0,1.0,260.77,5,5,5,15,Champions
55076,1,1.0,Computer,1,17.0,Debit Card,Female,3.0,5,Mobile Phone,3,Single,3,0,21.0,2.0,3.0,3.0,151.25,3,4,2,9,Hibernating
55077,0,20.0,Mobile,3,11.0,E wallet,Female,3.0,5,Others,4,Married,4,0,,2.0,2.0,9.0,312.89,1,4,5,10,Champions
55078,0,8.0,Mobile,3,9.0,E wallet,Female,3.0,4,Laptop & Accessory,5,Single,2,1,13.0,2.0,2.0,3.0,170.38,3,3,3,9,Loyal
55079,0,25.0,Computer,3,16.0,Debit Card,Male,3.0,4,Others,4,Married,6,1,25.0,7.0,12.0,11.0,323.47,1,5,5,11,Champions
55080,0,31.0,Mobile,1,25.0,Credit Card,Male,4.0,4,Fashion,1,Single,8,0,13.0,4.0,6.0,,230.12,5,5,5,15,Champions
55081,0,8.0,Computer,1,26.0,Credit Card,Female,3.0,4,Laptop & Accessory,4,Married,6,0,14.0,1.0,6.0,11.0,169.44,1,5,3,9,Loyal
55082,0,2.0,Computer,1,8.0,Credit Card,Male,3.0,4,Mobile Phone,3,Single,2,1,12.0,2.0,2.0,3.0,146.54,3,2,2,7,Hibernating
55083,0,18.0,Mobile,1,11.0,Debit Card,Male,4.0,2,Others,5,Married,3,0,,3.0,15.0,14.0,316.9,1,5,5,11,Champions
55084,0,8.0,Computer,2,18.0,Debit Card,Male,3.0,5,Laptop & Accessory,4,Married,6,0,12.0,1.0,2.0,9.0,169.9,1,3,3,7,Loyal
55085,0,9.0,Mobile,1,13.0,Debit Card,Male,4.0,4,Mobile Phone,3,Married,2,1,15.0,2.0,3.0,3.0,160.06,3,4,3,10,Loyal
55086,0,16.0,Mobile,1,14.0,Credit Card,Female,4.0,2,Laptop & Accessory,4,Married,8,1,17.0,1.0,2.0,1.0,148.72,4,2,2,8,Recent Customers
55087,0,17.0,Mobile,3,11.0,E wallet,Female,3.0,5,Fashion,1,Single,5,0,15.0,11.0,16.0,,227.31,5,5,5,15,Champions
55088,0,10.0,Mobile,1,9.0,Debit Card,Female,3.0,4,Laptop & Accessory,4,Single,11,1,12.0,5.0,6.0,13.0,179.1,1,5,4,10,Champions
55089,1,8.0,Mobile,1,22.0,Credit Card,Female,4.0,4,Fashion,1,Married,3,0,12.0,1.0,2.0,6.0,204.78,2,4,4,10,Champions
55090,0,2.0,Computer,1,9.0,Debit Card,Male,3.0,5,Mobile Phone,1,Married,3,1,13.0,1.0,3.0,3.0,163.67,3,4,3,10,Loyal
55091,0,25.0,Computer,1,13.0,Credit Card,Female,3.0,5,Mobile Phone,3,Single,2,0,15.0,4.0,8.0,8.0,153.38,2,5,2,9,At Risk
55092,0,4.0,Computer,1,16.0,Credit Card,Female,4.0,4,Laptop & Accessory,3,Single,9,1,19.0,1.0,2.0,8.0,171.95,1,3,3,7,Loyal
55093,1,1.0,Mobile,1,14.0,Cash on Delivery,Female,3.0,4,Mobile Phone,3,Married,5,1,14.0,5.0,8.0,8.0,158.39,2,5,3,10,Loyal
55094,0,2.0,Mobile,1,8.0,Cash on Delivery,Male,3.0,4,Mobile Phone,5,Single,4,0,12.0,2.0,2.0,3.0,145.8,3,2,2,7,Hibernating
55095,0,1.0,Mobile,1,8.0,Credit Card,Female,3.0,4,Mobile Phone,4,Single,3,0,19.0,2.0,3.0,2.0,145.96,4,4,2,10,Hibernating
55096,0,6.0,Mobile,3,15.0,Credit Card,Male,3.0,2,Laptop & Accessory,1,Married,3,0,16.0,1.0,2.0,9.0,187.09,1,3,4,8,Loyal
55097,0,19.0,Computer,1,32.0,Credit Card,Female,3.0,4,Others,4,Single,5,0,,1.0,2.0,1.0,305.61,5,4,5,14,Champions
55098,0,13.0,Mobile,1,20.0,Credit Card,Female,4.0,5,Grocery,4,Married,8,1,,11.0,16.0,3.0,296.23,4,5,5,14,Champions
55099,0,31.0,Mobile,1,30.0,Debit Card,Male,3.0,4,Mobile Phone,3,Married,3,0,13.0,2.0,3.0,3.0,148.72,3,4,2,9,Hibernating
55100,1,1.0,Mobile,1,14.0,Debit Card,Male,4.0,4,Laptop & Accessory,3,Married,3,0,19.0,1.0,2.0,2.0,173.83,4,3,4,11,Loyal
55101,1,3.0,Mobile,1,30.0,Credit Card,Male,4.0,4,Mobile Phone,5,Single,2,0,14.0,1.0,2.0,4.0,164.04,3,3,3,9,Loyal
55102,0,4.0,Mobile,1,13.0,Cash on Delivery,Female,3.0,5,Laptop & Accessory,1,Married,2,0,13.0,6.0,7.0,8.0,171.27,2,5,3,10,Loyal
55103,0,10.0,Mobile,1,17.0,Cash on Delivery,Female,4.0,4,Fashion,3,Married,5,0,13.0,2.0,2.0,8.0,195.94,1,4,4,9,Champions
55104,0,20.0,Mobile,2,8.0,Debit Card,Female,3.0,4,Mobile Phone,5,Single,8,0,13.0,3.0,6.0,8.0,159.23,1,5,3,9,Loyal
55105,0,2.0,Computer,1,8.0,Debit Card,Female,3.0,6,Laptop & Accessory,1,Married,2,0,12.0,8.0,8.0,6.0,191.74,2,5,4,11,Champions
55106,0,24.0,Mobile,1,35.0,Debit Card,Female,3.0,4,Grocery,5,Married,6,1,,1.0,2.0,3.0,293.8,3,4,5,12,Champions
55107,1,4.0,Mobile,3,32.0,E wallet,Male,3.0,5,Fashion,4,Single,4,1,13.0,2.0,2.0,,215.94,5,4,5,14,Champions
55108,1,16.0,Mobile,3,12.0,Debit Card,Male,4.0,4,Fashion,4,Single,11,1,20.0,8.0,8.0,,209.46,5,5,5,15,Champions
55109,0,4.0,Mobile,1,24.0,Credit Card,Female,4.0,4,Fashion,5,Married,3,1,24.0,2.0,,9.0,244.16000000000005,1,5,5,11,Champions
55110,0,13.0,Mobile,1,25.0,Debit Card,Male,3.0,4,Laptop & Accessory,3,Single,2,0,12.0,2.0,2.0,8.0,170.34,1,3,3,7,Loyal
55111,0,5.0,Computer,3,9.0,Debit Card,Female,3.0,4,Fashion,3,Married,3,1,20.0,9.0,10.0,,223.52,5,5,5,15,Champions
55112,0,15.0,Computer,3,17.0,Credit Card,Male,3.0,6,Laptop & Accessory,4,Single,3,0,14.0,4.0,12.0,10.0,186.51,1,5,4,10,Champions
55113,1,1.0,Computer,3,8.0,Debit Card,Female,3.0,4,Mobile Phone,4,Single,3,1,12.0,3.0,3.0,3.0,148.02,3,4,2,9,Hibernating
55114,1,8.0,Mobile,1,10.0,Debit Card,Male,3.0,4,Mobile Phone,5,Married,6,0,13.0,2.0,2.0,3.0,148.62,3,2,2,7,Hibernating
55115,0,16.0,Computer,1,9.0,Debit Card,Male,3.0,4,Grocery,3,Married,2,1,,1.0,3.0,11.0,303.61,1,4,5,10,Champions
55116,0,29.0,Mobile,1,9.0,Credit Card,Female,3.0,6,Others,3,Married,6,0,,5.0,10.0,12.0,316.87,1,5,5,11,Champions
55117,0,30.0,Mobile,2,15.0,Debit Card,Male,4.0,4,Others,4,Single,8,0,,3.0,8.0,8.0,322.17,2,5,5,12,Champions
55118,0,14.0,Computer,1,23.0,Debit Card,Male,4.0,4,Mobile Phone,3,Married,11,0,17.0,2.0,2.0,1.0,160.44,5,3,3,11,Loyal
55119,0,8.0,Mobile,1,16.0,Debit Card,Male,3.0,4,Fashion,1,Married,2,0,12.0,1.0,2.0,,210.0,5,4,5,14,Champions
55120,0,14.0,Mobile,1,9.0,Debit Card,Male,4.0,4,Laptop & Accessory,1,Single,3,0,14.0,4.0,9.0,9.0,171.61,1,5,3,9,Loyal
55121,0,15.0,Computer,3,8.0,E wallet,Female,4.0,4,Laptop & Accessory,5,Married,2,0,18.0,1.0,2.0,8.0,166.03,1,3,3,7,Loyal
55122,0,9.0,Computer,1,11.0,Debit Card,Male,3.0,4,Laptop & Accessory,3,Single,3,1,12.0,2.0,2.0,2.0,167.49,4,3,3,10,Loyal
55123,0,25.0,Mobile,2,12.0,Debit Card,Male,3.0,4,Grocery,4,Married,3,1,12.0,,2.0,11.0,265.26,1,4,5,10,Champions
55124,0,12.0,Mobile,3,9.0,Debit Card,Female,3.0,4,Laptop & Accessory,5,Married,5,0,16.0,1.0,2.0,8.0,193.93,1,4,4,9,Champions
55125,0,8.0,Mobile,3,22.0,Credit Card,Female,4.0,4,Laptop & Accessory,5,Single,3,0,13.0,5.0,10.0,7.0,186.25,2,5,4,11,Champions
55126,0,1.0,Mobile,1,26.0,Credit Card,Male,4.0,4,Mobile Phone,1,Married,5,0,12.0,1.0,2.0,3.0,161.69,3,3,3,9,Loyal
55127,1,21.0,Mobile,1,14.0,Credit Card,Female,3.0,5,Fashion,5,Married,9,1,15.0,2.0,6.0,,225.08,5,5,5,15,Champions
55128,0,14.0,Mobile,1,8.0,Debit Card,Male,3.0,4,Mobile Phone,4,Married,5,0,23.0,2.0,2.0,4.0,148.87,3,2,2,7,Hibernating
55129,0,10.0,Computer,3,14.0,E wallet,Female,3.0,2,Laptop & Accessory,5,Married,4,0,17.0,6.0,7.0,14.0,171.39,1,5,3,9,Loyal
55130,0,22.0,Mobile,1,11.0,Debit Card,Male,3.0,4,Fashion,1,Single,3,0,12.0,2.0,2.0,9.0,203.98,1,4,4,9,Champions
55131,0,1.0,Mobile,3,18.0,Credit Card,Female,4.0,2,Mobile Phone,1,Married,10,0,15.0,1.0,2.0,1.0,150.34,4,3,2,9,Hibernating
55132,0,25.0,Mobile,1,18.0,Cash on Delivery,Female,3.0,5,Grocery,4,Single,5,0,17.0,1.0,,4.0,256.42,3,5,5,13,Champions
55133,0,1.0,Computer,1,8.0,Debit Card,Female,4.0,4,Mobile Phone,1,Single,3,0,16.0,2.0,2.0,1.0,141.11,4,2,2,8,Recent Customers
55134,0,9.0,Mobile,1,8.0,Credit Card,Female,3.0,5,Laptop & Accessory,1,Married,2,0,13.0,1.0,2.0,1.0,178.63,5,3,4,12,Loyal
55135,0,1.0,Computer,3,9.0,Debit Card,Male,3.0,6,Laptop & Accessory,1,Single,5,0,21.0,1.0,2.0,1.0,175.71,5,3,4,12,Loyal
55136,1,19.0,Mobile,3,20.0,E wallet,Male,3.0,2,Grocery,3,Single,8,1,18.0,,4.0,9.0,261.95,1,4,5,10,Champions
55137,0,30.0,Mobile,1,30.0,Debit Card,Male,4.0,4,Grocery,4,Married,6,1,13.0,14.0,,10.0,259.02,1,5,5,11,Champions
55138,0,8.0,Computer,1,33.0,Cash on Delivery,Female,4.0,5,Mobile Phone,3,Married,3,0,21.0,2.0,2.0,1.0,145.29,4,2,2,8,Recent Customers
55139,0,14.0,Mobile,1,9.0,Credit Card,Female,3.0,2,Laptop & Accessory,3,Married,7,0,21.0,7.0,12.0,9.0,188.77,1,5,4,10,Champions
55140,0,8.0,Mobile,1,36.0,Credit Card,Male,3.0,4,Laptop & Accessory,3,Married,6,0,14.0,6.0,8.0,8.0,179.29,2,5,4,11,Champions
55141,1,1.0,Computer,3,9.0,Debit Card,Female,3.0,5,Mobile Phone,1,Single,9,0,15.0,1.0,2.0,1.0,152.85,5,3,2,10,Hibernating
55142,1,1.0,Computer,3,25.0,E wallet,Female,4.0,4,Laptop & Accessory,3,Married,2,1,19.0,1.0,4.0,3.0,171.14,3,4,3,10,Loyal
55143,0,12.0,Computer,1,14.0,Debit Card,Male,3.0,2,Mobile Phone,3,Married,3,0,12.0,1.0,2.0,4.0,151.1,3,3,2,8,Hibernating
55144,0,8.0,Mobile,1,9.0,Cash on Delivery,Female,4.0,4,Laptop & Accessory,1,Single,3,0,12.0,5.0,5.0,12.0,191.87,1,4,4,9,Champions
55145,0,2.0,Mobile,3,33.0,Debit Card,Male,3.0,5,Laptop & Accessory,5,Married,3,0,12.0,2.0,2.0,5.0,172.24,2,3,3,8,Loyal
55146,1,1.0,Mobile,1,29.0,Credit Card,Male,4.0,4,Laptop & Accessory,3,Married,3,1,16.0,6.0,7.0,8.0,186.79,2,5,4,11,Champions
55147,0,13.0,Mobile,3,28.0,Debit Card,Male,3.0,5,Laptop & Accessory,1,Married,5,1,13.0,1.0,2.0,5.0,186.2,2,3,4,9,Loyal
55148,0,25.0,Computer,3,9.0,E wallet,Male,3.0,4,Fashion,4,Married,4,0,12.0,4.0,4.0,,230.96,5,4,5,14,Champions
55149,0,15.0,Computer,1,29.0,Debit Card,Female,4.0,4,Laptop & Accessory,1,Married,5,1,15.0,3.0,4.0,4.0,179.67,3,4,4,11,Champions
55150,0,11.0,Mobile,1,11.0,Debit Card,Male,3.0,4,Mobile Phone,3,Married,9,1,16.0,2.0,2.0,4.0,154.96,3,3,3,9,Loyal
55151,0,7.0,Computer,3,12.0,Debit Card,Male,4.0,4,Laptop & Accessory,1,Married,8,0,14.0,2.0,2.0,,224.98,5,4,5,14,Champions
55152,0,6.0,Mobile,3,9.0,E wallet,Male,3.0,4,Laptop & Accessory,4,Married,2,1,14.0,2.0,2.0,3.0,165.78,3,3,3,9,Loyal
55153,0,13.0,Computer,1,32.0,Debit Card,Male,4.0,4,Fashion,3,Married,5,0,22.0,1.0,,6.0,234.2,2,5,5,12,Champions
55154,0,1.0,Mobile,3,25.0,Debit Card,Male,4.0,2,Laptop & Accessory,3,Married,4,0,12.0,2.0,2.0,3.0,187.32,3,3,4,10,Loyal
55155,0,26.0,Computer,1,35.0,Credit Card,Female,3.0,2,Grocery,3,Married,4,1,12.0,2.0,,3.0,257.47,4,5,5,14,Champions
55156,0,17.0,Mobile,1,13.0,Credit Card,Female,4.0,5,Laptop & Accessory,3,Single,3,1,15.0,1.0,2.0,9.0,165.81,1,3,3,7,Loyal
55157,0,1.0,Mobile,3,17.0,E wallet,Female,4.0,5,Laptop & Accessory,1,Married,3,1,12.0,2.0,5.0,5.0,182.69,2,4,4,10,Champions
55158,1,1.0,Mobile,1,24.0,Debit Card,Female,3.0,4,Mobile Phone,3,Single,3,1,14.0,5.0,8.0,8.0,148.94,2,5,2,9,At Risk
55159,0,1.0,Mobile,1,9.0,Credit Card,Male,3.0,5,Mobile Phone,1,Single,2,0,13.0,2.0,2.0,2.0,164.04,4,3,3,10,Loyal
55160,0,16.0,Mobile,2,17.0,UPI,Female,3.0,4,Grocery,5,Married,2,0,,1.0,2.0,10.0,292.99,1,4,5,10,Champions
55161,0,26.0,Mobile,1,15.0,UPI,Female,3.0,4,Mobile Phone,5,Married,11,0,14.0,2.0,2.0,5.0,154.5,2,3,3,8,Loyal
55162,0,11.0,Mobile,1,18.0,Credit Card,Female,4.0,4,Mobile Phone,3,Single,6,0,19.0,2.0,2.0,3.0,161.29,3,3,3,9,Loyal
55163,0,9.0,Computer,1,25.0,Debit Card,Male,3.0,4,Fashion,1,Single,4,0,12.0,3.0,3.0,,218.62,5,4,5,14,Champions
55164,0,1.0,Mobile,1,8.0,Cash on Delivery,Male,3.0,4,Mobile Phone,1,Married,6,0,12.0,1.0,2.0,3.0,157.29,3,3,3,9,Loyal
55165,0,1.0,Mobile,1,14.0,UPI,Male,4.0,2,Mobile Phone,5,Single,2,0,13.0,1.0,2.0,8.0,160.78,1,3,3,7,Loyal
55166,0,3.0,Mobile,2,24.0,UPI,Male,3.0,5,Fashion,5,Single,3,0,14.0,1.0,2.0,10.0,204.88,1,4,4,9,Champions
55167,1,13.0,Computer,1,35.0,Debit Card,Male,4.0,5,Laptop & Accessory,5,Single,5,0,21.0,1.0,2.0,4.0,167.84,3,3,3,9,Loyal
55168,1,1.0,Computer,1,21.0,UPI,Female,3.0,4,Fashion,1,Single,2,1,13.0,5.0,8.0,8.0,200.53,2,5,4,11,Champions
55169,0,28.0,Mobile,1,8.0,Credit Card,Female,3.0,4,Grocery,1,Single,8,0,,7.0,13.0,8.0,298.28,2,5,5,12,Champions
55170,0,31.0,Mobile,1,8.0,Credit Card,Female,4.0,4,Others,5,Married,5,1,,2.0,2.0,6.0,322.01,2,4,5,11,Champions
55171,0,29.0,Mobile,1,8.0,Credit Card,Male,3.0,2,Grocery,1,Married,4,0,14.0,,2.0,1.0,272.32,5,4,5,14,Champions
55172,0,10.0,Mobile,3,10.0,E wallet,Female,4.0,4,Laptop & Accessory,4,Single,5,1,17.0,1.0,2.0,,217.78,5,4,5,14,Champions
55173,1,1.0,Computer,3,8.0,Debit Card,Female,3.0,6,Mobile Phone,3,Single,3,0,13.0,1.0,2.0,1.0,138.59,4,2,1,7,Recent Customers
55174,0,4.0,Mobile,3,14.0,E wallet,Female,4.0,4,Laptop & Accessory,5,Married,9,0,15.0,2.0,2.0,3.0,172.79,3,3,3,9,Loyal
55175,0,5.0,Mobile,1,15.0,Debit Card,Female,4.0,4,Grocery,4,Single,5,0,12.0,,2.0,1.0,289.22,5,4,5,14,Champions
55176,0,8.0,Computer,1,8.0,UPI,Male,4.0,4,Mobile Phone,5,Married,7,0,15.0,2.0,2.0,4.0,154.96,3,3,3,9,Loyal
55177,1,1.0,Mobile,1,15.0,Debit Card,Female,3.0,5,Mobile Phone,4,Single,3,0,13.0,1.0,2.0,1.0,137.61,4,2,1,7,Recent Customers
55178,0,1.0,Mobile,1,18.0,Debit Card,Male,4.0,4,Mobile Phone,5,Married,2,0,15.0,2.0,2.0,5.0,145.99,2,2,2,6,Hibernating
55179,0,10.0,Mobile,1,11.0,Debit Card,Male,3.0,5,Laptop & Accessory,1,Single,3,0,17.0,1.0,2.0,9.0,183.1,1,3,4,8,Loyal
55180,0,10.0,Mobile,3,23.0,E wallet,Female,4.0,5,Laptop & Accessory,5,Married,6,0,14.0,2.0,2.0,3.0,181.47,3,3,4,10,Loyal
55181,0,21.0,Mobile,1,8.0,Cash on Delivery,Male,4.0,4,Mobile Phone,1,Married,9,0,13.0,2.0,2.0,3.0,159.2,3,3,3,9,Loyal
55182,1,1.0,Mobile,3,16.0,Debit Card,Male,4.0,5,Mobile Phone,5,Married,5,0,13.0,3.0,3.0,3.0,169.0,3,4,3,10,Loyal
55183,0,11.0,Computer,1,12.0,Cash on Delivery,Male,3.0,2,Mobile Phone,3,Single,2,0,15.0,1.0,2.0,4.0,160.0,3,3,3,9,Loyal
55184,0,30.0,Mobile,1,8.0,Debit Card,Female,3.0,4,Mobile Phone,5,Married,4,0,23.0,1.0,2.0,1.0,145.66,4,2,2,8,Recent Customers
55185,0,21.0,Mobile,1,9.0,Credit Card,Female,3.0,4,Grocery,3,Married,5,0,,3.0,6.0,7.0,296.69,2,5,5,12,Champions
55186,0,1.0,Mobile,3,11.0,Credit Card,Female,3.0,4,Laptop & Accessory,3,Married,3,1,13.0,2.0,2.0,4.0,166.62,3,3,3,9,Loyal
55187,0,6.0,Mobile,3,14.0,E wallet,Male,4.0,4,Laptop & Accessory,1,Married,6,0,13.0,1.0,2.0,,217.04,5,4,5,14,Champions
55188,0,8.0,Mobile,1,8.0,Debit Card,Female,3.0,5,Mobile Phone,4,Married,7,0,18.0,2.0,2.0,3.0,157.94,3,3,3,9,Loyal
55189,0,15.0,Mobile,1,12.0,Credit Card,Male,3.0,2,Mobile Phone,3,Married,4,1,13.0,1.0,2.0,4.0,146.27,3,2,2,7,Hibernating
55190,0,14.0,Computer,1,16.0,UPI,Male,3.0,4,Laptop & Accessory,3,Married,5,0,12.0,1.0,2.0,8.0,164.75,1,3,3,7,Loyal
55191,0,5.0,Mobile,3,15.0,Debit Card,Male,3.0,4,Fashion,1,Married,3,0,19.0,3.0,,10.0,232.93,1,5,5,11,Champions
55192,1,10.0,Mobile,3,16.0,E wallet,Male,3.0,4,Fashion,1,Married,6,0,12.0,5.0,5.0,,225.96,5,4,5,14,Champions
55193,1,3.0,Computer,1,9.0,Debit Card,Female,3.0,5,Mobile Phone,5,Single,4,1,24.0,1.0,2.0,1.0,161.46,5,3,3,11,Loyal
55194,1,1.0,Computer,1,8.0,Debit Card,Female,4.0,2,Fashion,4,Single,3,0,12.0,2.0,5.0,8.0,199.46,1,4,4,9,Champions
55195,0,19.0,Mobile,1,27.0,Credit Card,Male,4.0,6,Fashion,5,Married,4,1,19.0,2.0,,8.0,233.51,2,5,5,12,Champions
55196,0,5.0,Mobile,2,15.0,Credit Card,Female,4.0,2,Mobile Phone,4,Single,11,0,19.0,2.0,2.0,3.0,146.09,3,2,2,7,Hibernating
55197,1,1.0,Computer,1,9.0,Debit Card,Male,4.0,4,Mobile Phone,1,Married,8,1,14.0,1.0,3.0,3.0,162.22,3,4,3,10,Loyal
55198,0,19.0,Mobile,1,36.0,Cash on Delivery,Male,3.0,4,Fashion,1,Married,6,1,19.0,2.0,2.0,,218.8,5,4,5,14,Champions
55199,0,22.0,Mobile,3,14.0,E wallet,Male,4.0,4,Laptop & Accessory,5,Married,6,0,12.0,1.0,3.0,3.0,179.86,3,4,4,11,Champions
55200,1,1.0,Mobile,2,16.0,Cash on Delivery,Female,3.0,4,Mobile Phone,3,Married,3,0,16.0,3.0,3.0,3.0,152.42,3,4,2,9,Hibernating
55201,0,14.0,Computer,1,15.0,Credit Card,Male,3.0,5,Fashion,4,Married,4,0,12.0,,5.0,9.0,262.57,1,4,5,10,Champions
55202,0,2.0,Mobile,3,12.0,Credit Card,Male,3.0,4,Laptop & Accessory,5,Single,2,0,19.0,1.0,2.0,,209.63,5,4,5,14,Champions
55203,0,18.0,Computer,1,12.0,Debit Card,Male,3.0,5,Mobile Phone,3,Single,5,0,15.0,1.0,2.0,4.0,156.62,3,3,3,9,Loyal
55204,0,27.0,Mobile,1,9.0,Credit Card,Male,3.0,2,Grocery,4,Single,6,0,13.0,,9.0,9.0,290.98,1,5,5,11,Champions
55205,0,23.0,Mobile,1,12.0,Cash on Delivery,Male,4.0,4,Laptop & Accessory,3,Married,4,0,15.0,1.0,2.0,3.0,191.51,3,3,4,10,Loyal
55206,0,14.0,Mobile,1,9.0,Credit Card,Male,4.0,4,Mobile Phone,3,Married,4,0,15.0,2.0,2.0,3.0,148.45,3,2,2,7,Hibernating
55207,0,18.0,Mobile,1,27.0,Debit Card,Male,3.0,4,Mobile Phone,4,Single,3,0,14.0,2.0,2.0,4.0,159.2,3,3,3,9,Loyal
55208,0,7.0,Computer,3,14.0,Credit Card,Male,3.0,4,Laptop & Accessory,5,Married,2,0,15.0,2.0,2.0,4.0,168.73,3,3,3,9,Loyal
55209,0,8.0,Mobile,3,10.0,UPI,Male,3.0,6,Laptop & Accessory,5,Single,5,0,19.0,3.0,4.0,13.0,172.59,1,4,3,8,Loyal
55210,0,4.0,Mobile,3,23.0,Debit Card,Male,4.0,4,Laptop & Accessory,3,Married,10,0,16.0,2.0,3.0,3.0,178.01,3,4,4,11,Champions
55211,0,16.0,Computer,1,16.0,Credit Card,Female,4.0,4,Mobile Phone,1,Single,3,0,14.0,1.0,6.0,9.0,161.73,1,5,3,9,Loyal
55212,0,18.0,Computer,3,8.0,E wallet,Female,4.0,4,Laptop & Accessory,3,Married,9,0,13.0,1.0,2.0,1.0,172.68,5,3,3,11,Loyal
55213,0,4.0,Computer,1,14.0,Cash on Delivery,Male,4.0,4,Mobile Phone,3,Married,3,0,14.0,1.0,2.0,1.0,137.74,4,2,1,7,Recent Customers
55214,0,31.0,Mobile,1,8.0,Debit Card,Male,4.0,2,Laptop & Accessory,3,Married,2,0,25.0,2.0,3.0,9.0,174.0,1,4,4,9,Champions
55215,0,23.0,Mobile,1,14.0,Debit Card,Male,3.0,4,Fashion,4,Married,5,0,15.0,1.0,2.0,,229.66,5,4,5,14,Champions
55216,0,8.0,Computer,1,22.0,Credit Card,Male,4.0,4,Grocery,5,Married,9,0,,3.0,7.0,10.0,295.07,1,5,5,11,Champions
55217,1,1.0,Computer,3,8.0,Cash on Delivery,Male,4.0,4,Mobile Phone,3,Married,5,0,16.0,2.0,2.0,3.0,154.09,3,3,3,9,Loyal
55218,1,1.0,Computer,3,20.0,Cash on Delivery,Female,3.0,4,Laptop & Accessory,4,Single,7,0,12.0,2.0,2.0,1.0,182.65,5,3,4,12,Loyal
55219,1,1.0,Mobile,3,31.0,Credit Card,Female,3.0,5,Laptop & Accessory,4,Single,2,1,24.0,5.0,11.0,11.0,170.99,1,5,3,9,Loyal
55220,0,9.0,Mobile,3,14.0,Debit Card,Male,4.0,4,Mobile Phone,3,Married,3,0,14.0,1.0,2.0,1.0,149.04,4,2,2,8,Recent Customers
55221,1,1.0,Computer,1,16.0,Credit Card,Male,3.0,4,Mobile Phone,5,Single,4,1,12.0,1.0,2.0,1.0,156.72,5,3,3,11,Loyal
55222,0,1.0,Computer,3,20.0,Debit Card,Female,4.0,4,Mobile Phone,4,Married,3,0,14.0,1.0,2.0,1.0,145.33,4,2,2,8,Recent Customers
55223,0,18.0,Computer,1,9.0,Credit Card,Male,3.0,4,Fashion,3,Single,7,1,19.0,3.0,3.0,,227.09,5,4,5,14,Champions
55224,0,3.0,Mobile,3,26.0,Debit Card,Male,4.0,5,Laptop & Accessory,3,Married,3,0,15.0,2.0,2.0,,211.2,5,4,5,14,Champions
55225,0,4.0,Mobile,2,8.0,Debit Card,Male,3.0,4,Mobile Phone,3,Married,2,0,22.0,1.0,2.0,4.0,145.64,3,2,2,7,Hibernating
55226,0,29.0,Mobile,1,11.0,Debit Card,Male,2.0,4,Laptop & Accessory,3,Married,2,1,17.0,2.0,2.0,3.0,165.35,3,3,3,9,Loyal
55227,0,7.0,Mobile,1,11.0,Credit Card,Female,3.0,5,Mobile Phone,4,Married,10,0,12.0,2.0,2.0,3.0,163.38,3,3,3,9,Loyal
55228,0,21.0,Mobile,3,21.0,Credit Card,Female,4.0,4,Laptop & Accessory,3,Married,5,1,18.0,2.0,2.0,3.0,170.91,3,3,3,9,Loyal
55229,1,1.0,Computer,1,9.0,Credit Card,Male,3.0,5,Mobile Phone,5,Single,9,0,12.0,2.0,2.0,1.0,150.61,4,3,2,9,Hibernating
55230,0,2.0,Mobile,1,8.0,Debit Card,Male,4.0,5,Mobile Phone,3,Married,3,0,15.0,1.0,2.0,1.0,140.63,4,2,1,7,Recent Customers
55231,0,2.0,Computer,3,14.0,Debit Card,Male,3.0,4,Laptop & Accessory,5,Single,2,0,15.0,2.0,2.0,4.0,173.98,3,3,4,10,Loyal
55232,0,23.0,Mobile,1,10.0,Credit Card,Female,3.0,5,Laptop & Accessory,5,Married,6,0,26.0,1.0,2.0,3.0,172.89,3,3,3,9,Loyal
55233,0,3.0,Computer,1,9.0,Debit Card,Female,4.0,4,Mobile Phone,4,Married,2,0,14.0,2.0,2.0,3.0,156.8,3,3,3,9,Loyal
55234,0,2.0,Mobile,1,36.0,Debit Card,Male,4.0,6,Laptop & Accessory,4,Married,3,0,15.0,1.0,2.0,8.0,190.49,1,3,4,8,Loyal
55235,0,7.0,Mobile,1,15.0,Debit Card,Male,4.0,4,Laptop & Accessory,3,Single,4,1,18.0,2.0,2.0,1.0,188.88,5,3,4,12,Loyal
55236,0,6.0,Mobile,1,17.0,Credit Card,Male,4.0,4,Fashion,1,Single,4,0,26.0,1.0,,1.0,237.44,5,5,5,15,Champions
55237,0,28.0,Computer,1,18.0,Credit Card,Female,3.0,4,Grocery,1,Married,5,0,21.0,,2.0,13.0,285.32,1,4,5,10,Champions
55238,1,1.0,Mobile,1,8.0,Cash on Delivery,Male,4.0,5,Mobile Phone,5,Single,8,0,14.0,2.0,2.0,8.0,148.62,1,2,2,5,Hibernating
55239,0,18.0,Mobile,1,35.0,Debit Card,Male,3.0,4,Grocery,5,Married,5,0,14.0,,15.0,18.0,288.28,1,5,5,11,Champions
55240,0,13.0,Mobile,1,13.0,Debit Card,Female,3.0,4,Fashion,4,Single,6,0,19.0,3.0,3.0,3.0,208.76,3,4,4,11,Champions
55241,0,20.0,Mobile,3,10.0,Debit Card,Female,3.0,4,Grocery,4,Married,10,0,13.0,,6.0,2.0,291.06,4,5,5,14,Champions
55242,0,9.0,Mobile,1,23.0,Debit Card,Female,4.0,5,Fashion,4,Single,3,0,20.0,4.0,4.0,,211.06,5,4,5,14,Champions
55243,0,1.0,Mobile,1,27.0,Debit Card,Male,4.0,4,Laptop & Accessory,3,Single,2,0,15.0,2.0,2.0,3.0,147.72,3,2,2,7,Hibernating
55244,1,4.0,Mobile,1,16.0,Debit Card,Male,3.0,4,Mobile Phone,5,Single,5,0,15.0,2.0,2.0,1.0,145.18,4,2,2,8,Recent Customers
55245,0,8.0,Mobile,3,8.0,Cash on Delivery,Male,4.0,5,Fashion,3,Married,3,1,15.0,8.0,9.0,7.0,195.83,2,5,4,11,Champions
55246,1,1.0,Computer,1,10.0,Debit Card,Female,3.0,4,Mobile Phone,3,Single,3,0,13.0,3.0,8.0,8.0,165.84,2,5,3,10,Loyal
55247,0,24.0,Computer,1,29.0,Credit Card,Male,3.0,6,Grocery,1,Single,3,1,14.0,,14.0,10.0,269.11,1,5,5,11,Champions
55248,0,8.0,Mobile,3,14.0,Cash on Delivery,Male,3.0,4,Mobile Phone,3,Married,2,1,26.0,4.0,6.0,8.0,148.08,1,5,2,8,At Risk
55249,0,16.0,Mobile,1,9.0,Credit Card,Male,4.0,5,Mobile Phone,4,Married,6,0,15.0,1.0,2.0,1.0,173.41,5,3,4,12,Loyal
55250,0,11.0,Mobile,1,20.0,Credit Card,Male,3.0,4,Laptop & Accessory,1,Married,3,0,18.0,3.0,4.0,8.0,167.85,1,4,3,8,Loyal
55251,0,3.0,Mobile,1,15.0,UPI,Female,3.0,6,Laptop & Accessory,5,Married,5,0,14.0,2.0,2.0,,222.15,5,4,5,14,Champions
55252,0,7.0,Mobile,1,32.0,Debit Card,Male,3.0,5,Laptop & Accessory,4,Single,3,0,14.0,2.0,2.0,3.0,168.2,3,3,3,9,Loyal
55253,0,19.0,Mobile,1,35.0,Cash on Delivery,Male,4.0,4,Mobile Phone,1,Married,6,0,21.0,2.0,2.0,4.0,146.32,3,2,2,7,Hibernating
55254,0,16.0,Computer,1,9.0,Debit Card,Male,3.0,4,Fashion,1,Married,4,1,15.0,5.0,14.0,,226.24,5,5,5,15,Champions
55255,0,14.0,Mobile,3,16.0,Credit Card,Male,3.0,4,Laptop & Accessory,5,Married,2,0,13.0,8.0,8.0,2.0,179.73,4,5,4,13,Champions
55256,0,7.0,Mobile,1,35.0,Debit Card,Male,4.0,4,Laptop & Accessory,3,Married,3,1,13.0,5.0,6.0,8.0,177.07,1,5,4,10,Champions
55257,0,14.0,Mobile,2,13.0,Credit Card,Male,3.0,4,Grocery,1,Single,3,1,22.0,,8.0,8.0,289.37,2,5,5,12,Champions
55258,0,1.0,Mobile,1,28.0,Cash on Delivery,Male,3.0,5,Mobile Phone,5,Married,2,0,15.0,1.0,2.0,1.0,147.96,4,2,2,8,Recent Customers
55259,0,14.0,Computer,1,15.0,Debit Card,Male,4.0,4,Laptop & Accessory,1,Married,5,1,19.0,2.0,3.0,3.0,165.69,3,4,3,10,Loyal
55260,0,19.0,Mobile,1,8.0,Cash on Delivery,Male,4.0,4,Fashion,4,Married,3,0,13.0,4.0,8.0,8.0,199.41,2,5,4,11,Champions
55261,0,9.0,Mobile,3,35.0,Debit Card,Female,4.0,5,Mobile Phone,3,Married,2,0,24.0,3.0,5.0,3.0,149.3,3,4,2,9,Hibernating
55262,0,6.0,Mobile,1,12.0,Debit Card,Female,4.0,5,Laptop & Accessory,4,Married,5,0,13.0,2.0,3.0,6.0,183.78,2,4,4,10,Champions
55263,0,10.0,Mobile,3,9.0,Debit Card,Male,4.0,4,Mobile Phone,1,Single,5,1,22.0,2.0,2.0,3.0,151.44,3,3,2,8,Hibernating
55264,0,22.0,Mobile,3,23.0,Debit Card,Female,4.0,4,Laptop & Accessory,3,Married,10,0,15.0,8.0,8.0,8.0,189.39,2,5,4,11,Champions
55265,0,3.0,Mobile,1,16.0,Debit Card,Male,4.0,2,Mobile Phone,3,Married,8,0,19.0,1.0,2.0,1.0,149.51,4,3,2,9,Hibernating
55266,0,7.0,Mobile,3,15.0,Debit Card,Male,3.0,4,Laptop & Accessory,5,Married,4,0,14.0,3.0,3.0,3.0,188.92,3,4,4,11,Champions
55267,1,1.0,Mobile,3,8.0,Debit Card,Male,4.0,5,Laptop & Accessory,5,Married,3,0,12.0,2.0,7.0,,222.14,5,5,5,15,Champions
55268,0,12.0,Computer,2,17.0,UPI,Male,4.0,4,Laptop & Accessory,3,Married,5,0,12.0,1.0,2.0,3.0,185.77,3,3,4,10,Loyal
55269,0,9.0,Mobile,1,8.0,Credit Card,Male,4.0,5,Mobile Phone,5,Single,3,0,20.0,2.0,2.0,3.0,149.5,3,3,2,8,Hibernating
55270,0,8.0,Mobile,3,36.0,Cash on Delivery,Male,3.0,4,Fashion,4,Married,5,0,13.0,2.0,2.0,,217.5,5,4,5,14,Champions
55271,1,1.0,Mobile,1,9.0,Debit Card,Female,4.0,4,Mobile Phone,5,Married,3,1,13.0,2.0,2.0,1.0,145.74,4,2,2,8,Recent Customers
55272,1,17.0,Mobile,1,9.0,Cash on Delivery,Female,4.0,5,Fashion,1,Married,2,0,17.0,1.0,2.0,,226.69,5,4,5,14,Champions
55273,1,2.0,Mobile,1,9.0,Credit Card,Male,3.0,4,Laptop & Accessory,4,Married,6,0,12.0,2.0,2.0,5.0,173.55,2,3,4,9,Loyal
55274,0,6.0,Computer,1,8.0,Cash on Delivery,Male,4.0,4,Laptop & Accessory,5,Married,6,0,15.0,1.0,2.0,3.0,165.87,3,3,3,9,Loyal
55275,0,22.0,Mobile,1,22.0,UPI,Female,4.0,4,Mobile Phone,5,Married,10,0,13.0,7.0,8.0,7.0,148.67,2,5,2,9,At Risk
55276,0,8.0,Mobile,1,14.0,Credit Card,Male,3.0,4,Mobile Phone,1,Single,3,0,14.0,1.0,2.0,1.0,154.72,5,3,3,11,Loyal
55277,0,29.0,Mobile,3,33.0,E wallet,Male,3.0,5,Others,1,Married,3,0,,1.0,3.0,14.0,320.86,1,4,5,10,Champions
55278,0,8.0,Mobile,1,8.0,Debit Card,Male,3.0,4,Laptop & Accessory,1,Married,11,0,18.0,1.0,3.0,2.0,179.84,4,4,4,12,Champions
55279,0,1.0,Mobile,1,10.0,Debit Card,Female,3.0,4,Mobile Phone,1,Married,3,0,22.0,2.0,2.0,1.0,145.61,4,2,2,8,Recent Customers
55280,0,12.0,Mobile,3,21.0,Debit Card,Male,4.0,4,Laptop & Accessory,4,Married,2,0,12.0,4.0,8.0,,224.24,5,5,5,15,Champions
55281,0,12.0,Mobile,3,23.0,Debit Card,Female,3.0,4,Laptop & Accessory,4,Single,4,0,13.0,2.0,2.0,3.0,166.98,3,3,3,9,Loyal
55282,0,10.0,Mobile,3,8.0,Debit Card,Female,4.0,4,Laptop & Accessory,3,Single,8,0,14.0,2.0,2.0,1.0,193.15,5,3,4,12,Loyal
55283,0,3.0,Mobile,1,10.0,Credit Card,Male,3.0,4,Mobile Phone,5,Single,3,1,19.0,1.0,2.0,6.0,172.23,2,3,3,8,Loyal
55284,0,9.0,Mobile,1,17.0,Credit Card,Female,3.0,4,Laptop & Accessory,3,Single,5,1,17.0,1.0,2.0,5.0,186.42,2,3,4,9,Loyal
55285,0,13.0,Mobile,3,13.0,Credit Card,Male,3.0,2,Fashion,3,Married,4,0,12.0,4.0,8.0,7.0,207.37,2,5,4,11,Champions
55286,0,3.0,Computer,1,9.0,Debit Card,Male,3.0,4,Laptop & Accessory,1,Married,3,0,20.0,2.0,2.0,,213.53,5,4,5,14,Champions
55287,0,24.0,Mobile,3,16.0,E wallet,Male,3.0,4,Others,3,Married,6,1,,1.0,2.0,1.0,318.31,5,4,5,14,Champions
55288,0,1.0,Mobile,1,17.0,Cash on Delivery,Male,3.0,2,Mobile Phone,3,Married,4,0,17.0,1.0,3.0,3.0,145.73,3,4,2,9,Hibernating
55289,0,10.0,Computer,1,13.0,Debit Card,Male,4.0,2,Laptop & Accessory,5,Married,5,1,14.0,1.0,2.0,3.0,180.62,3,3,4,10,Loyal
55290,0,16.0,Mobile,1,16.0,UPI,Male,4.0,5,Others,1,Single,10,0,,2.0,2.0,2.0,321.13,4,4,5,13,Champions
55291,0,9.0,Mobile,1,35.0,Debit Card,Male,3.0,2,Laptop & Accessory,3,Married,3,0,18.0,7.0,7.0,9.0,159.07,1,5,3,9,Loyal
55292,0,8.0,Computer,1,17.0,Cash on Delivery,Male,4.0,5,Laptop & Accessory,3,Married,3,0,15.0,2.0,8.0,8.0,175.63,2,5,4,11,Champions
55293,0,14.0,Mobile,3,21.0,Debit Card,Female,3.0,4,Laptop & Accessory,5,Married,3,0,16.0,1.0,2.0,3.0,171.39,3,3,3,9,Loyal
55294,0,17.0,Mobile,1,34.0,Cash on Delivery,Male,3.0,2,Mobile Phone,4,Married,7,0,13.0,2.0,2.0,3.0,173.76,3,3,4,10,Loyal
55295,0,9.0,Mobile,1,14.0,Debit Card,Male,4.0,5,Mobile Phone,1,Married,3,0,19.0,2.0,2.0,2.0,151.9,4,3,2,9,Hibernating
55296,0,20.0,Mobile,3,8.0,Debit Card,Male,3.0,2,Grocery,5,Single,3,0,,1.0,2.0,13.0,300.67,1,4,5,10,Champions
55297,1,1.0,Mobile,1,31.0,Credit Card,Male,3.0,4,Mobile Phone,4,Married,3,1,18.0,1.0,2.0,1.0,149.08,4,2,2,8,Recent Customers
55298,0,1.0,Computer,1,33.0,UPI,Female,3.0,5,Mobile Phone,3,Married,3,1,15.0,2.0,2.0,4.0,153.14,3,3,2,8,Hibernating
55299,0,24.0,Computer,1,27.0,Credit Card,Male,3.0,4,Grocery,3,Married,4,1,16.0,1.0,,14.0,237.45,1,5,5,11,Champions
55300,0,6.0,Mobile,1,12.0,UPI,Female,3.0,2,Mobile Phone,1,Married,5,0,18.0,2.0,2.0,3.0,158.12,3,3,3,9,Loyal
55301,0,18.0,Mobile,1,14.0,Credit Card,Female,3.0,4,Others,1,Married,2,1,,1.0,2.0,11.0,315.49,1,4,5,10,Champions
55302,0,4.0,Mobile,1,14.0,Credit Card,Male,3.0,5,Mobile Phone,4,Married,3,0,13.0,2.0,2.0,2.0,146.41,4,2,2,8,Recent Customers
55303,0,19.0,Mobile,1,12.0,Credit Card,Female,3.0,6,Laptop & Accessory,5,Single,3,1,15.0,1.0,2.0,5.0,182.69,2,3,4,9,Loyal
55304,0,19.0,Computer,3,33.0,E wallet,Male,3.0,5,Laptop & Accessory,5,Married,3,0,16.0,4.0,5.0,6.0,168.85,2,4,3,9,Loyal
55305,0,5.0,Computer,3,9.0,UPI,Male,3.0,4,Laptop & Accessory,5,Single,9,0,14.0,2.0,2.0,4.0,178.32,3,3,4,10,Loyal
55306,0,10.0,Mobile,1,19.0,Debit Card,Female,4.0,4,Laptop & Accessory,3,Married,11,1,13.0,1.0,2.0,2.0,171.63,4,3,3,10,Loyal
55307,0,8.0,Computer,1,17.0,Debit Card,Male,3.0,2,Laptop & Accessory,1,Married,3,0,14.0,4.0,8.0,3.0,172.24,4,5,3,12,Loyal
55308,0,23.0,Mobile,1,32.0,Debit Card,Female,3.0,4,Mobile Phone,5,Married,3,0,15.0,2.0,2.0,5.0,157.11,2,3,3,8,Loyal
55309,0,13.0,Mobile,1,17.0,Credit Card,Male,4.0,4,Laptop & Accessory,5,Married,4,0,14.0,4.0,8.0,8.0,178.77,2,5,4,11,Champions
55310,0,1.0,Mobile,1,26.0,UPI,Male,4.0,5,Mobile Phone,5,Married,3,0,12.0,1.0,2.0,8.0,165.66,1,3,3,7,Loyal
55311,0,9.0,Mobile,1,25.0,Debit Card,Male,3.0,2,Laptop & Accessory,5,Married,3,0,12.0,2.0,2.0,11.0,177.08,1,3,4,8,Loyal
55312,0,2.0,Mobile,1,34.0,Credit Card,Female,3.0,6,Laptop & Accessory,5,Married,2,0,22.0,2.0,2.0,1.0,173.77,5,3,4,12,Loyal
55313,0,1.0,Mobile,1,12.0,Credit Card,Male,4.0,4,Mobile Phone,1,Single,3,0,19.0,1.0,3.0,3.0,156.17,3,4,3,10,Loyal
55314,1,1.0,Computer,3,10.0,Credit Card,Female,4.0,4,Mobile Phone,1,Single,3,1,13.0,2.0,2.0,1.0,140.69,4,2,1,7,Recent Customers
55315,0,21.0,Mobile,2,33.0,Debit Card,Female,4.0,4,Others,3,Married,5,0,,2.0,2.0,1.0,321.58,5,4,5,14,Champions
55316,0,13.0,Mobile,1,10.0,Credit Card,Male,4.0,5,Laptop & Accessory,3,Married,2,0,16.0,1.0,2.0,8.0,155.69,1,3,3,7,Loyal
55317,0,14.0,Mobile,1,22.0,Debit Card,Female,4.0,5,Fashion,3,Married,3,0,14.0,7.0,15.0,,229.35,5,5,5,15,Champions
55318,0,9.0,Computer,1,15.0,Debit Card,Female,3.0,4,Laptop & Accessory,3,Married,3,0,13.0,1.0,3.0,10.0,166.48,1,4,3,8,Loyal
55319,0,11.0,Mobile,1,26.0,Debit Card,Male,3.0,4,Laptop & Accessory,3,Married,5,0,18.0,1.0,2.0,3.0,182.68,3,3,4,10,Loyal
55320,0,13.0,Computer,1,11.0,Credit Card,Female,3.0,4,Laptop & Accessory,3,Single,2,0,14.0,4.0,4.0,9.0,175.42,1,4,4,9,Champions
55321,0,19.0,Mobile,1,9.0,UPI,Female,3.0,5,Laptop & Accessory,1,Married,3,0,20.0,4.0,4.0,10.0,182.7,1,4,4,9,Champions
55322,0,12.0,Mobile,1,9.0,Credit Card,Female,3.0,5,Fashion,3,Married,5,1,20.0,1.0,2.0,3.0,202.56,3,4,4,11,Champions
55323,1,1.0,Mobile,3,17.0,Credit Card,Male,3.0,5,Fashion,5,Married,11,0,18.0,1.0,7.0,,228.06,5,5,5,15,Champions
55324,0,11.0,Mobile,1,17.0,Credit Card,Female,4.0,4,Mobile Phone,4,Married,3,0,12.0,5.0,8.0,8.0,164.36,2,5,3,10,Loyal
55325,0,14.0,Mobile,1,23.0,Debit Card,Female,3.0,4,Fashion,1,Single,8,1,16.0,4.0,4.0,4.0,204.45,3,4,4,11,Champions
55326,0,18.0,Computer,2,8.0,UPI,Male,3.0,4,Laptop & Accessory,1,Married,6,1,12.0,2.0,2.0,3.0,182.43,3,3,4,10,Loyal
55327,0,22.0,Computer,1,11.0,Credit Card,Male,3.0,5,Grocery,1,Married,4,0,26.0,,3.0,3.0,277.02,3,4,5,12,Champions
55328,1,1.0,Mobile,3,22.0,Credit Card,Male,3.0,6,Laptop & Accessory,1,Married,8,1,15.0,1.0,3.0,3.0,179.4,3,4,4,11,Champions
55329,0,1.0,Computer,1,9.0,Cash on Delivery,Female,3.0,4,Mobile Phone,1,Single,3,1,14.0,1.0,2.0,4.0,162.6,3,3,3,9,Loyal
55330,0,1.0,Mobile,1,15.0,Credit Card,Female,3.0,2,Mobile Phone,3,Married,9,0,18.0,1.0,2.0,3.0,160.17,3,3,3,9,Loyal
55331,0,1.0,Computer,1,9.0,Credit Card,Male,3.0,4,Mobile Phone,1,Single,4,0,14.0,1.0,2.0,3.0,150.8,3,3,2,8,Hibernating
55332,1,4.0,Mobile,1,14.0,Debit Card,Male,4.0,4,Mobile Phone,5,Single,5,1,15.0,1.0,2.0,4.0,146.66,3,2,2,7,Hibernating
55333,0,3.0,Mobile,3,17.0,Credit Card,Male,3.0,5,Laptop & Accessory,3,Single,11,0,12.0,2.0,2.0,5.0,183.69,2,3,4,9,Loyal
55334,0,10.0,Mobile,1,12.0,Debit Card,Female,3.0,4,Fashion,5,Married,6,0,13.0,2.0,2.0,3.0,205.08,3,4,4,11,Champions
55335,0,1.0,Computer,1,9.0,Debit Card,Male,4.0,2,Laptop & Accessory,3,Married,3,0,18.0,2.0,2.0,8.0,177.06,1,3,4,8,Loyal
55336,0,13.0,Mobile,1,19.0,Credit Card,Male,4.0,4,Laptop & Accessory,4,Married,6,0,22.0,2.0,2.0,1.0,177.95,5,3,4,12,Loyal
55337,0,23.0,Mobile,1,29.0,UPI,Female,4.0,4,Grocery,4,Married,5,0,17.0,,2.0,3.0,289.13,3,4,5,12,Champions
55338,0,24.0,Mobile,1,24.0,Debit Card,Female,3.0,5,Fashion,5,Married,7,0,16.0,1.0,,12.0,257.69,1,5,5,11,Champions
55339,0,1.0,Mobile,3,9.0,Credit Card,Female,3.0,4,Mobile Phone,3,Single,3,0,20.0,1.0,3.0,3.0,152.83,3,4,2,9,Hibernating
55340,0,8.0,Mobile,1,10.0,Debit Card,Female,4.0,4,Laptop & Accessory,4,Married,3,0,13.0,2.0,8.0,10.0,179.33,1,5,4,10,Champions
55341,0,10.0,Mobile,1,14.0,Debit Card,Male,4.0,4,Mobile Phone,4,Single,4,0,12.0,1.0,2.0,4.0,145.13,3,2,2,7,Hibernating
55342,0,23.0,Mobile,1,13.0,Debit Card,Female,3.0,5,Grocery,3,Married,4,1,20.0,,3.0,13.0,264.66,1,4,5,10,Champions
55343,0,10.0,Computer,1,8.0,Credit Card,Female,3.0,5,Laptop & Accessory,3,Married,2,0,16.0,1.0,2.0,3.0,168.74,3,3,3,9,Loyal
55344,0,10.0,Mobile,1,10.0,Debit Card,Male,4.0,2,Laptop & Accessory,5,Married,8,0,21.0,1.0,2.0,5.0,193.42,2,3,4,9,Loyal
55345,0,28.0,Mobile,1,29.0,Credit Card,Female,4.0,4,Grocery,3,Married,5,0,,4.0,5.0,8.0,299.26,1,5,5,11,Champions
55346,0,17.0,Mobile,1,22.0,Debit Card,Male,4.0,5,Grocery,3,Married,3,0,,3.0,7.0,12.0,301.03,1,5,5,11,Champions
55347,1,1.0,Computer,3,19.0,UPI,Male,3.0,4,Laptop & Accessory,1,Single,5,1,25.0,6.0,7.0,8.0,170.81,1,5,3,9,Loyal
55348,0,12.0,Computer,1,8.0,Debit Card,Male,3.0,4,Laptop & Accessory,1,Married,9,0,16.0,2.0,3.0,10.0,172.35,1,4,3,8,Loyal
55349,0,3.0,Mobile,3,12.0,Credit Card,Male,3.0,5,Laptop & Accessory,4,Married,3,1,14.0,1.0,2.0,10.0,166.87,1,3,3,7,Loyal
55350,0,7.0,Mobile,3,9.0,Credit Card,Male,4.0,4,Laptop & Accessory,1,Married,3,0,15.0,2.0,2.0,5.0,180.05,2,3,4,9,Loyal
55351,0,6.0,Mobile,1,9.0,Credit Card,Male,3.0,4,Laptop & Accessory,4,Married,2,0,14.0,2.0,2.0,7.0,179.7,2,3,4,9,Loyal
55352,0,5.0,Mobile,3,12.0,Debit Card,Female,4.0,4,Laptop & Accessory,1,Married,3,0,12.0,1.0,2.0,3.0,179.76,3,3,4,10,Loyal
55353,0,23.0,Mobile,1,23.0,Credit Card,Female,4.0,4,Mobile Phone,5,Married,6,1,17.0,1.0,3.0,3.0,150.87,3,4,2,9,Hibernating
55354,0,12.0,Computer,1,9.0,Credit Card,Female,3.0,5,Mobile Phone,4,Single,3,0,23.0,1.0,4.0,4.0,149.4,3,4,2,9,Hibernating
55355,0,21.0,Mobile,3,9.0,Debit Card,Female,3.0,2,Grocery,4,Married,8,0,15.0,,2.0,3.0,284.72,3,4,5,12,Champions
55356,0,23.0,Mobile,1,8.0,Debit Card,Male,3.0,4,Grocery,3,Single,6,0,15.0,,2.0,1.0,278.79,5,4,5,14,Champions
55357,0,15.0,Mobile,3,30.0,Debit Card,Male,4.0,4,Fashion,3,Single,5,1,17.0,1.0,2.0,3.0,195.82,3,4,4,11,Champions
55358,0,1.0,Mobile,3,16.0,Debit Card,Male,3.0,4,Mobile Phone,5,Single,3,0,12.0,1.0,2.0,3.0,152.28,3,3,2,8,Hibernating
55359,0,7.0,Computer,3,23.0,Debit Card,Female,3.0,4,Laptop & Accessory,1,Married,3,1,26.0,1.0,2.0,3.0,178.68,3,3,4,10,Loyal
55360,0,10.0,Mobile,1,33.0,Debit Card,Male,4.0,4,Laptop & Accessory,3,Married,8,0,15.0,2.0,2.0,3.0,178.47,3,3,4,10,Loyal
55361,0,18.0,Mobile,2,8.0,Debit Card,Female,3.0,4,Mobile Phone,1,Married,6,1,19.0,3.0,3.0,3.0,156.95,3,4,3,10,Loyal
55362,1,1.0,Mobile,1,15.0,Credit Card,Male,4.0,5,Mobile Phone,3,Single,3,1,12.0,2.0,2.0,3.0,164.89,3,3,3,9,Loyal
55363,0,12.0,Mobile,1,11.0,Credit Card,Female,3.0,4,Mobile Phone,3,Married,9,0,20.0,1.0,2.0,1.0,158.06,5,3,3,11,Loyal
55364,0,27.0,Mobile,1,31.0,Credit Card,Male,3.0,2,Fashion,1,Married,5,0,16.0,1.0,2.0,3.0,195.05,3,4,4,11,Champions
55365,1,12.0,Computer,3,14.0,Credit Card,Female,4.0,4,Mobile Phone,3,Married,4,1,12.0,2.0,8.0,8.0,151.55,2,5,2,9,At Risk
55366,1,1.0,Mobile,1,9.0,Debit Card,Male,4.0,4,Mobile Phone,4,Single,3,0,13.0,1.0,2.0,1.0,138.93,4,2,1,7,Recent Customers
55367,0,1.0,Computer,1,14.0,Credit Card,Male,4.0,4,Mobile Phone,1,Single,3,0,21.0,1.0,6.0,8.0,150.7,1,5,2,8,At Risk
55368,0,29.0,Mobile,1,29.0,Cash on Delivery,Male,4.0,5,Mobile Phone,4,Married,7,0,13.0,2.0,2.0,3.0,160.37,3,3,3,9,Loyal
55369,0,8.0,Mobile,1,12.0,Credit Card,Male,3.0,5,Laptop & Accessory,1,Married,3,0,15.0,1.0,5.0,14.0,164.86,1,4,3,8,Loyal
55370,0,31.0,Mobile,1,8.0,Credit Card,Male,4.0,6,Fashion,1,Married,5,0,21.0,2.0,,1.0,233.83,5,5,5,15,Champions
55371,0,7.0,Mobile,1,28.0,Credit Card,Male,4.0,2,Mobile Phone,4,Married,3,0,19.0,1.0,3.0,14.0,145.28,1,4,2,7,At Risk
55372,0,11.0,Computer,3,8.0,Credit Card,Male,3.0,6,Laptop & Accessory,1,Married,3,0,15.0,2.0,2.0,,220.25,5,4,5,14,Champions
55373,0,8.0,Mobile,1,26.0,Debit Card,Female,3.0,5,Mobile Phone,1,Married,3,0,13.0,2.0,9.0,8.0,154.29,2,5,3,10,Loyal
55374,1,1.0,Mobile,3,14.0,Debit Card,Male,4.0,4,Mobile Phone,1,Married,3,1,22.0,2.0,2.0,3.0,147.75,3,2,2,7,Hibernating
55375,0,18.0,Mobile,1,9.0,Debit Card,Female,4.0,2,Fashion,1,Married,3,1,20.0,2.0,7.0,8.0,203.79,2,5,4,11,Champions
55376,0,9.0,Computer,1,9.0,Credit Card,Male,4.0,5,Mobile Phone,1,Single,2,1,15.0,2.0,2.0,5.0,174.3,2,3,4,9,Loyal
55377,0,17.0,Mobile,3,9.0,Credit Card,Male,4.0,4,Laptop & Accessory,1,Married,3,1,18.0,4.0,9.0,9.0,203.47,1,5,4,10,Champions
55378,0,1.0,Mobile,1,16.0,Credit Card,Male,4.0,2,Mobile Phone,3,Married,3,0,17.0,1.0,2.0,5.0,169.01,2,3,3,8,Loyal
55379,0,15.0,Mobile,3,13.0,E wallet,Male,3.0,4,Fashion,3,Single,3,0,13.0,4.0,9.0,,217.41,5,5,5,15,Champions
55380,0,3.0,Mobile,1,16.0,Credit Card,Female,3.0,4,Mobile Phone,3,Married,11,0,18.0,1.0,2.0,3.0,154.74,3,3,3,9,Loyal
55381,0,10.0,Mobile,3,9.0,Debit Card,Female,3.0,4,Laptop & Accessory,1,Single,5,0,16.0,7.0,7.0,8.0,170.02,1,5,3,9,Loyal
55382,0,19.0,Computer,1,8.0,Debit Card,Male,4.0,5,Fashion,3,Married,5,0,24.0,5.0,,5.0,232.48,2,5,5,12,Champions
55383,1,1.0,Mobile,2,29.0,UPI,Male,3.0,6,Mobile Phone,3,Married,3,0,12.0,1.0,2.0,1.0,140.55,4,2,1,7,Recent Customers
55384,1,11.0,Computer,3,16.0,Debit Card,Male,3.0,6,Grocery,3,Married,9,0,12.0,7.0,,11.0,254.36,1,5,5,11,Champions
55385,0,1.0,Mobile,1,24.0,Credit Card,Male,4.0,6,Mobile Phone,3,Married,3,0,16.0,2.0,2.0,3.0,148.05,3,2,2,7,Hibernating
55386,0,19.0,Mobile,1,35.0,Cash on Delivery,Female,3.0,5,Grocery,4,Single,3,0,,7.0,9.0,7.0,292.04,2,5,5,12,Champions
55387,0,6.0,Computer,1,17.0,Debit Card,Male,3.0,4,Mobile Phone,3,Married,8,0,14.0,1.0,2.0,4.0,159.33,3,3,3,9,Loyal
55388,0,5.0,Mobile,1,9.0,Debit Card,Male,4.0,4,Mobile Phone,3,Married,3,0,15.0,2.0,2.0,4.0,159.77,3,3,3,9,Loyal
55389,0,15.0,Computer,2,11.0,UPI,Male,3.0,6,Laptop & Accessory,4,Married,8,0,20.0,1.0,2.0,3.0,189.3,3,3,4,10,Loyal
55390,0,14.0,Mobile,1,15.0,Debit Card,Female,4.0,4,Laptop & Accessory,5,Married,4,1,17.0,2.0,2.0,1.0,190.16,5,3,4,12,Loyal
55391,0,1.0,Mobile,1,36.0,Credit Card,Male,4.0,4,Mobile Phone,5,Married,3,0,14.0,2.0,2.0,3.0,164.07,3,3,3,9,Loyal
55392,0,20.0,Mobile,1,20.0,Debit Card,Male,3.0,4,Laptop & Accessory,4,Single,8,0,15.0,2.0,2.0,10.0,180.62,1,3,4,8,Loyal
55393,0,9.0,Mobile,1,34.0,Debit Card,Male,3.0,4,Laptop & Accessory,3,Married,4,0,17.0,2.0,2.0,8.0,193.83,1,4,4,9,Champions
55394,0,4.0,Mobile,1,23.0,Debit Card,Male,3.0,4,Mobile Phone,1,Married,3,0,13.0,1.0,2.0,9.0,153.62,1,3,2,6,At Risk
55395,0,21.0,Computer,3,9.0,E wallet,Male,3.0,4,Laptop & Accessory,4,Married,9,0,12.0,1.0,2.0,1.0,174.78,5,3,4,12,Loyal
55396,0,20.0,Mobile,3,9.0,Debit Card,Male,4.0,4,Fashion,1,Married,6,1,13.0,1.0,2.0,,228.68,5,4,5,14,Champions
55397,1,1.0,Mobile,3,20.0,E wallet,Male,4.0,5,Laptop & Accessory,5,Married,7,1,14.0,2.0,3.0,3.0,186.34,3,4,4,11,Champions
55398,1,1.0,Mobile,3,8.0,Debit Card,Male,3.0,6,Laptop & Accessory,4,Single,8,0,16.0,1.0,2.0,1.0,192.35,5,3,4,12,Loyal
55399,0,1.0,Mobile,1,11.0,Credit Card,Female,3.0,4,Mobile Phone,4,Single,3,0,14.0,1.0,2.0,3.0,157.95,3,3,3,9,Loyal
55400,0,5.0,Computer,1,31.0,Cash on Delivery,Female,2.0,4,Laptop & Accessory,1,Single,4,0,21.0,1.0,2.0,5.0,177.38,2,3,4,9,Loyal
55401,0,13.0,Computer,1,8.0,Debit Card,Male,4.0,4,Laptop & Accessory,1,Married,3,1,16.0,1.0,6.0,9.0,189.72,1,5,4,10,Champions
55402,0,6.0,Mobile,3,26.0,Debit Card,Male,4.0,6,Fashion,3,Married,5,0,14.0,1.0,2.0,,221.1,5,4,5,14,Champions
55403,0,14.0,Mobile,3,14.0,Credit Card,Male,3.0,4,Others,4,Single,3,0,15.0,13.0,13.0,9.0,323.33,1,5,5,11,Champions
55404,0,19.0,Mobile,2,11.0,Debit Card,Female,3.0,6,Fashion,3,Married,6,0,22.0,2.0,2.0,,222.56,5,4,5,14,Champions
55405,0,4.0,Computer,1,9.0,Cash on Delivery,Female,4.0,5,Mobile Phone,5,Single,2,0,17.0,1.0,2.0,8.0,174.68,1,3,4,8,Loyal
55406,0,1.0,Computer,2,17.0,Credit Card,Male,3.0,4,Mobile Phone,1,Married,2,0,15.0,1.0,3.0,2.0,146.45,4,4,2,10,Hibernating
55407,1,1.0,Computer,2,15.0,UPI,Female,4.0,5,Mobile Phone,1,Married,8,0,12.0,2.0,2.0,3.0,146.8,3,2,2,7,Hibernating
55408,0,5.0,Mobile,3,12.0,Cash on Delivery,Male,3.0,4,Laptop & Accessory,3,Married,3,0,20.0,2.0,2.0,3.0,208.46,3,4,4,11,Champions
55409,0,1.0,Mobile,1,15.0,Credit Card,Female,4.0,4,Mobile Phone,1,Single,3,0,12.0,1.0,2.0,5.0,159.45,2,3,3,8,Loyal
55410,1,1.0,Mobile,3,16.0,E wallet,Female,3.0,6,Mobile Phone,4,Single,3,0,14.0,3.0,3.0,3.0,152.6,3,4,2,9,Hibernating
55411,0,3.0,Computer,1,8.0,Debit Card,Male,4.0,2,Laptop & Accessory,3,Single,10,1,13.0,2.0,2.0,3.0,187.94,3,3,4,10,Loyal
55412,0,4.0,Mobile,3,22.0,E wallet,Male,4.0,5,Fashion,5,Married,4,0,12.0,2.0,2.0,8.0,196.4,1,4,4,9,Champions
55413,0,8.0,Mobile,1,9.0,Credit Card,Male,4.0,2,Mobile Phone,1,Married,2,1,15.0,2.0,2.0,3.0,154.32,3,3,3,9,Loyal
55414,0,7.0,Computer,3,9.0,E wallet,Female,4.0,4,Laptop & Accessory,4,Single,10,0,16.0,2.0,2.0,8.0,176.47,1,3,4,8,Loyal
55415,0,23.0,Mobile,3,18.0,E wallet,Female,4.0,4,Laptop & Accessory,1,Single,5,0,13.0,1.0,2.0,5.0,170.07,2,3,3,8,Loyal
55416,1,1.0,Mobile,3,23.0,Debit Card,Female,4.0,4,Fashion,5,Single,4,1,21.0,2.0,2.0,,210.64,5,4,5,14,Champions
55417,0,12.0,Computer,1,9.0,Credit Card,Female,4.0,5,Mobile Phone,4,Married,6,0,15.0,1.0,2.0,6.0,149.68,2,3,2,7,At Risk
55418,1,1.0,Mobile,3,23.0,E wallet,Male,4.0,4,Fashion,3,Married,4,0,14.0,1.0,2.0,1.0,206.61,5,4,4,13,Champions
55419,0,3.0,Mobile,1,11.0,Cash on Delivery,Female,4.0,5,Mobile Phone,5,Married,3,0,14.0,1.0,2.0,1.0,146.09,4,2,2,8,Recent Customers
55420,0,4.0,Mobile,1,23.0,Debit Card,Male,3.0,2,Laptop & Accessory,3,Married,5,0,17.0,2.0,2.0,8.0,177.94,1,3,4,8,Loyal
55421,0,6.0,Computer,1,12.0,Cash on Delivery,Male,4.0,4,Mobile Phone,4,Single,4,0,15.0,2.0,2.0,8.0,152.18,1,3,2,6,At Risk
55422,0,12.0,Mobile,1,25.0,Credit Card,Male,3.0,6,Laptop & Accessory,1,Married,5,1,17.0,1.0,2.0,1.0,183.11,5,3,4,12,Loyal
55423,1,7.0,Computer,1,24.0,Cash on Delivery,Male,3.0,5,Mobile Phone,3,Married,11,1,17.0,2.0,2.0,1.0,149.37,4,3,2,9,Hibernating
55424,0,16.0,Mobile,1,19.0,Credit Card,Male,3.0,4,Mobile Phone,4,Married,10,0,23.0,2.0,2.0,5.0,152.66,2,3,2,7,At Risk
55425,0,29.0,Mobile,1,9.0,Credit Card,Male,3.0,5,Others,5,Married,10,0,,2.0,2.0,1.0,315.38,5,4,5,14,Champions
55426,0,7.0,Computer,1,11.0,Cash on Delivery,Male,3.0,4,Laptop & Accessory,4,Married,7,0,16.0,1.0,2.0,8.0,155.55,1,3,3,7,Loyal
55427,0,15.0,Mobile,1,16.0,Debit Card,Male,4.0,4,Mobile Phone,5,Married,3,0,21.0,1.0,2.0,5.0,147.89,2,2,2,6,Hibernating
55428,0,8.0,Computer,3,17.0,Debit Card,Male,3.0,4,Laptop & Accessory,3,Married,3,1,15.0,2.0,2.0,8.0,165.01,1,3,3,7,Loyal
55429,0,27.0,Computer,1,8.0,Credit Card,Female,3.0,5,Grocery,3,Married,6,1,21.0,2.0,,3.0,254.65,4,5,5,14,Champions
55430,0,17.0,Mobile,2,9.0,Debit Card,Male,4.0,4,Mobile Phone,1,Single,2,0,14.0,2.0,2.0,9.0,160.39,1,3,3,7,Loyal
55431,0,8.0,Mobile,3,10.0,Debit Card,Female,3.0,6,Laptop & Accessory,1,Single,7,0,13.0,3.0,3.0,3.0,185.29,3,4,4,11,Champions
55432,1,1.0,Mobile,3,14.0,E wallet,Male,3.0,4,Mobile Phone,4,Single,3,0,14.0,1.0,2.0,1.0,151.79,5,3,2,10,Hibernating
55433,0,12.0,Mobile,1,13.0,UPI,Female,3.0,5,Mobile Phone,3,Married,3,0,12.0,2.0,2.0,5.0,162.02,2,3,3,8,Loyal
55434,1,1.0,Mobile,1,15.0,Credit Card,Female,4.0,4,Mobile Phone,5,Married,3,1,18.0,1.0,2.0,1.0,148.98,4,2,2,8,Recent Customers
55435,0,5.0,Mobile,3,36.0,E wallet,Female,4.0,5,Laptop & Accessory,1,Married,3,0,15.0,1.0,6.0,8.0,179.68,1,5,4,10,Champions
55436,0,25.0,Mobile,1,10.0,Cash on Delivery,Female,3.0,4,Fashion,3,Married,4,0,12.0,3.0,,3.0,256.16,4,5,5,14,Champions
55437,0,11.0,Mobile,3,16.0,E wallet,Male,3.0,5,Laptop & Accessory,4,Married,3,0,15.0,2.0,2.0,4.0,166.89,3,3,3,9,Loyal
55438,0,20.0,Mobile,1,9.0,Credit Card,Male,3.0,4,Others,1,Married,9,1,,3.0,3.0,3.0,318.28,3,4,5,12,Champions
55439,0,10.0,Mobile,1,17.0,Debit Card,Male,3.0,4,Fashion,5,Married,9,1,14.0,3.0,6.0,8.0,208.21,1,5,4,10,Champions
55440,1,8.0,Computer,1,8.0,Credit Card,Male,4.0,4,Mobile Phone,4,Married,3,1,13.0,3.0,3.0,4.0,148.42,3,4,2,9,Hibernating
55441,0,11.0,Mobile,2,15.0,UPI,Male,3.0,4,Laptop & Accessory,4,Married,4,0,14.0,4.0,5.0,8.0,165.71,1,4,3,8,Loyal
55442,1,1.0,Mobile,3,34.0,Debit Card,Male,3.0,4,Laptop & Accessory,1,Single,3,1,19.0,4.0,8.0,8.0,183.13,2,5,4,11,Champions
55443,0,7.0,Mobile,1,15.0,Debit Card,Male,3.0,2,Mobile Phone,5,Married,8,0,20.0,4.0,8.0,7.0,156.43,2,5,3,10,Loyal
55444,0,2.0,Mobile,1,8.0,Debit Card,Male,3.0,4,Mobile Phone,1,Married,3,0,12.0,1.0,2.0,4.0,145.44,3,2,2,7,Hibernating
55445,0,13.0,Mobile,1,17.0,Credit Card,Male,4.0,4,Fashion,3,Single,9,0,22.0,3.0,,3.0,259.64,4,5,5,14,Champions
55446,0,20.0,Computer,3,33.0,Debit Card,Male,4.0,5,Laptop & Accessory,4,Single,10,0,16.0,2.0,3.0,3.0,204.91,3,4,4,11,Champions
55447,0,14.0,Mobile,1,9.0,Debit Card,Female,4.0,4,Mobile Phone,5,Married,6,0,18.0,2.0,2.0,3.0,158.77,3,3,3,9,Loyal
55448,0,16.0,Mobile,1,20.0,Credit Card,Male,4.0,2,Laptop & Accessory,5,Married,7,0,19.0,2.0,2.0,1.0,180.38,5,3,4,12,Loyal
55449,0,9.0,Computer,1,9.0,Credit Card,Male,3.0,4,Laptop & Accessory,1,Married,4,0,15.0,2.0,2.0,8.0,182.62,1,3,4,8,Loyal
55450,0,12.0,Computer,2,9.0,UPI,Male,4.0,4,Mobile Phone,4,Married,7,0,14.0,3.0,4.0,9.0,150.92,1,4,2,7,At Risk
55451,1,1.0,Computer,1,16.0,Debit Card,Male,4.0,4,Laptop & Accessory,5,Married,6,0,18.0,1.0,2.0,8.0,178.46,1,3,4,8,Loyal
55452,1,1.0,Mobile,1,17.0,Credit Card,Male,3.0,4,Laptop & Accessory,5,Single,3,0,16.0,1.0,2.0,9.0,167.13,1,3,3,7,Loyal
55453,0,13.0,Computer,3,27.0,Debit Card,Male,3.0,4,Laptop & Accessory,1,Married,4,0,19.0,2.0,3.0,3.0,166.27,3,4,3,10,Loyal
55454,0,17.0,Computer,1,16.0,Debit Card,Male,3.0,4,Mobile Phone,3,Single,6,0,14.0,2.0,2.0,3.0,149.38,3,3,2,8,Hibernating
55455,0,15.0,Mobile,1,12.0,Debit Card,Male,3.0,2,Laptop & Accessory,4,Single,5,0,13.0,1.0,2.0,3.0,193.7,3,4,4,11,Champions
55456,0,15.0,Mobile,3,11.0,E wallet,Female,3.0,4,Fashion,3,Married,2,1,14.0,6.0,14.0,,229.47,5,5,5,15,Champions
55457,0,4.0,Mobile,1,17.0,Credit Card,Female,4.0,4,Fashion,3,Single,11,0,15.0,1.0,2.0,,221.67,5,4,5,14,Champions
55458,1,1.0,Mobile,2,27.0,Credit Card,Female,4.0,4,Mobile Phone,4,Married,2,1,12.0,1.0,2.0,5.0,146.48,2,2,2,6,Hibernating
55459,1,10.0,Mobile,1,28.0,Credit Card,Female,4.0,4,Laptop & Accessory,4,Married,6,0,23.0,4.0,4.0,,214.26,5,4,5,14,Champions
55460,0,14.0,Mobile,1,8.0,Debit Card,Female,3.0,4,Laptop & Accessory,1,Married,6,0,18.0,1.0,2.0,4.0,190.13,3,3,4,10,Loyal
55461,0,8.0,Mobile,3,15.0,Cash on Delivery,Male,4.0,2,Laptop & Accessory,3,Married,3,0,22.0,3.0,5.0,9.0,192.99,1,4,4,9,Champions
55462,0,31.0,Computer,3,9.0,Credit Card,Male,3.0,4,Grocery,4,Married,6,0,23.0,,15.0,15.0,287.91,1,5,5,11,Champions
55463,0,9.0,Mobile,1,30.0,Credit Card,Male,4.0,6,Mobile Phone,3,Married,2,0,17.0,1.0,2.0,4.0,152.05,3,3,2,8,Hibernating
55464,0,21.0,Mobile,1,11.0,Debit Card,Female,4.0,5,Fashion,4,Married,10,1,13.0,6.0,15.0,,228.33,5,5,5,15,Champions
55465,0,14.0,Mobile,1,19.0,Debit Card,Female,3.0,4,Laptop & Accessory,5,Married,4,0,13.0,2.0,8.0,8.0,169.48,2,5,3,10,Loyal
55466,0,28.0,Mobile,1,14.0,Credit Card,Female,4.0,4,Laptop & Accessory,1,Married,6,0,16.0,2.0,2.0,8.0,193.54,1,3,4,8,Loyal
55467,0,5.0,Computer,3,14.0,E wallet,Female,4.0,4,Fashion,5,Married,4,0,15.0,3.0,3.0,,221.37,5,4,5,14,Champions
55468,0,2.0,Mobile,1,8.0,Credit Card,Female,4.0,4,Mobile Phone,5,Married,3,0,26.0,2.0,2.0,3.0,160.91,3,3,3,9,Loyal
55469,0,12.0,Mobile,3,9.0,E wallet,Female,4.0,6,Laptop & Accessory,1,Married,4,1,21.0,1.0,2.0,4.0,179.05,3,3,4,10,Loyal
55470,0,1.0,Mobile,3,17.0,Credit Card,Male,3.0,4,Laptop & Accessory,1,Single,3,0,14.0,2.0,2.0,3.0,171.84,3,3,3,9,Loyal
55471,0,31.0,Computer,1,22.0,Debit Card,Male,3.0,4,Grocery,3,Married,4,1,15.0,,3.0,3.0,282.87,3,4,5,12,Champions
55472,0,1.0,Computer,1,21.0,Credit Card,Female,3.0,4,Mobile Phone,3,Single,3,0,17.0,2.0,2.0,1.0,140.14,4,2,1,7,Recent Customers
55473,1,1.0,Mobile,2,25.0,UPI,Male,3.0,2,Mobile Phone,5,Married,2,0,18.0,2.0,2.0,1.0,154.56,5,3,3,11,Loyal
55474,1,1.0,Mobile,2,20.0,UPI,Male,3.0,5,Mobile Phone,5,Married,6,1,16.0,3.0,3.0,1.0,148.35,5,4,2,11,Hibernating
55475,0,19.0,Computer,3,9.0,Debit Card,Female,4.0,4,Laptop & Accessory,3,Married,6,0,23.0,4.0,6.0,8.0,176.54,1,5,4,10,Champions
55476,0,10.0,Mobile,1,9.0,UPI,Female,4.0,4,Laptop & Accessory,4,Married,6,1,23.0,2.0,2.0,1.0,194.62,5,4,4,13,Champions
55477,0,17.0,Computer,3,9.0,Debit Card,Male,4.0,4,Laptop & Accessory,1,Married,3,0,21.0,8.0,8.0,8.0,181.75,2,5,4,11,Champions
55478,0,1.0,Computer,1,12.0,Debit Card,Female,3.0,4,Mobile Phone,1,Single,2,1,15.0,2.0,2.0,3.0,148.79,3,2,2,7,Hibernating
55479,0,3.0,Computer,1,27.0,Credit Card,Male,3.0,4,Mobile Phone,1,Married,3,0,14.0,2.0,4.0,11.0,163.12,1,4,3,8,Loyal
55480,0,6.0,Computer,3,17.0,E wallet,Male,4.0,4,Laptop & Accessory,1,Single,10,0,14.0,1.0,2.0,1.0,171.48,5,3,3,11,Loyal
55481,0,16.0,Computer,1,17.0,Cash on Delivery,Male,3.0,4,Mobile Phone,3,Married,5,0,23.0,4.0,4.0,4.0,154.36,3,4,3,10,Loyal
55482,0,21.0,Mobile,1,16.0,Debit Card,Female,4.0,4,Mobile Phone,3,Single,6,0,13.0,1.0,3.0,1.0,146.05,5,4,2,11,Hibernating
55483,0,20.0,Mobile,1,9.0,Debit Card,Male,3.0,4,Fashion,1,Married,5,0,15.0,1.0,5.0,,210.78,5,4,5,14,Champions
55484,0,2.0,Computer,2,8.0,Debit Card,Male,3.0,4,Mobile Phone,1,Married,3,0,16.0,2.0,3.0,3.0,152.06,3,4,2,9,Hibernating
55485,0,3.0,Mobile,1,36.0,Debit Card,Male,4.0,6,Laptop & Accessory,3,Married,10,0,18.0,1.0,2.0,7.0,188.84,2,3,4,9,Loyal
55486,0,16.0,Mobile,1,15.0,Debit Card,Male,3.0,4,Mobile Phone,3,Single,6,0,14.0,2.0,2.0,1.0,164.68,5,3,3,11,Loyal
55487,1,1.0,Mobile,3,9.0,E wallet,Male,3.0,5,Laptop & Accessory,4,Single,9,1,13.0,2.0,3.0,,224.07,5,4,5,14,Champions
55488,0,20.0,Mobile,3,10.0,Cash on Delivery,Female,3.0,2,Grocery,5,Married,4,0,13.0,3.0,,9.0,257.25,1,5,5,11,Champions
55489,0,1.0,Mobile,3,30.0,Credit Card,Female,3.0,5,Laptop & Accessory,3,Married,3,0,22.0,4.0,6.0,9.0,160.4,1,5,3,9,Loyal
55490,0,3.0,Mobile,2,13.0,Credit Card,Male,3.0,5,Mobile Phone,4,Married,3,0,12.0,2.0,2.0,1.0,153.04,5,3,2,10,Hibernating
55491,0,17.0,Mobile,1,13.0,Credit Card,Female,3.0,5,Others,3,Married,9,0,,7.0,7.0,15.0,318.92,1,5,5,11,Champions
55492,0,22.0,Mobile,1,17.0,Debit Card,Male,4.0,5,Others,4,Married,6,0,,4.0,13.0,10.0,321.65,1,5,5,11,Champions
55493,1,1.0,Computer,1,31.0,Debit Card,Male,4.0,5,Mobile Phone,1,Single,3,1,25.0,2.0,2.0,1.0,149.39,4,3,2,9,Hibernating
55494,1,10.0,Mobile,3,17.0,Debit Card,Female,4.0,4,Fashion,4,Married,7,0,22.0,2.0,2.0,8.0,198.14,1,4,4,9,Champions
55495,0,1.0,Computer,1,22.0,Debit Card,Female,4.0,5,Mobile Phone,5,Married,2,0,20.0,1.0,8.0,4.0,172.74,3,5,3,11,Loyal
55496,0,13.0,Mobile,1,26.0,UPI,Male,3.0,4,Laptop & Accessory,1,Married,10,0,15.0,1.0,3.0,3.0,164.02,3,4,3,10,Loyal
55497,0,29.0,Mobile,1,9.0,Cash on Delivery,Male,4.0,5,Mobile Phone,1,Married,10,0,21.0,2.0,2.0,5.0,151.62,2,3,2,7,At Risk
55498,0,2.0,Mobile,3,10.0,Credit Card,Female,4.0,4,Mobile Phone,4,Married,3,0,20.0,2.0,2.0,1.0,153.56,5,3,2,10,Hibernating
55499,1,1.0,Mobile,3,16.0,Credit Card,Male,3.0,4,Mobile Phone,1,Single,3,0,14.0,1.0,2.0,1.0,135.81,4,2,1,7,Recent Customers
55500,1,1.0,Mobile,1,14.0,Debit Card,Male,4.0,4,Mobile Phone,4,Single,3,1,24.0,2.0,2.0,1.0,149.72,4,3,2,9,Hibernating
55501,0,10.0,Mobile,3,17.0,Cash on Delivery,Female,4.0,5,Laptop & Accessory,3,Married,3,1,14.0,1.0,2.0,8.0,181.73,1,3,4,8,Loyal
55502,0,5.0,Mobile,1,27.0,Debit Card,Male,3.0,4,Laptop & Accessory,3,Married,3,0,12.0,1.0,2.0,3.0,166.97,3,3,3,9,Loyal
55503,0,8.0,Mobile,3,11.0,Debit Card,Male,4.0,4,Fashion,1,Married,4,1,14.0,1.0,2.0,,222.13,5,4,5,14,Champions
55504,0,3.0,Mobile,1,14.0,Debit Card,Male,3.0,4,Mobile Phone,5,Single,5,0,15.0,1.0,2.0,3.0,145.62,3,2,2,7,Hibernating
55505,0,11.0,Mobile,1,14.0,Credit Card,Male,4.0,4,Laptop & Accessory,5,Married,7,1,23.0,1.0,2.0,5.0,167.84,2,3,3,8,Loyal
55506,0,9.0,Mobile,1,23.0,UPI,Female,3.0,5,Laptop & Accessory,4,Married,2,1,12.0,1.0,2.0,3.0,172.88,3,3,3,9,Loyal
55507,0,19.0,Mobile,1,32.0,Debit Card,Female,4.0,5,Laptop & Accessory,1,Married,2,0,14.0,1.0,4.0,9.0,184.06,1,4,4,9,Champions
55508,0,10.0,Computer,2,9.0,UPI,Male,4.0,5,Laptop & Accessory,1,Single,3,0,22.0,2.0,2.0,9.0,163.86,1,3,3,7,Loyal
55509,0,14.0,Mobile,1,8.0,Debit Card,Male,4.0,4,Grocery,5,Married,4,0,,3.0,12.0,17.0,293.23,1,5,5,11,Champions
55510,0,1.0,Mobile,1,8.0,Debit Card,Female,3.0,5,Mobile Phone,3,Married,3,1,14.0,1.0,2.0,1.0,154.33,5,3,3,11,Loyal
55511,0,1.0,Mobile,3,9.0,Credit Card,Female,3.0,2,Laptop & Accessory,3,Single,2,0,15.0,1.0,2.0,8.0,190.0,1,3,4,8,Loyal
55512,0,22.0,Computer,1,29.0,Credit Card,Female,3.0,4,Grocery,1,Married,5,0,,2.0,5.0,8.0,296.74,1,5,5,11,Champions
55513,0,18.0,Mobile,1,8.0,Debit Card,Male,4.0,2,Laptop & Accessory,5,Married,4,0,16.0,2.0,3.0,3.0,175.33,3,4,4,11,Champions
55514,1,1.0,Computer,1,23.0,Cash on Delivery,Male,3.0,6,Mobile Phone,5,Married,3,1,24.0,1.0,4.0,1.0,148.07,5,4,2,11,Hibernating
55515,1,20.0,Mobile,1,31.0,Debit Card,Male,4.0,4,Mobile Phone,1,Single,3,0,17.0,1.0,2.0,1.0,150.87,4,3,2,9,Hibernating
55516,0,10.0,Mobile,3,24.0,E wallet,Male,3.0,5,Laptop & Accessory,4,Married,4,0,17.0,2.0,2.0,4.0,180.07,3,3,4,10,Loyal
55517,0,15.0,Mobile,3,15.0,E wallet,Female,3.0,4,Laptop & Accessory,4,Married,7,0,22.0,1.0,2.0,5.0,168.93,2,3,3,8,Loyal
55518,0,16.0,Mobile,1,13.0,Credit Card,Male,3.0,4,Fashion,5,Married,11,0,14.0,6.0,,8.0,258.48,2,5,5,12,Champions
55519,0,5.0,Mobile,3,17.0,Credit Card,Female,3.0,4,Laptop & Accessory,1,Married,4,1,12.0,2.0,2.0,5.0,190.83,2,3,4,9,Loyal
55520,0,8.0,Mobile,3,10.0,Credit Card,Female,4.0,5,Laptop & Accessory,1,Married,5,1,13.0,1.0,2.0,2.0,206.03,4,4,4,12,Champions
55521,0,5.0,Mobile,1,11.0,Credit Card,Female,4.0,2,Mobile Phone,3,Married,10,0,13.0,2.0,3.0,3.0,164.78,3,4,3,10,Loyal
55522,0,1.0,Computer,1,13.0,UPI,Male,4.0,2,Mobile Phone,1,Married,2,0,19.0,3.0,8.0,8.0,150.44,2,5,2,9,At Risk
55523,0,19.0,Computer,1,8.0,Credit Card,Male,3.0,4,Laptop & Accessory,3,Single,6,0,13.0,1.0,2.0,4.0,178.99,3,3,4,10,Loyal
55524,0,7.0,Mobile,3,17.0,E wallet,Male,3.0,4,Laptop & Accessory,3,Single,3,0,15.0,1.0,2.0,10.0,179.87,1,3,4,8,Loyal
55525,0,2.0,Computer,3,8.0,Debit Card,Male,3.0,5,Laptop & Accessory,1,Married,3,1,13.0,2.0,2.0,8.0,193.34,1,3,4,8,Loyal
55526,1,1.0,Computer,3,31.0,Cash on Delivery,Male,3.0,2,Mobile Phone,5,Single,3,0,18.0,1.0,2.0,1.0,135.91,4,2,1,7,Recent Customers
55527,0,13.0,Computer,3,28.0,Debit Card,Female,3.0,6,Laptop & Accessory,3,Married,8,0,20.0,1.0,2.0,3.0,182.36,3,3,4,10,Loyal
55528,0,1.0,Mobile,1,9.0,Cash on Delivery,Male,3.0,4,Mobile Phone,4,Married,3,0,12.0,1.0,2.0,3.0,147.26,3,2,2,7,Hibernating
55529,0,8.0,Computer,1,29.0,UPI,Male,3.0,5,Laptop & Accessory,1,Married,3,1,16.0,4.0,7.0,12.0,182.47,1,5,4,10,Champions
55530,1,1.0,Mobile,3,20.0,E wallet,Female,3.0,4,Laptop & Accessory,3,Single,5,1,12.0,1.0,3.0,,223.54,5,4,5,14,Champions
55531,0,21.0,Computer,1,21.0,Cash on Delivery,Male,4.0,4,Laptop & Accessory,4,Married,10,0,19.0,1.0,2.0,8.0,179.67,1,3,4,8,Loyal
55532,0,30.0,Mobile,3,18.0,E wallet,Female,3.0,5,Laptop & Accessory,5,Married,6,0,17.0,1.0,2.0,1.0,178.8,5,3,4,12,Loyal
55533,0,13.0,Mobile,1,16.0,Credit Card,Male,3.0,4,Laptop & Accessory,5,Married,3,0,26.0,1.0,8.0,10.0,176.51,1,5,4,10,Champions
55534,0,12.0,Computer,1,15.0,Credit Card,Female,3.0,5,Laptop & Accessory,4,Married,3,1,17.0,2.0,2.0,8.0,146.33,1,2,2,5,Hibernating
55535,0,61.0,Mobile,3,28.0,Debit Card,Female,4.0,4,Grocery,1,Married,6,1,,1.0,2.0,1.0,303.75,5,4,5,14,Champions
55536,1,1.0,Computer,1,12.0,Debit Card,Female,3.0,2,Mobile Phone,3,Single,5,1,15.0,1.0,2.0,4.0,149.32,3,2,2,7,Hibernating
55537,0,12.0,Mobile,1,16.0,Debit Card,Male,4.0,4,Mobile Phone,1,Married,4,0,20.0,1.0,2.0,4.0,172.71,3,3,3,9,Loyal
55538,0,23.0,Computer,1,9.0,Debit Card,Male,3.0,4,Others,1,Married,5,0,,5.0,5.0,4.0,316.61,3,5,5,13,Champions
55539,0,16.0,Mobile,3,19.0,E wallet,Male,4.0,4,Laptop & Accessory,1,Married,5,1,13.0,2.0,2.0,1.0,175.87,5,3,4,12,Loyal
55540,1,1.0,Computer,2,29.0,UPI,Female,3.0,5,Mobile Phone,4,Married,3,0,13.0,2.0,2.0,1.0,153.63,5,3,2,10,Hibernating
55541,0,9.0,Mobile,3,25.0,Credit Card,Male,4.0,4,Laptop & Accessory,5,Married,2,0,17.0,2.0,2.0,5.0,180.61,2,3,4,9,Loyal
55542,0,2.0,Computer,1,23.0,Credit Card,Male,3.0,4,Mobile Phone,3,Single,3,0,15.0,1.0,2.0,5.0,146.44,2,2,2,6,Hibernating
55543,0,5.0,Computer,1,10.0,Credit Card,Male,3.0,4,Mobile Phone,5,Married,3,1,14.0,3.0,3.0,4.0,155.65,3,4,3,10,Loyal
55544,0,10.0,Computer,1,16.0,Debit Card,Male,4.0,2,Mobile Phone,4,Married,3,0,23.0,2.0,2.0,3.0,153.1,3,3,2,8,Hibernating
55545,0,8.0,Mobile,3,8.0,E wallet,Male,3.0,4,Fashion,1,Single,3,0,22.0,3.0,3.0,,223.88,5,4,5,14,Champions
55546,0,8.0,Mobile,3,20.0,Credit Card,Male,3.0,4,Fashion,3,Married,3,0,19.0,1.0,2.0,,211.28,5,4,5,14,Champions
55547,0,1.0,Mobile,1,8.0,Credit Card,Male,4.0,4,Mobile Phone,5,Single,2,0,14.0,8.0,8.0,7.0,153.67,2,5,3,10,Loyal
55548,0,3.0,Mobile,1,8.0,Debit Card,Male,3.0,4,Laptop & Accessory,5,Married,2,0,13.0,1.0,2.0,3.0,178.73,3,3,4,10,Loyal
55549,0,6.0,Computer,1,22.0,Credit Card,Female,3.0,4,Laptop & Accessory,1,Married,7,0,19.0,1.0,2.0,3.0,191.67,3,3,4,10,Loyal
55550,0,5.0,Computer,1,8.0,Debit Card,Male,3.0,6,Laptop & Accessory,5,Married,3,0,22.0,7.0,9.0,8.0,175.03,2,5,4,11,Champions
55551,1,1.0,Mobile,1,24.0,Cash on Delivery,Male,3.0,5,Mobile Phone,1,Married,7,0,13.0,2.0,2.0,4.0,148.67,3,2,2,7,Hibernating
55552,0,12.0,Mobile,3,8.0,Debit Card,Male,3.0,5,Mobile Phone,5,Single,6,0,15.0,2.0,2.0,1.0,153.58,5,3,2,10,Hibernating
55553,0,9.0,Mobile,3,14.0,Debit Card,Female,3.0,4,Laptop & Accessory,1,Married,3,1,12.0,2.0,2.0,10.0,177.04,1,3,4,8,Loyal
55554,0,1.0,Mobile,3,16.0,E wallet,Male,3.0,4,Laptop & Accessory,1,Single,3,0,15.0,2.0,2.0,8.0,166.05,1,3,3,7,Loyal
55555,0,6.0,Mobile,1,12.0,Debit Card,Male,3.0,5,Laptop & Accessory,1,Single,10,0,25.0,2.0,2.0,,221.79,5,4,5,14,Champions
55556,1,1.0,Computer,3,33.0,E wallet,Male,4.0,4,Laptop & Accessory,1,Married,3,1,12.0,1.0,2.0,9.0,181.17,1,3,4,8,Loyal
55557,1,17.0,Mobile,3,31.0,Debit Card,Male,4.0,4,Fashion,5,Single,8,1,14.0,1.0,3.0,,229.48,5,4,5,14,Champions
55558,0,28.0,Mobile,1,16.0,Debit Card,Female,4.0,4,Laptop & Accessory,3,Married,5,0,12.0,2.0,3.0,4.0,153.97,3,4,3,10,Loyal
55559,0,7.0,Computer,1,14.0,Debit Card,Male,3.0,4,Laptop & Accessory,3,Married,3,0,21.0,1.0,3.0,9.0,184.68,1,4,4,9,Champions
55560,0,17.0,Mobile,1,18.0,Debit Card,Male,2.0,4,Fashion,3,Married,3,0,18.0,2.0,2.0,10.0,200.1,1,4,4,9,Champions
55561,0,12.0,Computer,2,8.0,UPI,Male,3.0,4,Mobile Phone,4,Married,2,1,12.0,1.0,2.0,3.0,154.91,3,3,3,9,Loyal
55562,0,29.0,Mobile,2,33.0,UPI,Male,4.0,2,Others,4,Married,6,1,,2.0,2.0,5.0,321.36,2,4,5,11,Champions
55563,0,5.0,Mobile,1,9.0,Credit Card,Female,3.0,6,Mobile Phone,1,Married,3,1,12.0,1.0,2.0,1.0,136.29,4,2,1,7,Recent Customers
55564,0,13.0,Mobile,3,22.0,E wallet,Male,4.0,4,Grocery,5,Single,2,0,13.0,5.0,,11.0,258.41,1,5,5,11,Champions
55565,0,16.0,Computer,1,30.0,Debit Card,Male,3.0,5,Laptop & Accessory,3,Single,3,0,13.0,4.0,4.0,8.0,168.32,1,4,3,8,Loyal
55566,0,5.0,Computer,1,17.0,Credit Card,Female,3.0,4,Fashion,3,Married,6,0,21.0,4.0,,9.0,235.31,1,5,5,11,Champions
55567,0,28.0,Mobile,1,17.0,Credit Card,Female,4.0,4,Laptop & Accessory,5,Single,8,1,20.0,1.0,2.0,5.0,169.4,2,3,3,8,Loyal
55568,0,1.0,Mobile,1,8.0,Debit Card,Male,3.0,5,Laptop & Accessory,3,Single,3,0,13.0,2.0,2.0,3.0,171.17,3,3,3,9,Loyal
55569,0,1.0,Mobile,1,19.0,UPI,Male,4.0,4,Mobile Phone,1,Single,3,0,14.0,2.0,2.0,5.0,151.47,2,3,2,7,At Risk
55570,0,14.0,Computer,1,18.0,Cash on Delivery,Female,4.0,4,Laptop & Accessory,3,Married,3,0,12.0,8.0,10.0,5.0,188.23,2,5,4,11,Champions
55571,0,14.0,Mobile,3,9.0,E wallet,Female,4.0,4,Laptop & Accessory,4,Married,5,0,15.0,2.0,6.0,11.0,181.77,1,5,4,10,Champions
55572,0,1.0,Mobile,2,9.0,UPI,Female,3.0,4,Mobile Phone,4,Married,6,0,15.0,1.0,2.0,3.0,146.87,3,2,2,7,Hibernating
55573,0,4.0,Mobile,1,8.0,Credit Card,Male,4.0,4,Mobile Phone,4,Married,3,0,14.0,2.0,2.0,8.0,162.48,1,3,3,7,Loyal
55574,0,1.0,Mobile,1,9.0,UPI,Male,3.0,4,Mobile Phone,3,Married,8,1,20.0,1.0,2.0,3.0,164.77,3,3,3,9,Loyal
55575,0,21.0,Mobile,1,32.0,Credit Card,Male,3.0,4,Fashion,3,Single,4,0,24.0,10.0,13.0,,211.33,5,5,5,15,Champions
55576,0,7.0,Computer,1,8.0,Credit Card,Male,3.0,5,Mobile Phone,3,Married,3,0,13.0,1.0,2.0,1.0,145.08,4,2,2,8,Recent Customers
55577,0,12.0,Mobile,3,8.0,Debit Card,Male,3.0,4,Laptop & Accessory,4,Married,2,0,16.0,2.0,6.0,9.0,169.4,1,5,3,9,Loyal
55578,0,5.0,Mobile,3,9.0,Debit Card,Male,3.0,4,Mobile Phone,3,Married,2,0,20.0,1.0,2.0,3.0,155.67,3,3,3,9,Loyal
55579,0,12.0,Computer,1,13.0,Debit Card,Male,4.0,5,Laptop & Accessory,3,Married,4,0,12.0,3.0,8.0,8.0,178.21,2,5,4,11,Champions
55580,0,16.0,Mobile,1,25.0,Debit Card,Male,3.0,4,Laptop & Accessory,5,Married,8,1,18.0,2.0,2.0,3.0,179.1,3,3,4,10,Loyal
55581,0,15.0,Mobile,1,8.0,Debit Card,Male,4.0,4,Mobile Phone,1,Married,5,0,23.0,1.0,2.0,1.0,152.82,5,3,2,10,Hibernating
55582,0,21.0,Computer,1,8.0,Credit Card,Female,4.0,4,Fashion,4,Married,2,0,19.0,1.0,,13.0,244.57,1,5,5,11,Champions
55583,0,9.0,Mobile,1,18.0,Credit Card,Male,3.0,4,Mobile Phone,3,Married,9,1,12.0,3.0,3.0,3.0,151.6,3,4,2,9,Hibernating
55584,0,1.0,Mobile,1,8.0,Debit Card,Male,4.0,4,Mobile Phone,3,Single,2,0,13.0,2.0,2.0,3.0,158.75,3,3,3,9,Loyal
55585,0,9.0,Mobile,1,16.0,Credit Card,Male,3.0,4,Laptop & Accessory,3,Single,3,0,20.0,1.0,2.0,9.0,175.98,1,3,4,8,Loyal
55586,0,7.0,Mobile,1,22.0,Credit Card,Female,4.0,4,Laptop & Accessory,1,Married,2,1,14.0,7.0,9.0,2.0,173.78,4,5,4,13,Champions
55587,0,6.0,Mobile,1,36.0,Debit Card,Female,3.0,5,Mobile Phone,4,Single,3,0,14.0,1.0,5.0,2.0,153.37,4,4,2,10,Hibernating
55588,0,14.0,Mobile,1,8.0,Debit Card,Male,3.0,4,Mobile Phone,1,Married,10,0,20.0,2.0,2.0,1.0,149.06,4,2,2,8,Recent Customers
55589,0,6.0,Mobile,3,8.0,Credit Card,Male,4.0,5,Mobile Phone,4,Married,2,0,15.0,3.0,3.0,3.0,147.69,3,4,2,9,Hibernating
55590,0,13.0,Mobile,1,31.0,Debit Card,Male,3.0,4,Laptop & Accessory,1,Single,9,0,14.0,1.0,2.0,8.0,166.08,1,3,3,7,Loyal
55591,0,12.0,Mobile,1,17.0,Credit Card,Female,4.0,6,Fashion,3,Married,5,0,13.0,1.0,,12.0,257.06,1,5,5,11,Champions
55592,0,6.0,Mobile,3,8.0,E wallet,Female,3.0,4,Fashion,1,Married,3,0,20.0,1.0,6.0,,229.22,5,5,5,15,Champions
55593,0,11.0,Mobile,1,17.0,Debit Card,Female,3.0,2,Fashion,1,Married,3,1,26.0,,7.0,9.0,262.44,1,5,5,11,Champions
55594,0,1.0,Mobile,3,15.0,UPI,Female,3.0,4,Laptop & Accessory,3,Married,2,1,23.0,1.0,2.0,5.0,174.07,2,3,4,9,Loyal
55595,0,26.0,Computer,3,36.0,Debit Card,Male,3.0,4,Mobile Phone,1,Married,4,0,16.0,2.0,2.0,1.0,159.82,5,3,3,11,Loyal
55596,0,18.0,Mobile,1,8.0,Credit Card,Male,3.0,4,Mobile Phone,1,Single,8,1,13.0,2.0,2.0,3.0,149.36,3,3,2,8,Hibernating
55597,0,1.0,Mobile,3,12.0,Credit Card,Male,3.0,4,Mobile Phone,5,Single,3,1,12.0,2.0,2.0,3.0,148.8,3,2,2,7,Hibernating
55598,0,13.0,Computer,1,16.0,Debit Card,Male,3.0,4,Others,1,Single,4,0,,2.0,2.0,4.0,319.31,3,4,5,12,Champions
55599,1,1.0,Computer,3,16.0,E wallet,Male,3.0,4,Mobile Phone,5,Married,3,0,20.0,2.0,2.0,1.0,142.9,4,2,2,8,Recent Customers
55600,0,10.0,Mobile,3,10.0,Credit Card,Female,4.0,5,Fashion,1,Married,2,0,20.0,1.0,4.0,5.0,201.44,2,4,4,10,Champions
55601,0,10.0,Computer,1,11.0,Debit Card,Female,4.0,4,Laptop & Accessory,4,Married,9,0,14.0,1.0,2.0,3.0,176.31,3,3,4,10,Loyal
55602,0,30.0,Computer,1,8.0,Debit Card,Male,3.0,4,Laptop & Accessory,3,Married,3,0,22.0,1.0,2.0,10.0,188.06,1,3,4,8,Loyal
55603,1,1.0,Mobile,1,8.0,Credit Card,Male,3.0,4,Mobile Phone,1,Married,11,1,15.0,3.0,3.0,3.0,172.87,3,4,3,10,Loyal
55604,0,16.0,Mobile,1,9.0,Debit Card,Male,3.0,4,Others,3,Married,7,0,,1.0,5.0,15.0,313.8,1,5,5,11,Champions
55605,1,20.0,Mobile,1,14.0,Cash on Delivery,Male,4.0,4,Mobile Phone,3,Married,10,0,12.0,7.0,10.0,9.0,148.39,1,5,2,8,At Risk
55606,0,15.0,Mobile,1,35.0,Debit Card,Female,3.0,5,Grocery,4,Married,2,0,24.0,2.0,2.0,11.0,260.7,1,4,5,10,Champions
55607,0,8.0,Mobile,3,35.0,E wallet,Female,4.0,5,Laptop & Accessory,3,Married,3,0,22.0,2.0,2.0,8.0,192.12,1,3,4,8,Loyal
55608,0,10.0,Computer,3,22.0,E wallet,Male,3.0,6,Laptop & Accessory,1,Married,3,0,25.0,6.0,12.0,12.0,179.06,1,5,4,10,Champions
55609,0,15.0,Mobile,3,10.0,Debit Card,Male,3.0,5,Laptop & Accessory,4,Married,4,0,12.0,2.0,2.0,,214.38,5,4,5,14,Champions
55610,0,6.0,Mobile,1,9.0,Cash on Delivery,Male,4.0,4,Mobile Phone,5,Single,3,0,15.0,1.0,2.0,3.0,149.39,3,3,2,8,Hibernating
55611,0,9.0,Mobile,2,33.0,Debit Card,Female,3.0,4,Fashion,1,Single,3,1,17.0,2.0,2.0,,213.37,5,4,5,14,Champions
55612,0,12.0,Mobile,3,17.0,Debit Card,Female,4.0,4,Laptop & Accessory,1,Married,3,0,12.0,1.0,2.0,10.0,178.43,1,3,4,8,Loyal
55613,1,14.0,Computer,3,8.0,Debit Card,Male,4.0,4,Laptop & Accessory,3,Married,9,0,13.0,2.0,2.0,2.0,192.28,4,3,4,11,Loyal
55614,0,10.0,Mobile,3,18.0,E wallet,Female,4.0,5,Laptop & Accessory,1,Married,6,0,14.0,2.0,2.0,1.0,191.52,5,3,4,12,Loyal
55615,0,19.0,Mobile,3,27.0,Debit Card,Female,3.0,4,Laptop & Accessory,3,Single,10,0,16.0,1.0,2.0,2.0,173.5,4,3,4,11,Loyal
55616,0,14.0,Mobile,1,9.0,Debit Card,Male,1.0,5,Mobile Phone,3,Single,4,0,15.0,1.0,3.0,3.0,153.09,3,4,2,9,Hibernating
55617,0,9.0,Computer,1,25.0,Debit Card,Male,4.0,4,Laptop & Accessory,3,Married,3,1,15.0,1.0,2.0,3.0,181.89,3,3,4,10,Loyal
55618,0,14.0,Mobile,1,9.0,Credit Card,Female,4.0,4,Mobile Phone,3,Married,4,0,15.0,1.0,2.0,3.0,145.01,3,2,2,7,Hibernating
55619,0,9.0,Mobile,1,8.0,Debit Card,Female,4.0,6,Mobile Phone,1,Married,3,0,13.0,2.0,2.0,2.0,154.77,4,3,3,10,Loyal
55620,0,3.0,Mobile,1,20.0,UPI,Male,3.0,5,Laptop & Accessory,4,Married,6,1,14.0,1.0,2.0,4.0,165.25,3,3,3,9,Loyal
55621,0,3.0,Mobile,1,35.0,Credit Card,Female,4.0,5,Mobile Phone,5,Single,3,0,15.0,1.0,2.0,5.0,162.85,2,3,3,8,Loyal
55622,1,14.0,Mobile,3,35.0,E wallet,Male,3.0,5,Fashion,5,Married,6,1,14.0,3.0,,1.0,233.54,5,5,5,15,Champions
55623,0,13.0,Mobile,3,31.0,E wallet,Female,3.0,5,Grocery,1,Married,2,0,12.0,4.0,,7.0,245.31,2,5,5,12,Champions
55624,0,5.0,Computer,1,12.0,Credit Card,Male,4.0,4,Laptop & Accessory,5,Single,2,0,20.0,2.0,2.0,,224.36,5,4,5,14,Champions
55625,0,1.0,Mobile,3,12.0,UPI,Female,2.0,5,Mobile Phone,3,Single,2,0,19.0,2.0,2.0,1.0,154.66,5,3,3,11,Loyal
55626,0,10.0,Computer,1,30.0,Credit Card,Male,3.0,2,Laptop & Accessory,1,Married,6,0,18.0,1.0,2.0,4.0,150.71,3,3,2,8,Hibernating
55627,0,13.0,Mobile,1,13.0,Credit Card,Male,3.0,5,Fashion,5,Married,6,0,16.0,1.0,2.0,,224.91,5,4,5,14,Champions
55628,0,1.0,Mobile,1,11.0,Debit Card,Male,3.0,2,Laptop & Accessory,4,Married,3,1,21.0,1.0,2.0,4.0,186.42,3,3,4,10,Loyal
55629,0,23.0,Computer,3,9.0,Credit Card,Male,4.0,5,Laptop & Accessory,4,Married,4,0,15.0,2.0,2.0,9.0,178.9,1,3,4,8,Loyal
55630,0,8.0,Mobile,1,15.0,Credit Card,Male,3.0,2,Laptop & Accessory,3,Married,4,0,13.0,2.0,2.0,3.0,169.04,3,3,3,9,Loyal
