y_true,churn_probability,churn_prediction,risk_tier,cluster,Tenure,PreferredLoginDevice,CityTier,WarehouseToHome,PreferredPaymentMode,Gender,HourSpendOnApp,NumberOfDeviceRegistered,PreferedOrderCat,SatisfactionScore,MaritalStatus,NumberOfAddress,Complain,OrderAmountHikeFromlastYear,CouponUsed,OrderCount,DaySinceLastOrder,CashbackAmount,rfm_total,rfm_segment,device_per_tenure,cashback_per_order,inactivity_ratio
0,0.0,0,Low Risk,1,17.0,Computer,3,9.0,Debit Card,Male,4.0,4,Laptop & Accessory,1,Married,3,0,21.0,6.0,8.0,8.0,181.75,11,Champions,0.2222222222222222,20.194444444444443,0.4444444444444444
0,0.0,0,Low Risk,3,26.0,Mobile,3,13.0,E wallet,Female,3.0,4,Fashion,1,Married,8,1,18.0,0.0,1.0,,209.34,12,Recent Customers,0.1481481481481481,104.67,
0,0.0,0,Low Risk,2,5.0,Mobile,1,15.0,Debit Card,Female,4.0,4,Laptop & Accessory,1,Single,3,0,24.0,2.0,2.0,9.0,169.24,7,Loyal,0.6666666666666666,56.41333333333333,1.5
0,0.0,0,Low Risk,2,25.0,Mobile,1,8.0,Debit Card,Female,2.0,4,Mobile,2,Single,8,0,15.0,0.0,2.0,2.0,132.12,7,Recent Customers,0.1538461538461538,44.04,0.0769230769230769
0,0.0,0,Low Risk,3,4.0,Computer,3,8.0,Debit Card,Female,2.0,3,Fashion,3,Married,2,1,19.0,8.0,9.0,6.0,198.52,11,Champions,0.6,19.852,1.2
0,0.0,0,Low Risk,1,24.0,Mobile,3,7.0,Credit Card,Female,4.0,4,Others,1,Married,5,0,,2.0,2.0,7.0,320.17,11,Champions,0.16,106.72333333333334,0.28
0,0.0,0,Low Risk,1,12.0,Computer,3,9.0,Debit Card,Male,3.0,5,Laptop & Accessory,2,Divorced,5,0,19.0,7.0,8.0,6.0,177.49,11,Champions,0.3846153846153846,19.721111111111117,0.4615384615384615
0,0.0,0,Low Risk,2,19.0,Mobile,1,7.0,Credit Card,Female,4.0,4,Mobile Phone,2,Married,5,0,15.0,1.0,2.0,3.0,147.7,7,Hibernating,0.2,49.23333333333333,0.15
0,0.0,0,Low Risk,0,5.0,Mobile,1,18.0,Credit Card,Male,4.0,4,Laptop & Accessory,5,Divorced,3,1,13.0,1.0,2.0,2.0,193.33,11,Loyal,0.6666666666666666,64.44333333333334,0.3333333333333333
0,0.0,0,Low Risk,0,20.0,Mobile,1,8.0,UPI,Female,2.0,3,Grocery,2,Divorced,2,1,11.0,,3.0,0.0,267.52,14,Champions,0.1428571428571428,66.88,0.0
0,0.0,0,Low Risk,2,16.0,Mobile,1,33.0,Cash on Delivery,Male,2.0,1,Mobile Phone,4,Married,6,0,12.0,1.0,1.0,2.0,148.76,7,Recent Customers,0.0588235294117647,74.38,0.1176470588235294
1,1.0,1,High Risk,2,0.0,Computer,1,30.0,Cash on Delivery,Male,3.0,4,Fashion,5,Single,2,0,12.0,1.0,1.0,9.0,187.22,7,Hibernating,4.0,93.61,9.0
0,0.0,0,Low Risk,2,19.0,Computer,1,14.0,Debit Card,Male,4.0,4,Fashion,5,Married,3,0,19.0,6.0,10.0,12.0,177.1,10,Champions,0.2,16.099999999999998,0.6
0,0.0,0,Low Risk,1,22.0,Mobile,3,9.0,E wallet,Female,3.0,4,Laptop & Accessory,1,Married,4,0,15.0,7.0,7.0,8.0,165.51,9,Loyal,0.1739130434782608,20.68875,0.3478260869565217
0,0.0,0,Low Risk,2,2.0,Mobile,1,24.0,Credit Card,Male,4.0,4,Laptop & Accessory,5,Married,3,0,13.0,1.0,2.0,9.0,170.58,7,Loyal,1.3333333333333333,56.86000000000001,3.0
0,0.0,0,Low Risk,3,19.0,Mobile,3,8.0,Cash on Delivery,Female,3.0,5,Grocery,4,Married,4,1,12.0,,7.0,7.0,268.72,12,Champions,0.25,33.59,0.35
0,0.0,0,Low Risk,2,,Mobile,1,6.0,Debit Card,Male,2.0,3,Mobile,1,Married,2,0,11.0,0.0,1.0,3.0,120.44,5,Hibernating,3.0,60.22,3.0
0,0.0,0,Low Risk,0,8.0,Mobile,1,12.0,Debit Card,Male,3.0,3,Mobile,3,Divorced,1,1,14.0,1.0,2.0,2.0,135.06,7,Recent Customers,0.3333333333333333,45.02,0.2222222222222222
0,0.0,0,Low Risk,0,10.0,Computer,1,6.0,Credit Card,Female,0.0,3,Fashion,2,Married,3,1,18.0,0.0,,2.0,236.03,14,Champions,0.2727272727272727,236.03,0.1818181818181818
0,0.0,0,Low Risk,2,18.0,Mobile,1,11.0,Credit Card,Male,3.0,4,Laptop & Accessory,4,Single,11,0,13.0,2.0,3.0,4.0,184.33,11,Champions,0.2105263157894736,46.0825,0.2105263157894736
0,0.0,0,Low Risk,0,0.0,Computer,1,17.0,Credit Card,Male,2.0,3,Laptop & Accessory,5,Married,2,1,13.0,1.0,3.0,3.0,147.41,9,Hibernating,3.0,36.8525,3.0
0,0.0,0,Low Risk,2,15.0,Mobile,1,8.0,Credit Card,Male,2.0,3,Grocery,5,Divorced,1,0,17.0,,13.0,7.0,276.65,12,Champions,0.1875,19.760714285714283,0.4375
1,1.0,1,High Risk,2,,Mobile,1,15.0,Debit Card,Male,2.0,3,Mobile,5,Single,4,0,14.0,1.0,1.0,0.0,120.18,7,Recent Customers,3.0,60.09,0.0
0,0.0,0,Low Risk,1,20.0,Computer,3,8.0,E wallet,Male,2.0,3,Laptop & Accessory,4,Married,8,0,11.0,0.0,1.0,0.0,149.78,8,Recent Customers,0.1428571428571428,74.89,0.0
0,0.0,0,Low Risk,2,7.0,Computer,1,9.0,Debit Card,Male,2.0,3,Laptop & Accessory,2,Single,1,0,17.0,1.0,1.0,4.0,177.56,8,Hibernating,0.375,88.78,0.5
0,0.0,0,Low Risk,2,10.0,Mobile,1,17.0,Credit Card,Female,3.0,3,Mobile Phone,3,Single,5,0,18.0,0.0,1.0,2.0,136.29,6,Recent Customers,0.2727272727272727,68.145,0.1818181818181818
0,0.0,0,Low Risk,0,10.0,Mobile,1,10.0,Debit Card,Male,,3,Mobile,3,Married,8,1,15.0,1.0,1.0,3.0,129.96,5,Hibernating,0.2727272727272727,64.98,0.2727272727272727
0,0.0,0,Low Risk,2,6.0,Computer,1,12.0,Cash on Delivery,Male,4.0,4,Mobile Phone,4,Single,4,0,15.0,2.0,2.0,8.0,152.18,6,At Risk,0.5714285714285714,50.72666666666667,1.1428571428571428
0,0.0,0,Low Risk,2,16.0,Mobile,1,7.0,Debit Card,Female,4.0,4,Mobile Phone,5,Married,5,0,17.0,1.0,2.0,3.0,150.76,8,Hibernating,0.2352941176470588,50.25333333333333,0.1764705882352941
0,0.0,0,Low Risk,2,3.0,Mobile,1,16.0,UPI,Male,2.0,5,Mobile Phone,1,Single,2,0,18.0,2.0,3.0,3.0,164.83,10,Loyal,1.25,41.2075,0.75
0,0.0,0,Low Risk,0,9.0,Mobile,1,17.0,Credit Card,Female,3.0,4,Laptop & Accessory,3,Single,5,1,17.0,1.0,2.0,5.0,186.42,9,Loyal,0.4,62.13999999999999,0.5
0,0.0,0,Low Risk,2,26.0,Mobile,1,7.0,Debit Card,Male,4.0,4,Grocery,1,Married,4,0,,4.0,8.0,9.0,295.99,11,Champions,0.1481481481481481,32.88777777777778,0.3333333333333333
1,1.0,1,High Risk,1,1.0,Computer,3,8.0,Cash on Delivery,Male,4.0,4,Mobile Phone,3,Married,5,0,16.0,2.0,2.0,3.0,154.09,9,Loyal,2.0,51.36333333333334,1.5
0,0.0,0,Low Risk,0,8.0,Computer,1,10.0,Debit Card,Male,2.0,3,Laptop & Accessory,3,Single,2,1,11.0,1.0,1.0,1.0,142.49,7,Recent Customers,0.3333333333333333,71.245,0.1111111111111111
0,0.0,0,Low Risk,2,2.0,Mobile,1,26.0,Credit Card,Male,4.0,5,Mobile Phone,5,Married,3,0,13.0,2.0,4.0,4.0,156.96,10,Loyal,1.6666666666666667,31.392000000000003,1.3333333333333333
0,0.0,0,Low Risk,2,19.0,Computer,1,8.0,Credit Card,Male,3.0,4,Laptop & Accessory,3,Single,6,0,13.0,1.0,2.0,4.0,178.99,10,Loyal,0.2,59.66333333333333,0.2
0,0.0,0,Low Risk,2,9.0,Mobile,1,7.0,Debit Card,Female,3.0,2,Mobile Phone,3,Single,5,0,14.0,3.0,3.0,3.0,150.06,9,Hibernating,0.2,37.515,0.3
0,0.0,0,Low Risk,2,2.0,Mobile,1,10.0,Credit Card,Female,4.0,4,Fashion,4,Married,2,0,18.0,1.0,2.0,8.0,201.55,9,Champions,1.3333333333333333,67.18333333333334,2.6666666666666665
0,0.0,0,Low Risk,1,9.0,Mobile,3,22.0,E wallet,Female,3.0,4,Laptop & Accessory,5,Divorced,5,0,13.0,1.0,1.0,2.0,156.47,9,Recent Customers,0.4,78.235,0.2
0,0.0,0,Low Risk,2,13.0,Computer,1,22.0,Debit Card,Male,3.0,3,Mobile,3,Married,10,0,16.0,1.0,1.0,0.0,135.44,7,Recent Customers,0.2142857142857142,67.72,0.0
0,0.0,0,Low Risk,2,17.0,Mobile,1,19.0,Debit Card,Male,3.0,5,Grocery,4,Married,3,0,12.0,,4.0,10.0,268.36,10,Champions,0.2777777777777778,53.672,0.5555555555555556
1,1.0,1,High Risk,2,1.0,Mobile,1,7.0,Cash on Delivery,Male,3.0,4,Mobile Phone,3,Single,2,0,15.0,1.0,2.0,6.0,145.58,6,Hibernating,2.0,48.52666666666667,3.0
0,0.0,0,Low Risk,2,9.0,Mobile,1,14.0,UPI,Male,3.0,4,Fashion,3,Single,5,0,22.0,1.0,2.0,,227.21,14,Champions,0.4,75.73666666666666,
0,0.0,0,Low Risk,1,15.0,Mobile,3,6.0,Debit Card,Male,2.0,3,Laptop & Accessory,3,Divorced,2,0,25.0,4.0,11.0,6.0,149.07,9,At Risk,0.1875,12.4225,0.375
0,0.0,0,Low Risk,1,5.0,Computer,3,8.0,Debit Card,Female,,3,Mobile,5,Married,2,0,12.0,0.0,1.0,0.0,128.27,7,Recent Customers,0.5,64.135,0.0
0,0.0,0,Low Risk,1,0.0,Mobile,3,28.0,Cash on Delivery,Male,2.0,3,Mobile,3,Single,2,0,11.0,0.0,1.0,2.0,134.47,6,Recent Customers,3.0,67.235,2.0
0,0.0,0,Low Risk,1,1.0,Mobile,3,9.0,Credit Card,Female,3.0,2,Laptop & Accessory,3,Single,2,0,15.0,1.0,2.0,8.0,190.0,8,Loyal,1.0,63.333333333333336,4.0
0,0.0,0,Low Risk,2,3.0,Computer,1,9.0,Debit Card,Male,3.0,4,Laptop & Accessory,1,Married,3,0,20.0,1.0,2.0,,213.53,14,Champions,1.0,71.17666666666666,
0,0.0,0,Low Risk,2,27.0,Mobile,1,30.0,Debit Card,Female,4.0,4,Grocery,2,Single,8,0,19.0,,4.0,9.0,267.75,10,Champions,0.1428571428571428,53.55,0.3214285714285714
0,0.0,0,Low Risk,0,28.0,Computer,1,14.0,Credit Card,Male,2.0,4,Grocery,4,Married,2,1,15.0,2.0,,0.0,235.77,15,Champions,0.1379310344827586,235.77,0.0
0,0.0,0,Low Risk,0,4.0,Computer,1,9.0,Credit Card,Male,,3,Mobile,5,Married,2,1,13.0,0.0,2.0,3.0,130.65,6,Hibernating,0.6,43.55,0.6
0,0.0,0,Low Risk,0,8.0,Mobile,1,7.0,Debit Card,Male,3.0,5,Mobile Phone,2,Divorced,3,1,14.0,1.0,2.0,4.0,161.22,9,Loyal,0.5555555555555556,53.74,0.4444444444444444
0,0.0,0,Low Risk,2,8.0,Mobile,1,27.0,Cash on Delivery,Female,3.0,2,Mobile Phone,3,Married,2,0,18.0,2.0,2.0,1.0,150.85,9,Hibernating,0.2222222222222222,50.28333333333333,0.1111111111111111
1,1.0,1,High Risk,1,0.0,Computer,3,19.0,Cash on Delivery,Female,2.0,3,Laptop & Accessory,4,Single,6,0,11.0,0.0,1.0,0.0,157.65,10,Recent Customers,3.0,78.825,0.0
0,0.0,0,Low Risk,1,12.0,Mobile,3,21.0,Debit Card,Male,4.0,4,Laptop & Accessory,4,Married,2,0,12.0,6.0,8.0,,224.24,15,Champions,0.3076923076923077,24.91555555555556,
1,1.0,1,High Risk,0,12.0,Mobile,1,7.0,Debit Card,Male,4.0,5,Fashion,3,Single,11,1,14.0,1.0,2.0,1.0,178.81,12,Loyal,0.3846153846153846,59.60333333333333,0.0769230769230769
0,0.0,0,Low Risk,3,16.0,Mobile,3,8.0,Credit Card,Male,3.0,3,Laptop & Accessory,1,Married,2,1,17.0,3.0,8.0,8.0,178.47,11,Champions,0.1764705882352941,19.83,0.4705882352941176
0,0.0,0,Low Risk,1,1.0,Computer,3,31.0,Credit Card,Male,3.0,4,Mobile Phone,2,Divorced,2,0,14.0,1.0,3.0,2.0,149.0,10,Hibernating,2.0,37.25,1.0
0,0.0,0,Low Risk,0,30.0,Mobile,1,15.0,Debit Card,Female,4.0,4,Mobile Phone,5,Married,6,1,19.0,3.0,3.0,3.0,167.57,10,Loyal,0.1290322580645161,41.8925,0.0967741935483871
1,1.0,1,High Risk,0,0.0,Mobile,1,6.0,UPI,Male,,3,Mobile,2,Single,2,1,13.0,5.0,7.0,8.0,126.86,7,At Risk,3.0,15.8575,8.0
0,0.0,0,Low Risk,2,15.0,Computer,1,29.0,Debit Card,Male,2.0,4,Laptop & Accessory,3,Single,2,0,12.0,3.0,3.0,7.0,143.32,8,At Risk,0.25,35.83,0.4375
0,0.0,0,Low Risk,2,8.0,Computer,1,7.0,Credit Card,Male,4.0,5,Laptop & Accessory,5,Single,2,0,21.0,2.0,5.0,10.0,178.43,9,Champions,0.5555555555555556,29.738333333333333,1.1111111111111112
0,0.0,0,Low Risk,2,2.0,Mobile,1,35.0,Debit Card,Male,3.0,5,Laptop & Accessory,3,Married,9,0,17.0,0.0,1.0,6.0,163.84,7,Hibernating,1.6666666666666667,81.92,2.0
1,0.0,0,Low Risk,2,5.0,Mobile,1,19.0,Cash on Delivery,Female,3.0,4,Others,3,Divorced,3,0,,10.0,16.0,9.0,320.45,11,Champions,0.6666666666666666,18.85,1.5
0,0.0,0,Low Risk,0,9.0,Mobile,1,18.0,Credit Card,Male,3.0,4,Mobile Phone,3,Married,9,1,12.0,3.0,3.0,3.0,151.6,9,Hibernating,0.4,37.9,0.3
0,0.0,0,Low Risk,2,22.0,Mobile,1,13.0,UPI,Male,2.0,4,Fashion,3,Single,9,0,24.0,1.0,1.0,0.0,145.0,8,Recent Customers,0.1739130434782608,72.5,0.0
0,0.0,0,Low Risk,0,19.0,Mobile,1,13.0,UPI,Male,3.0,4,Fashion,5,Married,6,1,15.0,2.0,,1.0,257.45,15,Champions,0.2,257.45,0.05
0,0.0,0,Low Risk,2,7.0,Mobile,1,9.0,Debit Card,Female,3.0,3,Laptop & Accessory,4,Married,2,0,12.0,7.0,7.0,9.0,154.33,9,Loyal,0.375,19.29125,1.125
0,0.0,0,Low Risk,2,27.0,Mobile,1,14.0,Debit Card,Male,3.0,2,Grocery,3,Married,5,0,20.0,,2.0,4.0,273.14,12,Champions,0.0714285714285714,91.04666666666668,0.1428571428571428
0,0.0,0,Low Risk,2,,Mobile,1,6.0,Cash on Delivery,Male,2.0,3,Mobile,5,Single,3,0,11.0,0.0,1.0,2.0,120.8,6,Recent Customers,3.0,60.4,2.0
0,0.0,0,Low Risk,3,9.0,Mobile,3,16.0,Cash on Delivery,Female,3.0,4,Laptop & Accessory,3,Married,2,1,13.0,1.0,1.0,7.0,156.73,7,Hibernating,0.4,78.365,0.7
1,1.0,1,High Risk,2,0.0,Mobile,1,24.0,UPI,Female,,3,Mobile,1,Single,2,0,19.0,1.0,1.0,0.0,126.93,7,Recent Customers,3.0,63.465,0.0
0,0.0,0,Low Risk,1,18.0,Computer,3,32.0,E wallet,Male,2.0,4,Laptop & Accessory,5,Married,2,0,15.0,3.0,4.0,5.0,143.85,8,At Risk,0.2105263157894736,28.77,0.2631578947368421
0,0.0,0,Low Risk,1,11.0,Mobile,3,6.0,Debit Card,Female,2.0,4,Laptop & Accessory,1,Single,5,0,22.0,0.0,1.0,7.0,186.86,8,Hibernating,0.3333333333333333,93.43,0.5833333333333334
1,1.0,1,High Risk,0,1.0,Mobile,1,15.0,UPI,Male,4.0,6,Mobile Phone,5,Married,3,1,12.0,1.0,2.0,8.0,146.19,5,Hibernating,3.0,48.73,4.0
0,0.0,0,Low Risk,2,15.0,Computer,1,34.0,Cash on Delivery,Female,2.0,4,Laptop & Accessory,1,Married,1,0,11.0,0.0,1.0,4.0,145.23,5,Hibernating,0.25,72.615,0.25
0,0.0,0,Low Risk,2,6.0,Computer,1,10.0,Cash on Delivery,Male,,3,Laptop & Accessory,4,Married,6,0,15.0,0.0,1.0,7.0,130.55,4,Hibernating,0.4285714285714285,65.275,1.0
0,0.0,0,Low Risk,1,8.0,Mobile,3,22.0,Credit Card,Female,4.0,4,Laptop & Accessory,5,Single,3,0,13.0,2.0,10.0,7.0,186.25,11,Champions,0.4444444444444444,16.931818181818183,0.7777777777777778
0,0.0,0,Low Risk,1,0.0,Mobile,3,24.0,Debit Card,Male,3.0,1,Laptop & Accessory,3,Married,3,0,11.0,1.0,1.0,2.0,162.32,9,Recent Customers,1.0,81.16,2.0
1,1.0,1,High Risk,0,0.0,Computer,1,13.0,Debit Card,Female,,3,Mobile,3,Divorced,2,1,16.0,0.0,1.0,2.0,128.86,6,Recent Customers,3.0,64.43,2.0
0,0.0,0,Low Risk,2,0.0,Mobile,1,14.0,Credit Card,Female,3.0,3,Mobile,1,Single,2,0,11.0,0.0,1.0,4.0,134.45,4,Hibernating,3.0,67.225,4.0
1,1.0,1,High Risk,0,0.0,Mobile,1,15.0,Credit Card,Male,3.0,4,Mobile,3,Divorced,1,1,17.0,0.0,1.0,0.0,133.88,7,Recent Customers,4.0,66.94,0.0
0,0.0,0,Low Risk,2,26.0,Mobile,1,11.0,Debit Card,Female,2.0,4,Grocery,2,Divorced,4,0,14.0,,2.0,5.0,290.55,11,Champions,0.1481481481481481,96.85,0.1851851851851851
0,0.0,0,Low Risk,3,6.0,Computer,3,22.0,Debit Card,Female,2.0,3,Laptop & Accessory,1,Married,2,1,25.0,0.0,1.0,2.0,153.68,8,Recent Customers,0.4285714285714285,76.84,0.2857142857142857
0,0.0,0,Low Risk,1,7.0,Computer,3,12.0,Debit Card,Male,4.0,4,Laptop & Accessory,1,Married,8,0,14.0,2.0,2.0,,224.98,14,Champions,0.5,74.99333333333333,
1,1.0,1,High Risk,0,,Mobile,1,8.0,UPI,Male,3.0,4,Mobile,3,Single,7,1,15.0,0.0,1.0,0.0,120.9,7,Recent Customers,4.0,60.45,0.0
1,1.0,1,High Risk,2,1.0,Mobile,1,15.0,Debit Card,Female,3.0,5,Mobile Phone,4,Single,3,0,13.0,1.0,2.0,1.0,137.61,7,Recent Customers,2.5,45.870000000000005,0.5
0,0.0,0,Low Risk,2,2.0,Mobile,1,16.0,Credit Card,Male,4.0,4,Mobile Phone,1,Married,3,0,24.0,2.0,2.0,5.0,145.7,6,Hibernating,1.3333333333333333,48.56666666666666,1.6666666666666667
1,1.0,1,High Risk,0,1.0,Mobile,1,15.0,Credit Card,Male,4.0,5,Mobile Phone,3,Single,3,1,12.0,2.0,2.0,3.0,164.89,9,Loyal,2.5,54.96333333333333,1.5
0,0.0,0,Low Risk,0,3.0,Mobile,1,14.0,Debit Card,Female,3.0,1,Fashion,5,Divorced,1,1,12.0,0.0,1.0,,214.16000000000005,12,Recent Customers,0.25,107.08000000000004,
0,0.0,0,Low Risk,2,16.0,Computer,1,,Debit Card,Male,2.0,3,Mobile,3,Single,5,0,13.0,1.0,1.0,2.0,124.38,6,Recent Customers,0.1764705882352941,62.19,0.1176470588235294
0,0.0,0,Low Risk,3,11.0,Computer,3,16.0,Cash on Delivery,Female,2.0,3,Laptop & Accessory,2,Single,2,1,13.0,0.0,1.0,3.0,156.66,8,Hibernating,0.25,78.33,0.25
1,1.0,1,High Risk,0,0.0,Computer,1,20.0,UPI,Female,2.0,3,Fashion,1,Single,1,1,12.0,4.0,7.0,7.0,175.53,11,Champions,3.0,21.94125,7.0
1,1.0,1,High Risk,0,,Computer,1,16.0,Credit Card,Female,3.0,4,Mobile Phone,4,Single,2,1,25.0,1.0,1.0,0.0,118.59,7,Recent Customers,4.0,59.295,0.0
0,0.0,0,Low Risk,3,31.0,Mobile,3,14.0,E wallet,Male,3.0,2,Laptop & Accessory,2,Married,2,1,19.0,1.0,2.0,10.0,177.2,8,Loyal,0.0625,59.06666666666666,0.3125
0,0.0,0,Low Risk,2,1.0,Computer,1,7.0,Credit Card,Female,4.0,5,Mobile Phone,3,Married,3,0,14.0,1.0,2.0,4.0,145.07,6,Hibernating,2.5,48.35666666666666,2.0
0,0.0,0,Low Risk,1,16.0,Computer,2,9.0,Credit Card,Male,4.0,2,Laptop & Accessory,5,Divorced,9,0,17.0,1.0,2.0,4.0,187.72,10,Loyal,0.1176470588235294,62.57333333333333,0.2352941176470588
0,0.0,0,Low Risk,2,25.0,Mobile,1,14.0,Credit Card,Male,3.0,5,Laptop & Accessory,3,Married,4,0,18.0,2.0,2.0,1.0,186.32,12,Loyal,0.1923076923076923,62.10666666666666,0.0384615384615384
1,1.0,1,High Risk,3,11.0,Computer,3,,Credit Card,Female,3.0,3,Mobile,3,Married,3,1,11.0,1.0,7.0,7.0,126.55,8,At Risk,0.25,15.81875,0.5833333333333334
1,1.0,1,High Risk,2,16.0,Mobile,1,8.0,Cash on Delivery,Female,3.0,4,Fashion,1,Married,1,0,16.0,0.0,1.0,9.0,201.69,7,Hibernating,0.2352941176470588,100.845,0.5294117647058824
0,0.0,0,Low Risk,2,12.0,Computer,1,8.0,Cash on Delivery,Female,3.0,3,Fashion,3,Single,1,0,25.0,6.0,11.0,,209.38,15,Champions,0.2307692307692307,17.448333333333334,
1,1.0,1,High Risk,2,1.0,Mobile,1,32.0,Debit Card,Male,3.0,6,Mobile Phone,3,Single,3,0,13.0,1.0,2.0,2.0,147.93,8,Recent Customers,3.0,49.31,1.0
0,0.0,0,Low Risk,2,8.0,Mobile,1,,Credit Card,Male,3.0,4,Mobile,5,Single,2,0,19.0,0.0,1.0,2.0,124.5,6,Recent Customers,0.4444444444444444,62.25,0.2222222222222222
0,0.0,0,Low Risk,2,8.0,Mobile,1,,Credit Card,Female,2.0,4,Mobile,5,Single,2,0,11.0,0.0,1.0,1.0,125.59,6,Recent Customers,0.4444444444444444,62.795,0.1111111111111111
0,0.0,0,Low Risk,2,13.0,Mobile,1,7.0,Debit Card,Female,4.0,5,Grocery,1,Married,3,0,17.0,10.0,,9.0,252.42,11,Champions,0.3571428571428571,252.42,0.6428571428571429
0,0.0,0,Low Risk,2,19.0,Mobile,1,8.0,Cash on Delivery,Male,4.0,4,Fashion,4,Married,3,0,13.0,4.0,8.0,8.0,199.41,11,Champions,0.2,22.156666666666663,0.4
0,0.0,0,Low Risk,2,1.0,Mobile,1,16.0,Credit Card,Male,3.0,4,Mobile Phone,5,Divorced,3,0,15.0,1.0,2.0,3.0,150.0,8,Hibernating,2.0,50.0,1.5
0,0.0,0,Low Risk,0,14.0,Mobile,1,12.0,Credit Card,Male,2.0,3,Mobile Phone,5,Single,3,1,13.0,1.0,2.0,17.0,147.21,5,Hibernating,0.2,49.07,1.1333333333333333
0,0.0,0,Low Risk,2,9.0,Mobile,1,35.0,Debit Card,Male,3.0,2,Laptop & Accessory,3,Married,3,0,18.0,6.0,7.0,9.0,159.07,9,Loyal,0.2,19.88375,0.9
0,0.0,0,Low Risk,2,5.0,Computer,1,16.0,Debit Card,Male,2.0,3,Mobile,3,Married,7,0,13.0,0.0,1.0,3.0,134.33,5,Hibernating,0.5,67.165,0.5
0,0.0,0,Low Risk,3,14.0,Mobile,3,29.0,Debit Card,Male,3.0,3,Fashion,3,Single,4,1,16.0,0.0,1.0,2.0,170.82,9,Recent Customers,0.2,85.41,0.1333333333333333
0,0.0,0,Low Risk,2,17.0,Mobile,1,34.0,Debit Card,Male,2.0,3,Grocery,5,Divorced,4,0,13.0,,14.0,17.0,263.28,11,Champions,0.1666666666666666,17.552,0.9444444444444444
1,1.0,1,High Risk,3,0.0,Mobile,3,21.0,Credit Card,Male,2.0,5,Laptop & Accessory,1,Married,7,1,14.0,0.0,2.0,2.0,154.4,10,Loyal,5.0,51.46666666666667,2.0
1,1.0,1,High Risk,3,19.0,Mobile,3,20.0,E wallet,Male,3.0,2,Grocery,3,Single,8,1,18.0,,4.0,9.0,261.95,10,Champions,0.1,52.39,0.45
0,0.0,0,Low Risk,0,9.0,Computer,1,25.0,Debit Card,Male,4.0,4,Laptop & Accessory,3,Married,3,1,15.0,2.0,2.0,3.0,181.89,10,Loyal,0.4,60.63,0.3
0,0.0,0,Low Risk,2,14.0,Computer,1,9.0,Credit Card,Female,3.0,2,Laptop & Accessory,4,Divorced,3,0,25.0,1.0,4.0,8.0,167.44,8,Loyal,0.1333333333333333,33.488,0.5333333333333333
0,0.0,0,Low Risk,0,9.0,Mobile,1,18.0,Debit Card,Female,3.0,3,Laptop & Accessory,3,Married,10,1,12.0,0.0,1.0,1.0,146.63,7,Recent Customers,0.3,73.315,0.1
0,0.0,0,Low Risk,1,14.0,Mobile,3,9.0,E wallet,Female,4.0,4,Laptop & Accessory,4,Married,5,0,15.0,2.0,6.0,11.0,181.77,10,Champions,0.2666666666666666,25.967142857142857,0.7333333333333333
0,0.0324035100638866,0,Low Risk,2,1.0,Computer,1,16.0,Debit Card,Male,3.0,5,Mobile Phone,4,Married,3,0,12.0,2.0,2.0,1.0,151.94,10,Hibernating,2.5,50.64666666666667,0.5
1,1.0,1,High Risk,2,0.0,Mobile,2,,Cash on Delivery,Male,2.0,4,Mobile,2,Single,2,0,12.0,1.0,1.0,0.0,125.64,7,Recent Customers,4.0,62.82,0.0
0,0.0,0,Low Risk,2,10.0,Mobile,1,6.0,Debit Card,Male,2.0,4,Laptop & Accessory,3,Married,2,0,18.0,0.0,1.0,7.0,159.93,7,Hibernating,0.3636363636363636,79.965,0.6363636363636364
0,0.0,0,Low Risk,1,2.0,Computer,3,6.0,Credit Card,Female,2.0,3,Fashion,2,Divorced,2,0,14.0,4.0,4.0,1.0,179.18,13,Champions,1.0,35.836,0.3333333333333333
0,0.0,0,Low Risk,2,6.0,Mobile,2,8.0,UPI,Male,3.0,3,Mobile Phone,3,Married,2,0,13.0,1.0,1.0,4.0,136.0,4,Hibernating,0.4285714285714285,68.0,0.5714285714285714
0,0.0,0,Low Risk,2,6.0,Computer,1,20.0,UPI,Female,4.0,5,Mobile Phone,4,Divorced,3,0,21.0,1.0,3.0,3.0,152.43,9,Hibernating,0.7142857142857143,38.1075,0.4285714285714285
0,0.0,0,Low Risk,1,6.0,Computer,3,11.0,Debit Card,Male,3.0,3,Laptop & Accessory,2,Divorced,7,0,13.0,1.0,1.0,2.0,199.98,10,Recent Customers,0.4285714285714285,99.99,0.2857142857142857
0,0.0,0,Low Risk,1,12.0,Computer,3,26.0,Debit Card,Male,2.0,3,Laptop & Accessory,1,Married,3,0,18.0,1.0,2.0,2.0,141.27,8,Recent Customers,0.2307692307692307,47.09,0.1538461538461538
0,0.0,0,Low Risk,2,18.0,Mobile,1,34.0,Cash on Delivery,Female,2.0,4,Grocery,4,Single,2,0,11.0,,8.0,6.0,267.04,12,Champions,0.2105263157894736,29.671111111111117,0.3157894736842105
0,0.0,0,Low Risk,1,6.0,Mobile,3,6.0,Credit Card,Male,2.0,1,Laptop & Accessory,5,Married,2,0,22.0,0.0,1.0,8.0,140.37,3,Hibernating,0.1428571428571428,70.185,1.1428571428571428
1,1.0,1,High Risk,3,,Mobile,3,28.0,E wallet,Male,2.0,3,Mobile Phone,3,Single,2,1,19.0,1.0,1.0,0.0,116.75,7,Recent Customers,3.0,58.375,0.0
0,0.0,0,Low Risk,2,17.0,Computer,1,7.0,Debit Card,Female,3.0,4,Laptop & Accessory,1,Married,6,0,14.0,2.0,3.0,3.0,180.62,11,Champions,0.2222222222222222,45.155,0.1666666666666666
0,0.0,0,Low Risk,2,4.0,Mobile,1,32.0,Debit Card,Male,,3,Mobile,3,Married,2,0,17.0,3.0,4.0,3.0,129.11,8,Hibernating,0.6,25.822000000000003,0.6
0,0.0,0,Low Risk,1,12.0,Mobile,3,21.0,Debit Card,Male,4.0,4,Laptop & Accessory,4,Married,2,0,12.0,4.0,8.0,,224.24,15,Champions,0.3076923076923077,24.91555555555556,
0,0.0,0,Low Risk,2,4.0,Mobile,1,8.0,Debit Card,Male,3.0,3,Mobile,3,Married,2,0,14.0,0.0,1.0,3.0,134.77,5,Hibernating,0.6,67.385,0.6
0,0.0,0,Low Risk,0,1.0,Mobile,1,32.0,Debit Card,Female,3.0,2,Mobile Phone,2,Single,3,1,13.0,2.0,2.0,2.0,154.94,10,Loyal,1.0,51.64666666666667,1.0
0,0.0,0,Low Risk,1,4.0,Mobile,3,36.0,Debit Card,Male,4.0,4,Laptop & Accessory,5,Married,10,0,20.0,2.0,2.0,4.0,166.15,9,Loyal,0.8,55.38333333333333,0.8
1,1.0,1,High Risk,1,0.0,Mobile,3,15.0,Credit Card,Male,2.0,3,Mobile Phone,1,Single,2,0,13.0,0.0,1.0,0.0,110.81,7,Recent Customers,3.0,55.405,0.0
1,1.0,1,High Risk,0,20.0,Mobile,1,21.0,Debit Card,Female,4.0,4,Mobile Phone,4,Divorced,11,1,19.0,2.0,5.0,4.0,174.63,11,Champions,0.1904761904761904,29.105,0.1904761904761904
0,0.0,0,Low Risk,2,3.0,Mobile,1,14.0,Credit Card,Female,4.0,5,Mobile Phone,2,Married,8,0,15.0,2.0,2.0,4.0,150.32,8,Hibernating,1.25,50.10666666666666,1.0
0,0.0,0,Low Risk,1,19.0,Computer,3,16.0,Debit Card,Female,4.0,5,Laptop & Accessory,3,Married,3,0,14.0,5.0,5.0,13.0,180.93,9,Champions,0.25,30.155,0.65
0,0.0,0,Low Risk,1,12.0,Mobile,3,10.0,Debit Card,Male,4.0,4,Fashion,3,Married,2,0,13.0,2.0,6.0,,231.09,15,Champions,0.3076923076923077,33.01285714285714,
1,1.0,1,High Risk,2,1.0,Computer,1,12.0,Credit Card,Female,3.0,4,Mobile Phone,4,Single,2,0,18.0,1.0,2.0,3.0,149.22,7,Hibernating,2.0,49.74,1.5
0,0.0,0,Low Risk,1,6.0,Mobile,3,26.0,Debit Card,Male,4.0,6,Fashion,3,Married,5,0,14.0,2.0,2.0,,221.1,14,Champions,0.8571428571428571,73.7,
0,0.0,0,Low Risk,1,1.0,Mobile,3,9.0,Credit Card,Female,,3,Mobile,4,Married,2,0,19.0,1.0,1.0,0.0,128.56,7,Recent Customers,1.5,64.28,0.0
0,0.0,0,Low Risk,2,9.0,Mobile,1,7.0,Credit Card,Male,3.0,5,Mobile Phone,3,Married,8,0,13.0,2.0,2.0,8.0,147.58,5,Hibernating,0.5,49.193333333333335,0.8
0,0.0,0,Low Risk,2,51.0,Mobile,1,7.0,Debit Card,Male,4.0,2,Laptop & Accessory,3,Divorced,2,0,25.0,2.0,3.0,9.0,174.0,9,Champions,0.0384615384615384,43.5,0.173076923076923
0,0.0,0,Low Risk,2,18.0,Mobile,1,11.0,Debit Card,Male,4.0,2,Others,5,Married,3,0,,3.0,15.0,14.0,316.9,11,Champions,0.1052631578947368,19.80625,0.7368421052631579
1,0.6271706819534302,1,Medium Risk,2,0.0,Mobile,1,8.0,Debit Card,Female,,3,Mobile,5,Divorced,8,0,20.0,1.0,1.0,7.0,127.07,4,Hibernating,3.0,63.535,7.0
0,0.0,0,Low Risk,1,21.0,Mobile,3,8.0,E wallet,Female,2.0,3,Laptop & Accessory,2,Divorced,3,0,14.0,4.0,6.0,7.0,140.51,8,At Risk,0.1363636363636363,20.072857142857146,0.3181818181818182
1,1.0,1,High Risk,0,14.0,Mobile,1,,Debit Card,Male,2.0,3,Mobile,3,Divorced,10,1,12.0,1.0,2.0,7.0,124.61,5,Hibernating,0.2,41.53666666666667,0.4666666666666667
0,0.0,0,Low Risk,2,5.0,Mobile,1,15.0,Debit Card,Female,4.0,4,Grocery,4,Single,5,0,12.0,,2.0,1.0,289.22,14,Champions,0.6666666666666666,96.40666666666668,0.1666666666666666
1,1.0,1,High Risk,0,1.0,Computer,1,12.0,Credit Card,Female,3.0,5,Mobile Phone,3,Divorced,3,1,15.0,1.0,2.0,8.0,148.66,5,Hibernating,2.5,49.553333333333335,4.0
0,0.0,0,Low Risk,2,17.0,Computer,1,34.0,Debit Card,Female,3.0,4,Fashion,5,Married,10,0,12.0,2.0,,2.0,233.2,14,Champions,0.2222222222222222,233.2,0.1111111111111111
0,0.0,0,Low Risk,2,1.0,Mobile,1,7.0,Credit Card,Male,4.0,4,Mobile Phone,5,Single,2,0,14.0,4.0,8.0,7.0,153.67,10,Loyal,2.0,17.074444444444442,3.5
0,0.0,0,Low Risk,1,15.0,Computer,2,11.0,UPI,Male,3.0,6,Laptop & Accessory,4,Married,8,0,20.0,1.0,2.0,3.0,189.3,10,Loyal,0.375,63.1,0.1875
0,0.0,0,Low Risk,0,12.0,Mobile,1,9.0,Credit Card,Male,4.0,4,Mobile Phone,3,Married,8,1,14.0,1.0,2.0,2.0,155.57,10,Loyal,0.3076923076923077,51.85666666666666,0.1538461538461538
0,0.0,0,Low Risk,0,4.0,Mobile,1,9.0,Credit Card,Female,3.0,5,Laptop & Accessory,2,Single,7,1,25.0,2.0,2.0,1.0,193.77,13,Champions,1.0,64.59,0.2
0,0.0,0,Low Risk,3,21.0,Mobile,3,11.0,Debit Card,Female,3.0,4,Laptop & Accessory,1,Single,3,1,18.0,2.0,2.0,8.0,166.63,7,Loyal,0.1818181818181818,55.54333333333333,0.3636363636363636
0,0.0,0,Low Risk,2,10.0,Computer,1,11.0,Cash on Delivery,Male,2.0,1,Mobile,3,Single,1,0,14.0,0.0,1.0,3.0,135.0,5,Hibernating,0.0909090909090909,67.5,0.2727272727272727
1,1.0,1,High Risk,2,2.0,Computer,1,8.0,Debit Card,Male,2.0,3,Grocery,1,Married,8,0,11.0,10.0,11.0,,221.69,15,Champions,1.0,18.474166666666665,
0,0.0,0,Low Risk,1,12.0,Computer,2,17.0,UPI,Male,4.0,4,Laptop & Accessory,3,Married,5,0,12.0,1.0,2.0,3.0,185.77,10,Loyal,0.3076923076923077,61.92333333333334,0.2307692307692307
1,1.0,1,High Risk,1,1.0,Mobile,3,16.0,Credit Card,Male,3.0,4,Mobile Phone,1,Single,3,0,14.0,1.0,2.0,1.0,135.81,7,Recent Customers,2.0,45.27,0.5
1,1.0,1,High Risk,1,13.0,Computer,3,6.0,Debit Card,Male,3.0,3,Laptop & Accessory,3,Married,8,0,12.0,1.0,1.0,1.0,167.28,9,Recent Customers,0.2142857142857142,83.64,0.0714285714285714
0,0.0,0,Low Risk,1,2.0,Computer,3,14.0,Debit Card,Male,3.0,4,Laptop & Accessory,5,Single,2,0,15.0,2.0,2.0,4.0,173.98,10,Loyal,1.3333333333333333,57.99333333333333,1.3333333333333333
0,0.0,0,Low Risk,1,12.0,Mobile,3,9.0,E wallet,Male,3.0,4,Fashion,4,Single,9,0,17.0,2.0,2.0,1.0,198.51,13,Champions,0.3076923076923077,66.17,0.0769230769230769
0,0.0,0,Low Risk,2,1.0,Computer,1,16.0,Credit Card,Male,3.0,4,Mobile Phone,4,Married,8,0,19.0,3.0,3.0,3.0,145.24,9,Hibernating,2.0,36.31,1.5
0,0.0,0,Low Risk,2,9.0,Computer,1,24.0,Debit Card,Male,2.0,2,Mobile Phone,2,Divorced,5,0,18.0,0.0,1.0,0.0,136.88,7,Recent Customers,0.2,68.44,0.0
1,1.0,1,High Risk,3,5.0,Computer,3,18.0,Debit Card,Male,2.0,3,Grocery,5,Single,1,1,12.0,2.0,,14.0,237.58,11,Champions,0.5,237.58,2.333333333333333
0,0.0,0,Low Risk,2,11.0,Computer,2,16.0,UPI,Male,3.0,3,Laptop & Accessory,3,Married,4,0,11.0,0.0,1.0,2.0,160.77,9,Recent Customers,0.25,80.385,0.1666666666666666
0,0.3885641396045685,1,Low Risk,2,0.0,Mobile,2,31.0,Debit Card,Female,,3,Mobile,3,Married,2,0,23.0,2.0,5.0,7.0,129.42,7,At Risk,3.0,21.57,7.0
1,1.0,1,High Risk,0,4.0,Mobile,1,14.0,Debit Card,Male,4.0,4,Mobile Phone,5,Single,5,1,15.0,1.0,2.0,4.0,146.66,7,Hibernating,0.8,48.88666666666666,0.8
0,0.0,0,Low Risk,1,6.0,Computer,3,15.0,E wallet,Female,3.0,4,Fashion,1,Single,3,0,15.0,3.0,4.0,,214.98,14,Champions,0.5714285714285714,42.996,
1,0.4434317052364349,1,Medium Risk,2,0.0,Mobile,1,8.0,Debit Card,Female,,3,Mobile,5,Married,8,0,20.0,1.0,1.0,7.0,127.07,4,Hibernating,3.0,63.535,7.0
0,0.0,0,Low Risk,2,4.0,Mobile,1,,Credit Card,Male,2.0,3,Mobile,4,Single,2,0,17.0,1.0,1.0,0.0,125.01,7,Recent Customers,0.6,62.505,0.0
0,0.0,0,Low Risk,0,15.0,Mobile,1,12.0,Credit Card,Male,3.0,2,Mobile Phone,3,Married,4,1,13.0,1.0,2.0,4.0,146.27,7,Hibernating,0.125,48.75666666666667,0.25
0,0.0,0,Low Risk,2,9.0,Computer,1,9.0,Debit Card,Female,4.0,4,Laptop & Accessory,5,Married,4,0,12.0,2.0,2.0,1.0,175.93,12,Loyal,0.4,58.64333333333334,0.1
0,0.0,0,Low Risk,2,10.0,Mobile,1,17.0,Credit Card,Female,3.0,3,Mobile Phone,3,Single,5,0,18.0,1.0,1.0,2.0,136.29,6,Recent Customers,0.2727272727272727,68.145,0.1818181818181818
0,0.0,0,Low Risk,1,8.0,Mobile,3,9.0,Debit Card,Male,3.0,3,Fashion,2,Married,7,0,13.0,0.0,1.0,8.0,178.23,7,Hibernating,0.3333333333333333,89.115,0.8888888888888888
0,0.0,0,Low Risk,2,7.0,Computer,1,9.0,Debit Card,Male,,4,Mobile,2,Divorced,4,0,17.0,1.0,1.0,0.0,129.79,7,Recent Customers,0.5,64.895,0.0
1,1.0,1,High Risk,0,1.0,Computer,1,16.0,Credit Card,Male,3.0,4,Mobile Phone,5,Single,4,1,12.0,1.0,2.0,1.0,156.72,11,Loyal,2.0,52.24,0.5
1,1.0,1,High Risk,1,0.0,Mobile,3,13.0,E wallet,Male,,3,Mobile,4,Single,2,0,13.0,0.0,1.0,0.0,126.79,7,Recent Customers,3.0,63.395,0.0
0,0.0,0,Low Risk,3,7.0,Computer,3,23.0,Debit Card,Female,3.0,4,Laptop & Accessory,1,Married,3,1,26.0,1.0,2.0,3.0,178.68,10,Loyal,0.5,59.56,0.375
1,1.0,1,High Risk,0,0.0,Mobile,1,13.0,Cash on Delivery,Female,2.0,3,Mobile,3,Married,4,1,13.0,1.0,7.0,7.0,133.39,8,At Risk,3.0,16.67375,7.0
0,0.0,0,Low Risk,2,10.0,Mobile,1,19.0,Credit Card,Female,3.0,5,Fashion,1,Single,2,0,12.0,6.0,8.0,,213.58,15,Champions,0.4545454545454545,23.73111111111111,
0,0.0,0,Low Risk,1,4.0,Mobile,3,13.0,Debit Card,Male,2.0,4,Fashion,1,Married,10,0,21.0,1.0,1.0,,215.57,12,Recent Customers,0.8,107.785,
0,0.0,0,Low Risk,2,8.0,Mobile,1,28.0,Debit Card,Male,2.0,5,Mobile Phone,3,Single,1,0,15.0,1.0,4.0,3.0,142.3,9,Hibernating,0.5555555555555556,28.46,0.3333333333333333
1,1.0,1,High Risk,0,0.0,Mobile,1,,Debit Card,Male,3.0,3,Mobile,4,Single,2,1,23.0,1.0,1.0,0.0,124.72,7,Recent Customers,3.0,62.36,0.0
0,0.0,0,Low Risk,2,7.0,Computer,1,25.0,Credit Card,Female,2.0,3,Laptop & Accessory,4,Married,5,0,13.0,0.0,5.0,10.0,144.44,7,At Risk,0.375,24.07333333333333,1.25
0,0.0,0,Low Risk,2,0.0,Computer,1,10.0,Debit Card,Male,,4,Mobile,2,Divorced,1,0,17.0,0.0,3.0,4.0,131.62,8,Hibernating,4.0,32.905,4.0
0,0.0,0,Low Risk,1,4.0,Mobile,3,9.0,Cash on Delivery,Male,4.0,4,Mobile Phone,4,Divorced,3,0,19.0,2.0,2.0,1.0,149.76,9,Hibernating,0.8,49.92,0.2
0,0.0,0,Low Risk,0,8.0,Computer,1,17.0,Credit Card,Male,3.0,4,Fashion,5,Married,3,1,13.0,1.0,2.0,3.0,198.84,11,Champions,0.4444444444444444,66.28,0.3333333333333333
0,0.0,0,Low Risk,3,11.0,Mobile,3,9.0,Debit Card,Male,2.0,3,Laptop & Accessory,2,Single,9,1,12.0,1.0,1.0,0.0,168.61,10,Recent Customers,0.25,84.305,0.0
0,0.0,0,Low Risk,2,25.0,Mobile,1,17.0,Debit Card,Female,,3,Laptop & Accessory,3,Married,9,0,20.0,1.0,1.0,4.0,131.49,4,Hibernating,0.1153846153846153,65.745,0.1538461538461538
0,0.0,0,Low Risk,2,11.0,Mobile,1,12.0,Credit Card,Male,4.0,4,Laptop & Accessory,2,Married,9,0,17.0,1.0,2.0,5.0,188.47,9,Loyal,0.3333333333333333,62.82333333333333,0.4166666666666667
1,1.0,1,High Risk,3,,Computer,3,11.0,E wallet,Male,3.0,3,Mobile Phone,4,Single,2,1,14.0,1.0,1.0,0.0,118.78,7,Recent Customers,3.0,59.39,0.0
0,0.0,0,Low Risk,3,17.0,Computer,2,7.0,UPI,Male,2.0,3,Laptop & Accessory,1,Married,5,1,11.0,1.0,1.0,2.0,157.43,9,Recent Customers,0.1666666666666666,78.715,0.1111111111111111
1,0.8792625069618225,1,High Risk,2,,Computer,1,14.0,Credit Card,Male,3.0,3,Mobile,3,Single,2,0,12.0,1.0,1.0,0.0,119.04,7,Recent Customers,3.0,59.52,0.0
0,0.0,0,Low Risk,2,,Computer,2,16.0,Credit Card,Male,2.0,3,Mobile,1,Married,1,0,14.0,0.0,2.0,1.0,121.45,7,Recent Customers,3.0,40.48333333333333,1.0
0,0.0,0,Low Risk,2,15.0,Computer,1,35.0,Debit Card,Female,3.0,3,Laptop & Accessory,3,Married,3,0,11.0,1.0,1.0,2.0,145.56,7,Recent Customers,0.1875,72.78,0.125
0,0.0,0,Low Risk,2,1.0,Computer,2,6.0,Debit Card,Male,,3,Mobile,1,Married,2,0,15.0,0.0,2.0,2.0,127.06,7,Recent Customers,1.5,42.35333333333333,1.0
0,0.0,0,Low Risk,1,3.0,Mobile,2,24.0,UPI,Male,3.0,5,Fashion,5,Single,3,0,14.0,1.0,2.0,10.0,204.88,9,Champions,1.25,68.29333333333334,2.5
1,1.0,1,High Risk,2,4.0,Mobile,1,16.0,Debit Card,Male,3.0,4,Mobile Phone,5,Single,5,0,15.0,2.0,2.0,1.0,145.18,8,Recent Customers,0.8,48.39333333333334,0.2
0,0.0,0,Low Risk,2,13.0,Computer,1,16.0,Debit Card,Male,3.0,4,Others,1,Single,4,0,,1.0,2.0,4.0,319.31,12,Champions,0.2857142857142857,106.43666666666668,0.2857142857142857
0,0.0,0,Low Risk,1,3.0,Mobile,3,11.0,E wallet,Female,1.0,4,Laptop & Accessory,3,Married,2,0,13.0,0.0,1.0,2.0,161.18,9,Recent Customers,1.0,80.59,0.5
0,0.0,0,Low Risk,2,1.0,Mobile,1,24.0,UPI,Male,4.0,5,Mobile Phone,4,Married,3,0,22.0,2.0,2.0,1.0,146.27,8,Recent Customers,2.5,48.75666666666667,0.5
0,0.0,0,Low Risk,2,19.0,Mobile,1,6.0,Credit Card,Male,2.0,3,Others,1,Married,10,0,,1.0,2.0,2.0,296.27,13,Champions,0.15,98.75666666666666,0.1
0,0.0,0,Low Risk,0,27.0,Mobile,1,16.0,Credit Card,Female,3.0,3,Laptop & Accessory,5,Single,7,1,19.0,0.0,1.0,4.0,144.4,5,Hibernating,0.1071428571428571,72.2,0.1428571428571428
0,0.0,0,Low Risk,2,18.0,Computer,1,24.0,Debit Card,Male,4.0,6,Mobile Phone,3,Single,4,0,14.0,2.0,2.0,1.0,147.9,8,Recent Customers,0.3157894736842105,49.3,0.0526315789473684
0,0.0,0,Low Risk,2,26.0,Computer,1,32.0,Credit Card,Female,3.0,5,Grocery,2,Divorced,5,0,23.0,,2.0,1.0,263.26,14,Champions,0.1851851851851851,87.75333333333333,0.037037037037037
1,1.0,1,High Risk,2,1.0,Computer,1,9.0,Credit Card,Male,3.0,5,Mobile Phone,5,Single,9,0,12.0,2.0,2.0,1.0,150.61,9,Hibernating,2.5,50.20333333333334,0.5
0,0.0,0,Low Risk,1,4.0,Mobile,3,19.0,Cash on Delivery,Female,3.0,4,Laptop & Accessory,3,Single,2,0,12.0,4.0,5.0,5.0,190.77,10,Champions,0.8,31.795,1.0
0,0.0,0,Low Risk,3,15.0,Mobile,3,13.0,Debit Card,Female,4.0,4,Fashion,2,Single,5,1,19.0,1.0,2.0,1.0,260.91,14,Champions,0.25,86.97000000000001,0.0625
0,0.0,0,Low Risk,2,9.0,Mobile,1,9.0,Cash on Delivery,Male,1.0,3,Laptop & Accessory,4,Single,5,0,12.0,2.0,7.0,7.0,144.85,9,At Risk,0.3,18.10625,0.7
0,0.0,0,Low Risk,1,7.0,Mobile,3,9.0,Credit Card,Male,4.0,4,Laptop & Accessory,1,Married,3,0,15.0,2.0,2.0,5.0,180.05,9,Loyal,0.5,60.01666666666667,0.625
0,0.0,0,Low Risk,1,23.0,Mobile,3,15.0,Cash on Delivery,Male,3.0,5,Grocery,4,Married,8,0,18.0,2.0,,4.0,256.2,13,Champions,0.2083333333333333,256.2,0.1666666666666666
1,1.0,1,High Risk,2,,Mobile,1,6.0,Cash on Delivery,Male,2.0,3,Mobile,3,Single,1,0,14.0,0.0,1.0,5.0,120.58,4,Hibernating,3.0,60.29,5.0
0,0.0,0,Low Risk,2,29.0,Mobile,1,9.0,Credit Card,Female,3.0,6,Others,3,Married,6,0,,5.0,10.0,12.0,316.87,11,Champions,0.2,28.80636363636364,0.4
1,1.0,1,High Risk,0,1.0,Mobile,1,15.0,Credit Card,Female,4.0,4,Mobile Phone,5,Married,3,1,18.0,1.0,2.0,1.0,148.98,8,Recent Customers,2.0,49.66,0.5
0,0.0,0,Low Risk,2,7.0,Computer,1,21.0,Credit Card,Male,3.0,3,Grocery,5,Married,8,0,14.0,,6.0,9.0,270.07,11,Champions,0.375,38.58142857142857,1.125
0,0.0,0,Low Risk,2,2.0,Mobile,2,15.0,Credit Card,Male,4.0,5,Mobile Phone,1,Married,3,0,14.0,2.0,2.0,5.0,174.36,9,Loyal,1.6666666666666667,58.120000000000005,1.6666666666666667
0,0.0,0,Low Risk,2,1.0,Mobile,1,25.0,Credit Card,Male,3.0,4,Mobile,5,Married,2,0,12.0,1.0,3.0,3.0,131.96,8,Hibernating,2.0,32.99,1.5
0,0.0,0,Low Risk,2,15.0,Computer,1,15.0,Credit Card,Female,3.0,3,Mobile Phone,1,Single,2,0,13.0,0.0,5.0,8.0,136.73,6,At Risk,0.1875,22.78833333333333,0.5
0,0.0,0,Low Risk,2,9.0,Mobile,1,12.0,Cash on Delivery,Male,4.0,4,Fashion,4,Single,2,0,14.0,1.0,2.0,14.0,205.95,9,Champions,0.4,68.64999999999999,1.4
0,0.0,0,Low Risk,3,30.0,Mobile,3,6.0,Cash on Delivery,Male,3.0,3,Fashion,2,Divorced,4,1,14.0,0.0,1.0,,219.04,12,Recent Customers,0.0967741935483871,109.52,
0,0.0,0,Low Risk,1,21.0,Computer,3,11.0,Credit Card,Male,3.0,4,Laptop & Accessory,3,Single,5,0,20.0,1.0,2.0,1.0,154.76,11,Loyal,0.1818181818181818,51.586666666666666,0.0454545454545454
0,0.0,0,Low Risk,2,7.0,Mobile,1,32.0,Debit Card,Male,3.0,5,Laptop & Accessory,4,Single,3,0,14.0,1.0,2.0,3.0,168.2,9,Loyal,0.625,56.06666666666666,0.375
0,0.0,0,Low Risk,3,19.0,Mobile,3,16.0,E wallet,Male,4.0,4,Fashion,5,Married,6,1,13.0,2.0,,3.0,232.61,14,Champions,0.2,232.61,0.15
0,0.0,0,Low Risk,2,2.0,Mobile,1,,Debit Card,Male,3.0,1,Mobile,3,Married,7,0,18.0,0.0,1.0,0.0,124.51,7,Recent Customers,0.3333333333333333,62.255,0.0
0,0.0,0,Low Risk,2,22.0,Mobile,1,22.0,UPI,Female,4.0,4,Mobile Phone,5,Married,10,0,13.0,8.0,8.0,7.0,148.67,9,At Risk,0.1739130434782608,16.51888888888889,0.3043478260869565
0,0.0,0,Low Risk,0,2.0,Computer,1,9.0,Debit Card,Male,3.0,5,Mobile Phone,1,Married,3,1,13.0,1.0,3.0,3.0,163.67,10,Loyal,1.6666666666666667,40.9175,1.0
0,0.0,0,Low Risk,2,,Mobile,1,6.0,Debit Card,Male,2.0,3,Mobile Phone,3,Divorced,2,0,22.0,0.0,1.0,1.0,112.23,6,Recent Customers,3.0,56.115,1.0
0,0.0,0,Low Risk,0,,Mobile,2,9.0,UPI,Male,2.0,3,Mobile,4,Married,4,1,11.0,0.0,1.0,3.0,122.77,5,Hibernating,3.0,61.385,3.0
0,0.0,0,Low Risk,2,8.0,Mobile,2,10.0,UPI,Male,3.0,4,Mobile Phone,2,Divorced,2,0,20.0,2.0,2.0,3.0,162.37,9,Loyal,0.4444444444444444,54.123333333333335,0.3333333333333333
0,0.0,0,Low Risk,2,1.0,Mobile,1,25.0,Credit Card,Male,3.0,4,Mobile,5,Divorced,2,0,12.0,1.0,3.0,3.0,131.96,8,Hibernating,2.0,32.99,1.5
1,1.0,1,High Risk,2,1.0,Mobile,1,9.0,Debit Card,Male,4.0,4,Mobile Phone,3,Single,4,0,12.0,1.0,2.0,1.0,159.85,11,Loyal,2.0,53.28333333333333,0.5
1,1.0,1,High Risk,0,,Computer,1,10.0,Cash on Delivery,Male,2.0,3,Mobile,2,Single,19,1,23.0,1.0,1.0,0.0,122.85,7,Recent Customers,3.0,61.425,0.0
0,0.0,0,Low Risk,2,12.0,Computer,1,13.0,Credit Card,Male,2.0,4,Others,1,Married,2,0,,6.0,13.0,3.0,292.72,14,Champions,0.3076923076923077,20.90857142857143,0.2307692307692307
1,1.0,1,High Risk,1,1.0,Mobile,2,25.0,UPI,Male,3.0,2,Mobile Phone,5,Married,2,0,18.0,2.0,2.0,1.0,154.56,11,Loyal,1.0,51.52,0.5
0,0.0,0,Low Risk,2,23.0,Mobile,1,10.0,Debit Card,Male,3.0,3,Others,4,Married,4,0,14.0,,1.0,6.0,291.44,9,Hibernating,0.125,145.72,0.25
0,0.0,0,Low Risk,2,1.0,Mobile,1,11.0,Credit Card,Male,3.0,2,Mobile Phone,5,Married,4,0,17.0,1.0,2.0,3.0,153.19,8,Hibernating,1.0,51.06333333333333,1.5
0,0.0,0,Low Risk,2,26.0,Mobile,1,30.0,Credit Card,Male,2.0,1,Fashion,1,Married,4,0,15.0,0.0,1.0,2.0,170.05,9,Recent Customers,0.037037037037037,85.025,0.074074074074074
0,0.0,0,Low Risk,0,8.0,Mobile,1,15.0,Debit Card,Female,3.0,4,Fashion,3,Married,2,1,20.0,3.0,5.0,15.0,206.85,9,Champions,0.4444444444444444,34.475,1.6666666666666667
0,0.0,0,Low Risk,1,14.0,Mobile,3,11.0,E wallet,Male,4.0,5,Fashion,1,Married,9,0,12.0,2.0,,12.0,233.55,11,Champions,0.3333333333333333,233.55,0.8
0,0.0,0,Low Risk,0,31.0,Mobile,1,9.0,Debit Card,Female,4.0,5,Grocery,1,Single,5,1,14.0,,5.0,4.0,262.26,12,Champions,0.15625,43.71,0.125
0,0.0,0,Low Risk,3,15.0,Mobile,3,11.0,E wallet,Female,3.0,4,Fashion,3,Married,2,1,14.0,6.0,14.0,,229.47,15,Champions,0.25,15.298,
0,0.0,0,Low Risk,1,6.0,Mobile,3,14.0,E wallet,Male,2.0,3,Laptop & Accessory,3,Married,1,0,12.0,0.0,1.0,2.0,171.04,9,Recent Customers,0.4285714285714285,85.52,0.2857142857142857
0,0.0,0,Low Risk,0,24.0,Mobile,1,9.0,Credit Card,Male,4.0,4,Others,3,Married,4,1,,5.0,8.0,8.0,317.37,12,Champions,0.16,35.263333333333335,0.32
0,0.0,0,Low Risk,2,9.0,Mobile,1,,Debit Card,Female,3.0,3,Mobile,3,Married,5,0,13.0,2.0,2.0,2.0,125.43,7,Recent Customers,0.3,41.81,0.2
0,0.0,0,Low Risk,2,2.0,Mobile,1,8.0,Cash on Delivery,Male,3.0,4,Mobile Phone,5,Single,4,0,12.0,2.0,2.0,3.0,145.8,7,Hibernating,1.3333333333333333,48.6,1.0
0,0.0,0,Low Risk,2,29.0,Mobile,1,9.0,Credit Card,Male,3.0,5,Others,5,Married,10,0,,1.0,2.0,1.0,315.38,14,Champions,0.1666666666666666,105.12666666666668,0.0333333333333333
0,0.0,0,Low Risk,0,0.0,Computer,1,,Credit Card,Male,3.0,4,Mobile,3,Married,2,1,15.0,0.0,1.0,1.0,125.66,6,Recent Customers,4.0,62.83,1.0
1,1.0,1,High Risk,0,21.0,Mobile,1,9.0,Debit Card,Male,3.0,4,Others,4,Single,9,1,,8.0,14.0,9.0,317.46,11,Champions,0.1818181818181818,21.164,0.4090909090909091
0,0.0,0,Low Risk,2,12.0,Mobile,1,8.0,Cash on Delivery,Female,3.0,4,Laptop & Accessory,3,Single,2,0,11.0,2.0,11.0,10.0,145.53,8,At Risk,0.3076923076923077,12.1275,0.7692307692307693
0,0.0,0,Low Risk,1,5.0,Mobile,3,10.0,Debit Card,Female,2.0,3,Mobile Phone,4,Divorced,3,0,11.0,1.0,1.0,2.0,139.31,6,Recent Customers,0.5,69.655,0.3333333333333333
0,0.0,0,Low Risk,1,31.0,Computer,3,9.0,Credit Card,Male,3.0,4,Grocery,4,Married,6,0,23.0,,15.0,15.0,287.91,11,Champions,0.125,17.994375,0.46875
0,0.0,0,Low Risk,1,2.0,Mobile,3,16.0,Credit Card,Male,2.0,4,Laptop & Accessory,3,Single,10,0,11.0,1.0,1.0,4.0,158.69,7,Hibernating,1.3333333333333333,79.345,1.3333333333333333
1,1.0,1,High Risk,3,0.0,Mobile,3,21.0,Credit Card,Male,2.0,5,Laptop & Accessory,1,Married,7,1,14.0,1.0,2.0,2.0,154.4,10,Loyal,5.0,51.46666666666667,2.0
1,1.0,1,High Risk,3,0.0,Mobile,3,33.0,Debit Card,Male,2.0,3,Laptop & Accessory,1,Single,2,1,18.0,0.0,7.0,7.0,158.13,10,Loyal,3.0,19.76625,7.0
0,0.0,0,Low Risk,3,29.0,Mobile,2,33.0,UPI,Male,4.0,2,Others,4,Married,6,1,,2.0,2.0,5.0,321.36,11,Champions,0.0666666666666666,107.12,0.1666666666666666
0,0.0,0,Low Risk,2,3.0,Computer,1,15.0,Credit Card,Male,,3,Laptop & Accessory,5,Married,2,0,11.0,5.0,6.0,10.0,130.72,7,At Risk,0.75,18.674285714285716,2.5
0,0.0,0,Low Risk,2,12.0,Mobile,1,9.0,Credit Card,Male,,4,Laptop & Accessory,3,Married,1,0,15.0,0.0,1.0,7.0,130.69,4,Hibernating,0.3076923076923077,65.345,0.5384615384615384
0,0.0,0,Low Risk,2,9.0,Computer,1,11.0,UPI,Male,3.0,5,Mobile Phone,1,Married,3,0,14.0,2.0,3.0,3.0,148.76,9,Hibernating,0.5,37.19,0.3
0,0.0,0,Low Risk,2,17.0,Mobile,1,13.0,Credit Card,Female,3.0,5,Others,3,Married,9,0,,4.0,7.0,15.0,318.92,11,Champions,0.2777777777777778,39.865,0.8333333333333334
0,0.0,0,Low Risk,0,1.0,Mobile,1,9.0,UPI,Male,3.0,4,Mobile Phone,3,Married,8,1,20.0,1.0,2.0,3.0,164.77,9,Loyal,2.0,54.92333333333334,1.5
0,0.0,0,Low Risk,2,10.0,Computer,1,10.0,Cash on Delivery,Male,3.0,4,Mobile Phone,4,Married,3,0,13.0,1.0,2.0,8.0,161.92,7,Loyal,0.3636363636363636,53.97333333333333,0.7272727272727273
0,0.0,0,Low Risk,2,3.0,Mobile,1,22.0,Debit Card,Male,2.0,1,Laptop & Accessory,3,Married,4,0,16.0,1.0,1.0,7.0,152.94,5,Hibernating,0.25,76.47,1.75
0,0.0,0,Low Risk,2,19.0,Mobile,1,13.0,Credit Card,Male,3.0,3,Fashion,3,Married,7,0,13.0,1.0,1.0,7.0,208.45,8,Hibernating,0.15,104.225,0.35
0,0.0,0,Low Risk,0,10.0,Mobile,1,16.0,Debit Card,Male,2.0,3,Laptop & Accessory,4,Single,3,1,12.0,0.0,1.0,1.0,141.97,7,Recent Customers,0.2727272727272727,70.985,0.0909090909090909
0,0.0,0,Low Risk,2,13.0,Mobile,1,13.0,Credit Card,Male,3.0,5,Fashion,5,Married,6,0,16.0,2.0,2.0,,224.91,14,Champions,0.3571428571428571,74.97,
0,0.0,0,Low Risk,2,4.0,Mobile,1,23.0,Debit Card,Male,3.0,2,Laptop & Accessory,3,Married,5,0,17.0,2.0,2.0,8.0,177.94,8,Loyal,0.4,59.31333333333333,1.6
0,0.0,0,Low Risk,1,30.0,Computer,3,8.0,Credit Card,Male,2.0,3,Grocery,4,Married,5,0,22.0,,14.0,14.0,262.91,11,Champions,0.0967741935483871,17.527333333333335,0.4516129032258064
1,1.0,1,High Risk,0,,Mobile,2,26.0,Credit Card,Female,3.0,3,Mobile,4,Married,1,1,11.0,0.0,1.0,4.0,121.48,4,Hibernating,3.0,60.74,4.0
0,0.0,0,Low Risk,2,10.0,Mobile,1,9.0,Debit Card,Female,4.0,4,Mobile Phone,3,Married,6,0,14.0,3.0,3.0,3.0,150.43,9,Hibernating,0.3636363636363636,37.6075,0.2727272727272727
0,0.0,0,Low Risk,1,12.0,Mobile,3,16.0,E wallet,Male,4.0,5,Mobile Phone,4,Married,2,0,20.0,1.0,2.0,3.0,153.99,9,Loyal,0.3846153846153846,51.330000000000005,0.2307692307692307
0,0.0,0,Low Risk,2,18.0,Mobile,1,6.0,UPI,Male,3.0,1,Others,1,Married,1,0,,1.0,1.0,7.0,292.02,9,Hibernating,0.0526315789473684,146.01,0.3684210526315789
0,0.0,0,Low Risk,2,5.0,Mobile,1,9.0,Debit Card,Male,4.0,4,Mobile Phone,3,Married,3,0,15.0,1.0,2.0,4.0,159.77,9,Loyal,0.6666666666666666,53.25666666666667,0.6666666666666666
0,0.0,0,Low Risk,1,19.0,Mobile,3,10.0,E wallet,Female,2.0,4,Others,4,Divorced,3,0,14.0,,1.0,8.0,287.89,8,Hibernating,0.2,143.945,0.4
0,0.0,0,Low Risk,0,3.0,Mobile,1,15.0,Credit Card,Male,4.0,5,Laptop & Accessory,1,Married,3,1,16.0,2.0,2.0,3.0,175.56,10,Loyal,1.25,58.52,0.75
0,0.0,0,Low Risk,2,16.0,Mobile,1,17.0,Debit Card,Male,1.0,3,Fashion,3,Married,2,0,17.0,1.0,1.0,9.0,175.1,7,Hibernating,0.1764705882352941,87.55,0.5294117647058824
0,0.0,0,Low Risk,0,9.0,Mobile,1,7.0,Cash on Delivery,Female,3.0,5,Fashion,5,Married,3,1,21.0,7.0,7.0,7.0,202.52,11,Champions,0.5,25.315,0.7
0,0.0,0,Low Risk,2,11.0,Mobile,1,8.0,Debit Card,Male,2.0,3,Laptop & Accessory,3,Married,10,0,14.0,1.0,1.0,0.0,165.53,10,Recent Customers,0.25,82.765,0.0
0,0.0,0,Low Risk,0,9.0,Computer,1,12.0,Debit Card,Male,3.0,1,Laptop & Accessory,5,Married,4,1,13.0,0.0,1.0,2.0,155.62,9,Recent Customers,0.1,77.81,0.2
0,0.0,0,Low Risk,3,8.0,Mobile,3,10.0,Credit Card,Female,4.0,5,Laptop & Accessory,1,Married,5,1,13.0,1.0,2.0,2.0,206.03,12,Champions,0.5555555555555556,68.67666666666666,0.2222222222222222
0,0.0,0,Low Risk,0,4.0,Mobile,1,13.0,Credit Card,Female,2.0,3,Fashion,2,Single,2,1,14.0,2.0,4.0,10.0,171.43,8,Loyal,0.6,34.286,2.0
1,1.0,1,High Risk,1,,Computer,3,6.0,Debit Card,Female,2.0,5,Mobile Phone,3,Single,2,0,12.0,1.0,1.0,0.0,113.59,7,Recent Customers,5.0,56.795,0.0
0,0.0,0,Low Risk,1,9.0,Computer,3,16.0,Credit Card,Male,2.0,3,Fashion,2,Single,2,0,14.0,1.0,9.0,7.0,199.8,11,Champions,0.3,19.98,0.7
0,0.0,0,Low Risk,2,22.0,Mobile,1,13.0,Debit Card,Male,4.0,5,Laptop & Accessory,3,Single,4,0,14.0,1.0,3.0,3.0,167.4,10,Loyal,0.217391304347826,41.85,0.1304347826086956
0,0.0,0,Low Risk,2,1.0,Mobile,1,16.0,Credit Card,Male,4.0,2,Mobile Phone,3,Married,3,0,17.0,1.0,2.0,5.0,169.01,8,Loyal,1.0,56.336666666666666,2.5
1,1.0,1,High Risk,2,1.0,Computer,1,35.0,Debit Card,Male,4.0,5,Laptop & Accessory,5,Single,5,0,21.0,1.0,2.0,4.0,167.84,9,Loyal,2.5,55.946666666666665,2.0
0,0.0,0,Low Risk,1,0.0,Mobile,3,13.0,Debit Card,Male,2.0,4,Fashion,2,Married,10,0,21.0,1.0,1.0,,215.57,12,Recent Customers,4.0,107.785,
0,0.0,0,Low Risk,1,8.0,Mobile,3,7.0,E wallet,Male,3.0,4,Fashion,1,Single,3,0,22.0,2.0,3.0,,223.88,14,Champions,0.4444444444444444,55.97,
0,0.0,0,Low Risk,2,8.0,Mobile,2,14.0,Cash on Delivery,Male,3.0,3,Mobile Phone,3,Single,2,0,17.0,0.0,1.0,4.0,143.23,5,Hibernating,0.3333333333333333,71.615,0.4444444444444444
1,1.0,1,High Risk,2,4.0,Mobile,1,18.0,Cash on Delivery,Female,2.0,3,Others,3,Divorced,2,0,,9.0,15.0,8.0,295.45,12,Champions,0.6,18.465625,1.6
0,0.0,0,Low Risk,3,16.0,Mobile,3,22.0,E wallet,Female,3.0,3,Grocery,1,Married,6,1,22.0,0.0,,9.0,260.64,11,Champions,0.1764705882352941,260.64,0.5294117647058824
0,0.0,0,Low Risk,3,4.0,Mobile,3,8.0,Debit Card,Male,3.0,3,Laptop & Accessory,2,Single,5,1,13.0,1.0,1.0,5.0,165.82,7,Hibernating,0.6,82.91,1.0
0,0.0,0,Low Risk,0,14.0,Computer,1,8.0,UPI,Female,3.0,4,Laptop & Accessory,3,Single,3,1,17.0,0.0,1.0,7.0,168.11,7,Hibernating,0.2666666666666666,84.055,0.4666666666666667
0,0.0,0,Low Risk,2,1.0,Mobile,1,24.0,Credit Card,Female,3.0,5,Laptop & Accessory,3,Married,3,0,16.0,3.0,4.0,3.0,168.77,10,Loyal,2.5,33.754000000000005,1.5
1,1.0,1,High Risk,0,1.0,Mobile,1,11.0,Cash on Delivery,Male,3.0,4,Mobile Phone,2,Divorced,3,1,16.0,6.0,6.0,7.0,161.91,10,Loyal,2.0,23.13,3.5
0,0.0,0,Low Risk,1,5.0,Computer,3,9.0,UPI,Male,3.0,4,Laptop & Accessory,5,Single,9,0,14.0,1.0,2.0,4.0,178.32,10,Loyal,0.6666666666666666,59.44,0.6666666666666666
0,0.0,0,Low Risk,2,15.0,Mobile,1,8.0,Debit Card,Male,2.0,3,Others,3,Married,6,0,11.0,,4.0,14.0,288.8,10,Champions,0.1875,57.760000000000005,0.875
0,0.0,0,Low Risk,0,10.0,Mobile,1,12.0,Credit Card,Male,2.0,1,Laptop & Accessory,5,Married,5,1,13.0,6.0,6.0,7.0,159.74,10,Loyal,0.0909090909090909,22.82,0.6363636363636364
0,0.0,0,Low Risk,0,8.0,Computer,1,10.0,Debit Card,Male,2.0,3,Laptop & Accessory,3,Single,2,1,11.0,1.0,1.0,1.0,142.49,7,Recent Customers,0.3333333333333333,71.245,0.1111111111111111
0,0.0,0,Low Risk,2,1.0,Mobile,1,7.0,Debit Card,Male,3.0,4,Mobile Phone,3,Divorced,3,0,23.0,1.0,2.0,2.0,137.23,7,Recent Customers,2.0,45.74333333333333,1.0
0,0.0,0,Low Risk,1,10.0,Computer,3,15.0,Cash on Delivery,Male,3.0,4,Laptop & Accessory,2,Married,6,0,14.0,2.0,2.0,8.0,175.79,8,Loyal,0.3636363636363636,58.59666666666666,0.7272727272727273
0,0.0,0,Low Risk,0,15.0,Mobile,1,19.0,Debit Card,Male,3.0,4,Mobile Phone,2,Divorced,5,1,12.0,2.0,2.0,1.0,172.66,11,Loyal,0.25,57.553333333333335,0.0625
1,0.2299332916736602,1,Low Risk,2,17.0,Mobile,1,9.0,Cash on Delivery,Female,4.0,5,Fashion,1,Married,2,0,17.0,1.0,2.0,,226.69,14,Champions,0.2777777777777778,75.56333333333333,
0,0.0,0,Low Risk,2,3.0,Mobile,1,35.0,Debit Card,Female,4.0,4,Mobile Phone,1,Married,6,0,23.0,2.0,2.0,8.0,150.14,6,At Risk,1.0,50.04666666666666,2.0
0,0.0,0,Low Risk,1,1.0,Mobile,3,10.0,UPI,Female,3.0,4,Laptop & Accessory,3,Married,2,0,22.0,1.0,2.0,3.0,174.99,10,Loyal,2.0,58.330000000000005,1.5
0,0.0,0,Low Risk,2,5.0,Mobile,1,8.0,Credit Card,Male,2.0,3,Laptop & Accessory,4,Married,1,0,13.0,0.0,1.0,6.0,154.7,7,Hibernating,0.5,77.35,1.0
0,0.0,0,Low Risk,1,8.0,Mobile,3,10.0,Debit Card,Female,3.0,6,Laptop & Accessory,1,Single,7,0,13.0,2.0,3.0,3.0,185.29,11,Champions,0.6666666666666666,46.3225,0.3333333333333333
0,0.0,0,Low Risk,1,9.0,Mobile,3,10.0,Debit Card,Male,4.0,4,Fashion,2,Married,8,0,14.0,1.0,2.0,9.0,203.23,9,Champions,0.4,67.74333333333333,0.9
0,0.0,0,Low Risk,2,9.0,Computer,1,10.0,Debit Card,Female,3.0,3,Laptop & Accessory,4,Married,8,0,13.0,1.0,1.0,2.0,151.31,7,Recent Customers,0.3,75.655,0.2
1,1.0,1,High Risk,2,1.0,Mobile,1,15.0,Debit Card,Female,3.0,5,Mobile Phone,4,Single,3,0,13.0,1.0,2.0,1.0,137.61,7,Recent Customers,2.5,45.870000000000005,0.5
0,0.0,0,Low Risk,2,7.0,Mobile,1,8.0,Debit Card,Male,,4,Mobile,3,Married,4,0,12.0,5.0,5.0,7.0,127.68,7,At Risk,0.5,21.28,0.875
0,0.0,0,Low Risk,1,0.0,Mobile,3,10.0,E wallet,Male,2.0,4,Laptop & Accessory,5,Married,2,0,12.0,1.0,1.0,3.0,142.56,6,Hibernating,4.0,71.28,3.0
0,0.0,0,Low Risk,2,12.0,Mobile,2,9.0,UPI,Female,2.0,1,Laptop & Accessory,4,Married,10,0,15.0,0.0,3.0,6.0,163.89,9,Loyal,0.0769230769230769,40.9725,0.4615384615384615
0,0.0,0,Low Risk,2,,Mobile,1,13.0,Debit Card,Male,2.0,3,Mobile,5,Single,4,0,14.0,0.0,1.0,2.0,120.62,6,Recent Customers,3.0,60.31,2.0
0,0.0,0,Low Risk,0,12.0,Mobile,1,9.0,Debit Card,Male,3.0,4,Mobile Phone,1,Single,7,1,12.0,1.0,2.0,3.0,164.44,9,Loyal,0.3076923076923077,54.81333333333333,0.2307692307692307
0,0.0,0,Low Risk,1,13.0,Mobile,3,15.0,Credit Card,Male,2.0,3,Laptop & Accessory,5,Married,1,0,12.0,7.0,7.0,1.0,154.73,13,Loyal,0.2142857142857142,19.34125,0.0714285714285714
0,0.0,0,Low Risk,2,7.0,Computer,1,9.0,Debit Card,Male,,4,Mobile,1,Married,4,0,17.0,0.0,1.0,0.0,129.79,7,Recent Customers,0.5,64.895,0.0
0,0.0,0,Low Risk,1,8.0,Mobile,3,10.0,Debit Card,Female,3.0,6,Laptop & Accessory,1,Single,7,0,13.0,3.0,3.0,3.0,185.29,11,Champions,0.6666666666666666,46.3225,0.3333333333333333
0,0.0,0,Low Risk,0,0.0,Computer,1,32.0,UPI,Female,,4,Mobile,3,Married,2,1,14.0,1.0,1.0,3.0,128.14,5,Hibernating,4.0,64.07,3.0
0,0.0,0,Low Risk,1,7.0,Mobile,3,14.0,Cash on Delivery,Male,3.0,1,Laptop & Accessory,3,Married,2,0,21.0,2.0,4.0,8.0,167.99,8,Loyal,0.125,33.598,1.0
1,1.0,1,High Risk,0,15.0,Mobile,1,11.0,Debit Card,Male,3.0,4,Mobile Phone,3,Married,11,1,13.0,1.0,3.0,8.0,149.61,7,At Risk,0.25,37.4025,0.5
1,1.0,1,High Risk,3,4.0,Mobile,3,26.0,E wallet,Female,,3,Mobile,4,Single,2,1,22.0,0.0,1.0,2.0,131.4,6,Recent Customers,0.6,65.7,0.4
0,0.0,0,Low Risk,2,12.0,Mobile,1,24.0,Debit Card,Female,4.0,5,Fashion,3,Divorced,2,0,19.0,1.0,2.0,,213.23,14,Champions,0.3846153846153846,71.07666666666667,
0,0.0,0,Low Risk,3,17.0,Mobile,3,6.0,E wallet,Female,3.0,3,Laptop & Accessory,5,Married,6,1,21.0,1.0,1.0,3.0,154.54,8,Hibernating,0.1666666666666666,77.27,0.1666666666666666
0,0.0,0,Low Risk,2,8.0,Mobile,1,8.0,Debit Card,Male,2.0,4,Fashion,4,Married,3,0,18.0,2.0,6.0,4.0,202.74,12,Champions,0.4444444444444444,28.962857142857143,0.4444444444444444
0,0.0,0,Low Risk,2,25.0,Mobile,1,7.0,Debit Card,Male,4.0,4,Mobile Phone,2,Divorced,3,0,12.0,2.0,2.0,1.0,152.23,10,Hibernating,0.1538461538461538,50.74333333333333,0.0384615384615384
0,0.1836307495832443,0,Low Risk,1,2.0,Mobile,3,,Debit Card,Male,2.0,3,Mobile,3,Single,2,0,11.0,0.0,1.0,0.0,126.42,7,Recent Customers,1.0,63.21,0.0
0,0.0,0,Low Risk,1,30.0,Computer,3,34.0,E wallet,Female,3.0,4,Fashion,5,Married,5,0,19.0,3.0,13.0,11.0,202.66,10,Champions,0.1290322580645161,14.475714285714286,0.3548387096774194
0,0.0,0,Low Risk,2,1.0,Mobile,1,31.0,Credit Card,Male,3.0,4,Mobile Phone,4,Single,10,0,23.0,2.0,2.0,3.0,160.97,9,Loyal,2.0,53.656666666666666,1.5
0,0.0,0,Low Risk,2,6.0,Mobile,1,9.0,Credit Card,Female,4.0,4,Mobile Phone,4,Married,3,0,14.0,1.0,2.0,8.0,148.7,5,Hibernating,0.5714285714285714,49.56666666666666,1.1428571428571428
0,0.0,0,Low Risk,2,,Mobile,1,12.0,Credit Card,Female,3.0,4,Mobile,3,Married,1,0,12.0,0.0,1.0,3.0,121.87,5,Hibernating,4.0,60.935,3.0
0,0.0,0,Low Risk,1,3.0,Mobile,3,33.0,E wallet,Male,2.0,3,Laptop & Accessory,2,Married,8,0,23.0,4.0,7.0,7.0,153.04,9,At Risk,0.75,19.13,1.75
1,1.0,1,High Risk,0,0.0,Mobile,1,8.0,Credit Card,Male,2.0,5,Mobile,2,Divorced,6,1,13.0,2.0,2.0,2.0,134.64,7,Recent Customers,5.0,44.88,2.0
0,0.0,0,Low Risk,2,11.0,Mobile,1,21.0,Debit Card,Female,4.0,4,Mobile Phone,5,Married,3,0,13.0,11.0,13.0,18.0,155.34,9,Loyal,0.3333333333333333,11.095714285714283,1.5
0,0.0,0,Low Risk,0,0.0,Computer,1,22.0,Credit Card,Male,,1,Mobile,1,Married,2,1,13.0,0.0,1.0,0.0,129.35,7,Recent Customers,1.0,64.675,0.0
0,0.0,0,Low Risk,1,25.0,Computer,3,126.0,Debit Card,Male,2.0,3,Mobile,1,Married,3,0,15.0,1.0,1.0,0.0,134.82,7,Recent Customers,0.1153846153846153,67.41,0.0
0,0.0,0,Low Risk,2,28.0,Mobile,1,6.0,Credit Card,Male,2.0,1,Grocery,2,Married,3,0,13.0,1.0,,0.0,247.32,15,Champions,0.0344827586206896,247.32,0.0
0,0.0,0,Low Risk,1,4.0,Computer,3,8.0,UPI,Male,2.0,3,Laptop & Accessory,5,Single,8,0,13.0,1.0,1.0,3.0,153.32,6,Hibernating,0.6,76.66,0.6
0,0.0,0,Low Risk,3,30.0,Mobile,3,13.0,E wallet,Male,2.0,1,Laptop & Accessory,1,Married,1,1,18.0,0.0,1.0,9.0,152.2,4,Hibernating,0.032258064516129,76.1,0.2903225806451613
0,0.0,0,Low Risk,2,9.0,Mobile,1,17.0,UPI,Male,3.0,4,Mobile Phone,1,Married,3,0,21.0,1.0,2.0,3.0,164.17,9,Loyal,0.4,54.72333333333333,0.3
0,0.0,0,Low Risk,2,0.0,Mobile,1,,Credit Card,Male,2.0,3,Mobile,5,Married,2,0,14.0,1.0,1.0,2.0,125.0,6,Recent Customers,3.0,62.5,2.0
1,1.0,1,High Risk,2,8.0,Mobile,1,22.0,Credit Card,Female,4.0,4,Fashion,2,Divorced,3,0,12.0,1.0,2.0,6.0,204.78,10,Champions,0.4444444444444444,68.26,0.6666666666666666
0,0.0,0,Low Risk,1,7.0,Mobile,3,17.0,E wallet,Male,3.0,4,Laptop & Accessory,3,Single,3,0,15.0,1.0,2.0,10.0,179.87,8,Loyal,0.5,59.95666666666667,1.25
0,0.1407804191112518,0,Low Risk,2,1.0,Mobile,1,9.0,Debit Card,Female,3.0,4,Mobile Phone,5,Married,3,0,14.0,2.0,2.0,1.0,148.41,8,Recent Customers,2.0,49.47,0.5
0,0.0,0,Low Risk,1,9.0,Computer,3,14.0,Cash on Delivery,Male,2.0,3,Laptop & Accessory,2,Married,5,0,13.0,1.0,1.0,7.0,150.79,5,Hibernating,0.3,75.395,0.7
0,0.0,0,Low Risk,0,7.0,Computer,1,16.0,Credit Card,Male,2.0,3,Mobile Phone,3,Married,2,1,17.0,2.0,2.0,0.0,138.15,8,Recent Customers,0.375,46.05,0.0
0,0.0,0,Low Risk,2,14.0,Mobile,1,19.0,Debit Card,Female,3.0,4,Laptop & Accessory,5,Married,4,0,13.0,8.0,8.0,8.0,169.48,10,Loyal,0.2666666666666666,18.83111111111111,0.5333333333333333
0,0.0,0,Low Risk,1,7.0,Mobile,3,6.0,E wallet,Male,2.0,3,Fashion,1,Single,2,0,21.0,1.0,2.0,1.0,198.88,13,Champions,0.375,66.29333333333334,0.125
0,0.0,0,Low Risk,1,27.0,Mobile,3,9.0,E wallet,Female,2.0,3,Laptop & Accessory,5,Married,3,0,14.0,1.0,1.0,5.0,159.4,7,Hibernating,0.1071428571428571,79.7,0.1785714285714285
0,0.0,0,Low Risk,2,26.0,Mobile,1,15.0,UPI,Female,3.0,4,Mobile Phone,5,Married,11,0,14.0,2.0,2.0,5.0,154.5,8,Loyal,0.1481481481481481,51.5,0.1851851851851851
0,0.0,0,Low Risk,0,1.0,Mobile,1,30.0,Credit Card,Male,3.0,3,Mobile Phone,2,Divorced,3,1,12.0,1.0,2.0,5.0,152.25,7,At Risk,1.5,50.75,2.5
1,1.0,1,High Risk,0,1.0,Mobile,1,11.0,Cash on Delivery,Male,3.0,4,Mobile Phone,1,Married,3,1,16.0,5.0,6.0,7.0,161.91,10,Loyal,2.0,23.13,3.5
0,0.0,0,Low Risk,0,12.0,Mobile,1,9.0,Credit Card,Male,4.0,4,Mobile Phone,3,Divorced,8,1,14.0,1.0,2.0,2.0,155.57,10,Loyal,0.3076923076923077,51.85666666666666,0.1538461538461538
0,0.0,0,Low Risk,1,25.0,Computer,3,9.0,E wallet,Male,3.0,4,Fashion,4,Divorced,4,0,12.0,1.0,4.0,,230.96,14,Champions,0.1538461538461538,46.192,
0,0.0,0,Low Risk,2,7.0,Mobile,1,20.0,Debit Card,Female,3.0,4,Mobile Phone,1,Single,5,0,19.0,2.0,2.0,3.0,159.52,9,Loyal,0.5,53.17333333333334,0.375
0,0.0,0,Low Risk,2,13.0,Mobile,1,10.0,Credit Card,Male,4.0,5,Laptop & Accessory,3,Married,2,0,16.0,1.0,2.0,8.0,155.69,7,Loyal,0.3571428571428571,51.89666666666667,0.5714285714285714
0,0.0,0,Low Risk,2,5.0,Computer,1,7.0,Credit Card,Male,3.0,6,Laptop & Accessory,3,Married,2,0,13.0,1.0,2.0,5.0,168.45,8,Loyal,1.0,56.15,0.8333333333333334
0,0.0,0,Low Risk,2,13.0,Computer,1,15.0,Debit Card,Female,3.0,4,Mobile Phone,3,Divorced,3,0,12.0,1.0,2.0,8.0,162.55,7,Loyal,0.2857142857142857,54.18333333333334,0.5714285714285714
0,0.0,0,Low Risk,1,5.0,Computer,3,14.0,E wallet,Female,2.0,3,Fashion,2,Single,2,0,14.0,2.0,3.0,7.0,189.98,10,Champions,0.5,47.495,1.1666666666666667
0,0.0,0,Low Risk,2,5.0,Computer,1,7.0,Debit Card,Male,3.0,6,Laptop & Accessory,5,Married,3,0,22.0,2.0,9.0,8.0,175.03,11,Champions,1.0,17.503,1.3333333333333333
0,0.0,0,Low Risk,0,18.0,Mobile,1,17.0,UPI,Male,3.0,4,Laptop & Accessory,1,Married,4,1,14.0,1.0,2.0,4.0,189.65,10,Loyal,0.2105263157894736,63.21666666666667,0.2105263157894736
0,0.0,0,Low Risk,1,20.0,Mobile,2,8.0,Debit Card,Female,3.0,4,Mobile Phone,5,Single,8,0,13.0,3.0,6.0,8.0,159.23,9,Loyal,0.1904761904761904,22.74714285714285,0.3809523809523809
0,0.0,0,Low Risk,0,10.0,Mobile,1,21.0,Debit Card,Male,4.0,4,Laptop & Accessory,2,Divorced,2,1,18.0,5.0,5.0,12.0,190.86,9,Champions,0.3636363636363636,31.81,1.0909090909090908
0,0.0,0,Low Risk,0,17.0,Mobile,1,13.0,Credit Card,Female,2.0,3,Others,1,Married,1,1,14.0,,1.0,10.0,290.49,8,Hibernating,0.1666666666666666,145.245,0.5555555555555556
0,0.0,0,Low Risk,1,8.0,Mobile,3,24.0,Credit Card,Male,3.0,3,Laptop & Accessory,5,Married,1,0,16.0,0.0,1.0,4.0,0.0,4,Hibernating,0.3333333333333333,0.0,0.4444444444444444
1,1.0,1,High Risk,2,1.0,Mobile,1,32.0,Cash on Delivery,Female,4.0,5,Mobile Phone,4,Divorced,7,0,17.0,1.0,2.0,2.0,150.46,9,Hibernating,2.5,50.153333333333336,1.0
0,0.0,0,Low Risk,2,10.0,Mobile,1,17.0,Cash on Delivery,Female,4.0,4,Fashion,3,Married,5,0,13.0,2.0,2.0,8.0,195.94,9,Champions,0.3636363636363636,65.31333333333333,0.7272727272727273
0,0.0,0,Low Risk,1,13.0,Mobile,3,8.0,E wallet,Female,2.0,3,Laptop & Accessory,4,Married,8,0,12.0,0.0,1.0,3.0,157.15,8,Hibernating,0.2142857142857142,78.575,0.2142857142857142
0,0.0,0,Low Risk,0,14.0,Mobile,1,15.0,Debit Card,Female,4.0,4,Laptop & Accessory,5,Married,4,1,17.0,2.0,2.0,1.0,190.16,12,Loyal,0.2666666666666666,63.38666666666666,0.0666666666666666
1,1.0,1,High Risk,2,,Mobile,1,31.0,Debit Card,Male,2.0,5,Mobile,3,Single,2,0,12.0,0.0,1.0,1.0,122.93,6,Recent Customers,5.0,61.465,1.0
0,0.0,0,Low Risk,0,23.0,Mobile,1,34.0,Debit Card,Female,2.0,3,Grocery,5,Divorced,5,1,11.0,,1.0,2.0,268.8,11,Recent Customers,0.125,134.4,0.0833333333333333
0,0.0,0,Low Risk,0,15.0,Mobile,1,6.0,Debit Card,Female,2.0,4,Laptop & Accessory,2,Divorced,10,1,13.0,0.0,1.0,2.0,160.62,9,Recent Customers,0.25,80.31,0.125
0,0.0,0,Low Risk,2,16.0,Mobile,1,20.0,Debit Card,Male,3.0,3,Grocery,5,Divorced,7,0,24.0,,1.0,0.0,271.59,12,Recent Customers,0.1764705882352941,135.795,0.0
1,1.0,1,High Risk,0,0.0,Mobile,1,6.0,Credit Card,Male,2.0,3,Mobile Phone,1,Married,10,1,14.0,2.0,2.0,2.0,147.87,8,Recent Customers,3.0,49.29,2.0
0,0.0,0,Low Risk,3,24.0,Mobile,3,27.0,E wallet,Male,3.0,3,Laptop & Accessory,1,Single,1,1,22.0,0.0,1.0,0.0,154.41,10,Recent Customers,0.12,77.205,0.0
0,0.0,0,Low Risk,1,12.0,Computer,3,27.0,Debit Card,Female,2.0,5,Laptop & Accessory,3,Married,7,0,19.0,0.0,1.0,2.0,157.36,9,Recent Customers,0.3846153846153846,78.68,0.1538461538461538
0,0.0,0,Low Risk,2,13.0,Mobile,1,12.0,Debit Card,Female,3.0,3,Grocery,3,Single,8,0,15.0,4.0,,13.0,232.37,11,Champions,0.2142857142857142,232.37,0.9285714285714286
0,0.0,0,Low Risk,3,0.0,Mobile,3,16.0,E wallet,Female,3.0,3,Laptop & Accessory,3,Married,2,1,12.0,0.0,1.0,3.0,142.6,6,Hibernating,3.0,71.3,3.0
0,0.0,0,Low Risk,2,,Mobile,1,21.0,Debit Card,Male,2.0,3,Mobile,3,Married,2,0,16.0,2.0,2.0,2.0,122.07,7,Recent Customers,3.0,40.69,2.0
0,0.0,0,Low Risk,2,24.0,Mobile,1,24.0,Debit Card,Female,3.0,5,Fashion,5,Married,7,0,16.0,1.0,,12.0,257.69,11,Champions,0.2,257.69,0.48
0,0.0,0,Low Risk,2,1.0,Computer,1,11.0,Debit Card,Male,3.0,5,Mobile Phone,1,Married,2,0,18.0,1.0,4.0,5.0,156.62,9,Loyal,2.5,31.324,2.5
0,0.0,0,Low Risk,2,18.0,Mobile,1,35.0,Debit Card,Male,3.0,4,Grocery,5,Married,5,0,14.0,,15.0,18.0,288.28,11,Champions,0.2105263157894736,18.0175,0.9473684210526316
0,0.0,0,Low Risk,1,19.0,Mobile,3,27.0,Debit Card,Female,3.0,4,Laptop & Accessory,3,Single,10,0,16.0,1.0,2.0,2.0,173.5,11,Loyal,0.2,57.833333333333336,0.1
0,0.0,0,Low Risk,1,26.0,Mobile,3,10.0,E wallet,Male,3.0,5,Grocery,5,Divorced,3,0,,2.0,2.0,17.0,293.56,10,Champions,0.1851851851851851,97.85333333333334,0.6296296296296297
1,1.0,1,High Risk,0,1.0,Computer,1,12.0,Credit Card,Female,3.0,5,Mobile Phone,3,Married,3,1,15.0,1.0,2.0,8.0,148.66,5,Hibernating,2.5,49.553333333333335,4.0
0,0.0,0,Low Risk,1,12.0,Mobile,3,7.0,Debit Card,Female,3.0,5,Laptop & Accessory,1,Single,6,0,23.0,1.0,2.0,,211.86,14,Champions,0.3846153846153846,70.62,
0,0.0,0,Low Risk,1,8.0,Computer,3,6.0,E wallet,Female,3.0,3,Fashion,3,Single,2,0,14.0,1.0,1.0,8.0,187.89,7,Hibernating,0.3333333333333333,93.945,0.8888888888888888
0,0.0,0,Low Risk,3,60.0,Mobile,3,27.0,Debit Card,Female,3.0,3,Grocery,1,Married,5,1,13.0,,1.0,0.0,278.75,12,Recent Customers,0.0491803278688524,139.375,0.0
0,0.0,0,Low Risk,3,20.0,Mobile,3,20.0,Credit Card,Female,3.0,3,Laptop & Accessory,3,Married,4,1,17.0,1.0,1.0,2.0,145.91,7,Recent Customers,0.1428571428571428,72.955,0.0952380952380952
1,1.0,1,High Risk,0,0.0,Mobile,1,11.0,Cash on Delivery,Male,2.0,3,Mobile,3,Single,2,1,13.0,2.0,2.0,2.0,134.41,7,Recent Customers,3.0,44.803333333333335,2.0
0,0.0,0,Low Risk,0,1.0,Computer,1,9.0,Cash on Delivery,Female,3.0,4,Mobile Phone,1,Single,3,1,14.0,2.0,2.0,4.0,162.6,9,Loyal,2.0,54.2,2.0
0,0.0,0,Low Risk,1,13.0,Mobile,3,16.0,E wallet,Male,3.0,4,Fashion,4,Married,3,0,12.0,0.0,1.0,0.0,197.05,11,Recent Customers,0.2857142857142857,98.525,0.0
1,1.0,1,High Risk,0,1.0,Mobile,1,7.0,Debit Card,Female,3.0,5,Mobile Phone,5,Married,3,1,12.0,1.0,2.0,1.0,148.19,8,Recent Customers,2.5,49.39666666666667,0.5
0,0.0,0,Low Risk,2,10.0,Mobile,1,25.0,Debit Card,Male,,3,Mobile,4,Married,5,0,21.0,0.0,1.0,0.0,130.22,7,Recent Customers,0.2727272727272727,65.11,0.0
0,0.0,0,Low Risk,2,10.0,Mobile,1,14.0,UPI,Male,4.0,4,Mobile Phone,2,Single,4,0,19.0,1.0,2.0,2.0,171.78,10,Loyal,0.3636363636363636,57.26,0.1818181818181818
0,0.0,0,Low Risk,2,4.0,Computer,1,6.0,Debit Card,Female,3.0,3,Laptop & Accessory,5,Divorced,2,0,12.0,1.0,1.0,3.0,141.48,6,Hibernating,0.6,70.74,0.6
0,0.0,0,Low Risk,2,30.0,Mobile,1,13.0,Debit Card,Female,2.0,3,Others,5,Married,6,0,,1.0,11.0,10.0,295.66,11,Champions,0.0967741935483871,24.638333333333332,0.3225806451612903
0,0.0,0,Low Risk,1,14.0,Mobile,3,14.0,Credit Card,Male,3.0,4,Others,4,Single,3,0,15.0,13.0,13.0,9.0,323.33,11,Champions,0.2666666666666666,23.095,0.6
0,0.0,0,Low Risk,1,17.0,Computer,3,22.0,Debit Card,Male,3.0,5,Laptop & Accessory,1,Married,5,0,19.0,2.0,3.0,3.0,193.04,11,Champions,0.2777777777777778,48.26,0.1666666666666666
1,1.0,1,High Risk,2,20.0,Mobile,1,,Cash on Delivery,Male,2.0,3,Mobile,3,Single,5,0,24.0,1.0,1.0,0.0,124.79,7,Recent Customers,0.1428571428571428,62.395,0.0
0,0.0,0,Low Risk,1,7.0,Computer,3,15.0,Debit Card,Female,3.0,5,Mobile Phone,2,Single,2,0,20.0,3.0,3.0,3.0,148.42,9,Hibernating,0.625,37.105,0.375
0,0.0,0,Low Risk,2,8.0,Computer,1,10.0,Debit Card,Male,3.0,4,Laptop & Accessory,2,Single,2,0,18.0,2.0,2.0,5.0,202.56,10,Champions,0.4444444444444444,67.52,0.5555555555555556
1,1.0,1,High Risk,3,1.0,Mobile,3,29.0,E wallet,Male,3.0,4,Mobile Phone,3,Single,3,1,20.0,2.0,2.0,1.0,141.75,8,Recent Customers,2.0,47.25,0.5
0,0.0,0,Low Risk,1,9.0,Mobile,3,7.0,E wallet,Male,3.0,4,Laptop & Accessory,3,Divorced,11,0,12.0,4.0,7.0,10.0,172.17,9,Loyal,0.4,21.52125,1.0
0,0.0,0,Low Risk,1,0.0,Computer,3,14.0,Debit Card,Male,2.0,3,Fashion,3,Single,2,0,15.0,1.0,1.0,7.0,187.26,8,Hibernating,3.0,93.63,7.0
0,0.0,0,Low Risk,0,4.0,Mobile,1,,Debit Card,Male,2.0,3,Mobile,1,Married,4,1,19.0,0.0,1.0,2.0,123.56,6,Recent Customers,0.6,61.78,0.4
0,0.0,0,Low Risk,2,5.0,Mobile,1,14.0,Credit Card,Female,3.0,1,Laptop & Accessory,3,Divorced,6,0,12.0,1.0,1.0,3.0,151.75,6,Hibernating,0.1666666666666666,75.875,0.5
1,0.7951322793960571,1,High Risk,2,0.0,Mobile,1,13.0,Debit Card,Male,3.0,3,Laptop & Accessory,3,Divorced,2,0,18.0,1.0,1.0,1.0,148.83,7,Recent Customers,3.0,74.415,1.0
0,0.0,0,Low Risk,2,16.0,Mobile,1,16.0,UPI,Male,4.0,5,Others,1,Single,10,0,,2.0,2.0,2.0,321.13,13,Champions,0.2941176470588235,107.04333333333334,0.1176470588235294
0,0.0,0,Low Risk,2,15.0,Computer,1,27.0,Credit Card,Female,2.0,3,Laptop & Accessory,3,Married,3,0,16.0,0.0,1.0,2.0,152.65,7,Recent Customers,0.1875,76.325,0.125
0,0.0,0,Low Risk,0,13.0,Computer,1,29.0,Credit Card,Female,3.0,4,Fashion,5,Single,3,1,14.0,2.0,,9.0,233.8,11,Champions,0.2857142857142857,233.8,0.6428571428571429
0,0.0,0,Low Risk,0,0.0,Mobile,1,12.0,Debit Card,Female,3.0,3,Mobile,2,Divorced,2,1,13.0,0.0,1.0,2.0,126.59,6,Recent Customers,3.0,63.295,2.0
0,0.0,0,Low Risk,2,6.0,Mobile,1,12.0,Debit Card,Male,3.0,5,Laptop & Accessory,1,Single,10,0,25.0,2.0,2.0,,221.79,14,Champions,0.7142857142857143,73.92999999999999,
0,0.0,0,Low Risk,3,5.0,Mobile,3,17.0,Credit Card,Female,3.0,4,Laptop & Accessory,1,Married,4,1,12.0,2.0,2.0,5.0,190.83,9,Loyal,0.6666666666666666,63.61000000000001,0.8333333333333334
0,0.0,0,Low Risk,2,4.0,Mobile,1,9.0,Debit Card,Female,3.0,6,Laptop & Accessory,2,Single,4,0,21.0,1.0,2.0,3.0,185.91,10,Loyal,1.2,61.97,0.6
0,0.0,0,Low Risk,2,22.0,Mobile,1,26.0,Credit Card,Female,3.0,3,Laptop & Accessory,5,Married,2,0,14.0,5.0,5.0,11.0,165.67,8,Loyal,0.1304347826086956,27.611666666666665,0.4782608695652174
1,1.0,1,High Risk,1,0.0,Computer,3,35.0,Credit Card,Male,3.0,5,Laptop & Accessory,5,Single,9,0,18.0,1.0,2.0,2.0,149.69,9,Hibernating,5.0,49.89666666666667,2.0
1,1.0,1,High Risk,0,1.0,Mobile,1,29.0,Credit Card,Male,4.0,4,Laptop & Accessory,3,Divorced,3,1,16.0,4.0,7.0,8.0,186.79,11,Champions,2.0,23.34875,4.0
0,0.0,0,Low Risk,1,4.0,Mobile,3,8.0,Debit Card,Male,,3,Mobile,3,Married,1,0,19.0,1.0,1.0,2.0,130.67,6,Recent Customers,0.6,65.335,0.4
0,0.0,0,Low Risk,0,5.0,Mobile,1,18.0,Debit Card,Male,3.0,4,Mobile Phone,2,Divorced,5,1,20.0,2.0,2.0,3.0,148.56,7,Hibernating,0.6666666666666666,49.52,0.5
0,0.0,0,Low Risk,2,11.0,Mobile,1,7.0,Cash on Delivery,Female,3.0,4,Fashion,1,Single,6,0,18.0,2.0,2.0,3.0,199.91,11,Champions,0.3333333333333333,66.63666666666667,0.25
0,0.0,0,Low Risk,1,30.0,Computer,3,13.0,Debit Card,Female,3.0,3,Grocery,5,Divorced,11,0,12.0,3.0,,8.0,257.12,12,Champions,0.0967741935483871,257.12,0.2580645161290322
0,0.0,0,Low Risk,2,16.0,Mobile,1,11.0,Cash on Delivery,Male,3.0,4,Others,1,Married,3,0,,1.0,12.0,16.0,317.32,11,Champions,0.2352941176470588,24.409230769230767,0.9411764705882352
0,0.0,0,Low Risk,1,20.0,Mobile,3,9.0,E wallet,Female,4.0,4,Grocery,5,Married,10,0,,7.0,16.0,10.0,295.48,11,Champions,0.1904761904761904,17.381176470588237,0.4761904761904761
0,0.0,0,Low Risk,1,4.0,Mobile,3,13.0,Cash on Delivery,Male,3.0,1,Laptop & Accessory,1,Married,5,0,11.0,3.0,7.0,7.0,169.29,10,Loyal,0.2,21.16125,1.4
1,1.0,1,High Risk,0,0.0,Computer,1,15.0,Credit Card,Male,2.0,3,Mobile,5,Single,3,1,11.0,0.0,1.0,0.0,131.72,7,Recent Customers,3.0,65.86,0.0
0,0.0,0,Low Risk,2,1.0,Mobile,1,17.0,Credit Card,Male,4.0,3,Mobile Phone,3,Single,3,0,19.0,2.0,2.0,3.0,160.05,9,Loyal,1.5,53.35,1.5
1,1.0,1,High Risk,0,8.0,Computer,1,31.0,Debit Card,Male,3.0,4,Mobile Phone,3,Married,5,1,23.0,1.0,2.0,1.0,156.61,11,Loyal,0.4444444444444444,52.20333333333334,0.1111111111111111
0,0.0,0,Low Risk,2,2.0,Mobile,1,7.0,Debit Card,Female,3.0,3,Mobile Phone,1,Married,2,0,15.0,1.0,1.0,2.0,137.6,6,Recent Customers,1.0,68.8,0.6666666666666666
0,0.0,0,Low Risk,2,16.0,Mobile,1,12.0,Credit Card,Female,2.0,4,Others,3,Married,8,0,,6.0,6.0,14.0,293.92,11,Champions,0.2352941176470588,41.98857142857143,0.8235294117647058
0,0.0,0,Low Risk,2,28.0,Computer,1,8.0,Credit Card,Male,2.0,4,Grocery,5,Single,8,0,15.0,,6.0,2.0,267.56,14,Champions,0.1379310344827586,38.22285714285714,0.0689655172413793
0,0.0,0,Low Risk,3,31.0,Mobile,3,7.0,Cash on Delivery,Male,4.0,4,Fashion,2,Divorced,5,1,15.0,1.0,,5.0,244.04,12,Champions,0.125,244.04,0.15625
0,0.0,0,Low Risk,2,8.0,Computer,1,8.0,UPI,Male,4.0,4,Mobile Phone,5,Married,7,0,15.0,2.0,2.0,4.0,154.96,9,Loyal,0.4444444444444444,51.653333333333336,0.4444444444444444
0,0.0,0,Low Risk,2,23.0,Mobile,1,35.0,Debit Card,Male,2.0,4,Grocery,3,Divorced,1,0,15.0,,15.0,7.0,270.46,12,Champions,0.1666666666666666,16.90375,0.2916666666666667
0,0.0,0,Low Risk,2,11.0,Computer,1,18.0,Debit Card,Male,0.0,4,Laptop & Accessory,5,Married,3,0,15.0,1.0,1.0,2.0,162.88,9,Recent Customers,0.3333333333333333,81.44,0.1666666666666666
0,0.0,0,Low Risk,2,9.0,Computer,1,6.0,Credit Card,Female,2.0,4,Laptop & Accessory,3,Married,1,0,15.0,1.0,1.0,2.0,143.74,7,Recent Customers,0.4,71.87,0.2
0,0.0,0,Low Risk,1,7.0,Mobile,3,14.0,Cash on Delivery,Male,3.0,1,Laptop & Accessory,3,Married,2,0,21.0,0.0,4.0,8.0,167.99,8,Loyal,0.125,33.598,1.0
0,0.0,0,Low Risk,2,5.0,Computer,1,30.0,Debit Card,Male,3.0,3,Laptop & Accessory,1,Married,2,0,15.0,1.0,4.0,7.0,153.09,8,At Risk,0.5,30.618,1.1666666666666667
0,0.0,0,Low Risk,2,22.0,Mobile,1,31.0,Debit Card,Female,2.0,3,Mobile,5,Married,2,0,14.0,1.0,1.0,4.0,132.11,4,Hibernating,0.1304347826086956,66.055,0.1739130434782608
0,0.0,0,Low Risk,0,20.0,Mobile,1,9.0,Credit Card,Male,3.0,4,Others,1,Married,9,1,,2.0,3.0,3.0,318.28,12,Champions,0.1904761904761904,79.57,0.1428571428571428
0,0.0,0,Low Risk,0,11.0,Computer,1,8.0,Debit Card,Female,3.0,1,Laptop & Accessory,5,Single,7,1,12.0,0.0,4.0,12.0,159.8,8,Loyal,0.0833333333333333,31.96,1.0
1,1.0,1,High Risk,3,1.0,Computer,3,19.0,UPI,Male,3.0,4,Laptop & Accessory,1,Single,5,1,25.0,6.0,7.0,8.0,170.81,9,Loyal,2.0,21.35125,4.0
0,0.0,0,Low Risk,0,28.0,Mobile,1,26.0,Cash on Delivery,Male,2.0,3,Laptop & Accessory,2,Divorced,4,1,19.0,1.0,1.0,8.0,154.15,6,Hibernating,0.1034482758620689,77.075,0.2758620689655172
1,1.0,1,High Risk,0,7.0,Mobile,1,16.0,Debit Card,Male,,3,Mobile,3,Single,2,1,11.0,1.0,1.0,2.0,129.36,6,Recent Customers,0.375,64.68,0.25
0,0.0,0,Low Risk,1,1.0,Mobile,3,15.0,E wallet,Female,3.0,4,Laptop & Accessory,4,Married,3,0,19.0,1.0,2.0,8.0,187.14,8,Loyal,2.0,62.38,4.0
0,0.0,0,Low Risk,1,5.0,Mobile,3,19.0,Debit Card,Male,3.0,3,Laptop & Accessory,1,Married,3,0,11.0,0.0,1.0,3.0,144.03,6,Hibernating,0.5,72.015,0.5
0,0.0,0,Low Risk,1,1.0,Mobile,3,11.0,E wallet,Male,3.0,5,Laptop & Accessory,5,Divorced,3,0,13.0,2.0,2.0,4.0,167.56,9,Loyal,2.5,55.85333333333333,2.0
0,0.0,0,Low Risk,1,14.0,Mobile,3,8.0,Debit Card,Male,2.0,3,Grocery,4,Single,2,0,19.0,1.0,,4.0,260.15,13,Champions,0.2,260.15,0.2666666666666666
0,0.0,0,Low Risk,3,1.0,Mobile,3,11.0,Credit Card,Female,3.0,4,Laptop & Accessory,3,Divorced,3,1,13.0,2.0,2.0,4.0,166.62,9,Loyal,2.0,55.54,2.0
0,0.0,0,Low Risk,3,18.0,Mobile,3,15.0,E wallet,Male,3.0,3,Fashion,5,Married,5,1,12.0,0.0,1.0,2.0,207.61,10,Recent Customers,0.1578947368421052,103.805,0.1052631578947368
0,0.0,0,Low Risk,1,7.0,Mobile,3,7.0,Credit Card,Male,3.0,2,Laptop & Accessory,5,Married,3,0,23.0,1.0,2.0,9.0,165.37,7,Loyal,0.25,55.123333333333335,1.125
0,0.0,0,Low Risk,0,5.0,Mobile,1,19.0,Credit Card,Female,3.0,4,Laptop & Accessory,2,Divorced,2,1,12.0,1.0,9.0,6.0,183.55,11,Champions,0.6666666666666666,18.355,1.0
0,0.0,0,Low Risk,2,6.0,Mobile,1,15.0,Credit Card,Female,4.0,2,Laptop & Accessory,3,Married,7,0,13.0,2.0,2.0,4.0,176.75,10,Loyal,0.2857142857142857,58.91666666666666,0.5714285714285714
0,0.0351844951510429,0,Low Risk,0,1.0,Mobile,1,21.0,Debit Card,Male,3.0,4,Mobile Phone,5,Divorced,3,1,15.0,3.0,7.0,9.0,147.35,8,At Risk,2.0,18.41875,4.5
0,0.0,0,Low Risk,0,16.0,Computer,1,9.0,Debit Card,Male,3.0,4,Grocery,3,Divorced,2,1,,1.0,3.0,11.0,303.61,10,Champions,0.2352941176470588,75.9025,0.6470588235294118
0,0.0,0,Low Risk,0,18.0,Mobile,1,7.0,Credit Card,Male,3.0,4,Mobile Phone,1,Single,8,1,13.0,1.0,2.0,3.0,149.36,7,Hibernating,0.2105263157894736,49.78666666666667,0.1578947368421052
0,0.0,0,Low Risk,2,25.0,Mobile,1,6.0,Debit Card,Male,3.0,3,Grocery,1,Married,3,0,15.0,,7.0,8.0,270.99,12,Champions,0.1153846153846153,33.87375,0.3076923076923077
0,0.0,0,Low Risk,0,17.0,Mobile,1,9.0,UPI,Male,2.0,3,Others,1,Married,5,1,,0.0,1.0,1.0,295.13,11,Recent Customers,0.1666666666666666,147.565,0.0555555555555555
0,0.0,0,Low Risk,2,6.0,Mobile,1,15.0,Credit Card,Female,4.0,2,Laptop & Accessory,3,Divorced,7,0,13.0,2.0,2.0,4.0,176.75,10,Loyal,0.2857142857142857,58.91666666666666,0.5714285714285714
0,0.0,0,Low Risk,0,0.0,Mobile,1,23.0,Cash on Delivery,Male,,3,Mobile,4,Married,1,1,16.0,0.0,1.0,1.0,130.58,6,Recent Customers,3.0,65.29,1.0
0,0.0,0,Low Risk,1,11.0,Mobile,3,16.0,Debit Card,Female,3.0,3,Laptop & Accessory,1,Married,2,0,11.0,0.0,1.0,9.0,153.43,4,Hibernating,0.25,76.715,0.75
1,1.0,1,High Risk,2,0.0,Mobile,2,,Cash on Delivery,Male,2.0,4,Mobile,1,Single,2,0,12.0,0.0,1.0,0.0,125.64,7,Recent Customers,4.0,62.82,0.0
0,0.0,0,Low Risk,2,27.0,Computer,1,6.0,Debit Card,Female,2.0,3,Fashion,3,Married,8,0,17.0,1.0,1.0,4.0,205.02,8,Hibernating,0.1071428571428571,102.51,0.1428571428571428
0,0.0,0,Low Risk,2,11.0,Mobile,1,17.0,Debit Card,Male,4.0,2,Mobile Phone,1,Single,5,0,18.0,2.0,2.0,1.0,171.8,11,Loyal,0.1666666666666666,57.26666666666667,0.0833333333333333
0,0.0,0,Low Risk,2,11.0,Mobile,2,6.0,UPI,Male,,1,Mobile,3,Divorced,2,0,13.0,1.0,5.0,0.0,128.44,10,Hibernating,0.0833333333333333,21.406666666666663,0.0
0,0.0,0,Low Risk,1,24.0,Computer,3,7.0,Debit Card,Female,4.0,4,Laptop & Accessory,3,Divorced,2,0,13.0,2.0,2.0,14.0,188.47,8,Loyal,0.16,62.82333333333333,0.56
0,0.0,0,Low Risk,2,8.0,Mobile,1,15.0,Credit Card,Male,3.0,2,Laptop & Accessory,3,Married,4,0,13.0,1.0,2.0,3.0,169.04,9,Loyal,0.2222222222222222,56.34666666666666,0.3333333333333333
0,0.0,0,Low Risk,2,3.0,Mobile,1,7.0,Debit Card,Male,3.0,4,Laptop & Accessory,5,Married,2,0,13.0,2.0,2.0,3.0,178.73,10,Loyal,1.0,59.57666666666666,0.75
0,0.0,0,Low Risk,2,4.0,Mobile,1,35.0,Credit Card,Female,4.0,4,Laptop & Accessory,1,Married,3,0,14.0,2.0,2.0,10.0,182.75,8,Loyal,0.8,60.91666666666666,2.0
0,0.0,0,Low Risk,2,7.0,Mobile,1,11.0,Credit Card,Female,3.0,5,Mobile Phone,4,Married,8,0,22.0,1.0,2.0,2.0,151.22,9,Hibernating,0.625,50.406666666666666,0.25
0,0.0,0,Low Risk,0,15.0,Mobile,1,13.0,Credit Card,Male,3.0,4,Mobile Phone,5,Single,4,1,14.0,2.0,3.0,18.0,172.21,8,Loyal,0.25,43.0525,1.125
0,0.0,0,Low Risk,2,7.0,Mobile,1,16.0,Credit Card,Male,3.0,4,Mobile Phone,2,Divorced,2,0,14.0,2.0,5.0,11.0,152.81,7,At Risk,0.5,25.468333333333334,1.375
0,0.0,0,Low Risk,2,29.0,Computer,1,9.0,Debit Card,Male,4.0,4,Fashion,4,Married,5,0,19.0,1.0,,3.0,234.76,14,Champions,0.1333333333333333,234.76,0.1
0,0.0,0,Low Risk,3,0.0,Mobile,3,10.0,Debit Card,Female,3.0,4,Laptop & Accessory,1,Single,2,1,11.0,0.0,1.0,3.0,144.87,6,Hibernating,4.0,72.435,3.0
0,0.0,0,Low Risk,2,25.0,Mobile,1,16.0,Debit Card,Male,4.0,4,Mobile Phone,1,Married,5,0,24.0,2.0,2.0,4.0,145.75,7,Hibernating,0.1538461538461538,48.583333333333336,0.1538461538461538
0,0.0,0,Low Risk,3,20.0,Computer,3,9.0,Credit Card,Female,2.0,3,Grocery,3,Married,10,1,12.0,1.0,,13.0,237.7,11,Champions,0.1428571428571428,237.7,0.6190476190476191
0,0.0,0,Low Risk,1,1.0,Mobile,3,9.0,Credit Card,Female,3.0,4,Mobile Phone,3,Single,3,0,20.0,1.0,3.0,3.0,152.83,9,Hibernating,2.0,38.2075,1.5
0,0.0,0,Low Risk,1,12.0,Mobile,3,8.0,Debit Card,Male,3.0,4,Laptop & Accessory,4,Married,2,0,16.0,2.0,6.0,9.0,169.4,9,Loyal,0.3076923076923077,24.2,0.6923076923076923
0,0.0,0,Low Risk,1,0.0,Computer,3,6.0,Credit Card,Male,2.0,4,Laptop & Accessory,5,Single,2,0,12.0,0.0,1.0,7.0,142.94,5,Hibernating,4.0,71.47,7.0
1,1.0,1,High Risk,0,0.0,Mobile,1,,Debit Card,Female,2.0,3,Mobile,3,Single,2,1,13.0,4.0,7.0,7.0,123.94,8,At Risk,3.0,15.4925,7.0
0,0.0,0,Low Risk,2,24.0,Mobile,1,9.0,Cash on Delivery,Female,2.0,3,Fashion,3,Married,3,0,11.0,2.0,2.0,,231.16000000000005,14,Champions,0.12,77.05333333333336,
0,0.0,0,Low Risk,0,23.0,Computer,1,26.0,Credit Card,Male,2.0,3,Grocery,3,Married,3,1,15.0,3.0,12.0,,212.45,15,Champions,0.125,16.342307692307692,
0,0.0,0,Low Risk,2,3.0,Computer,1,17.0,Debit Card,Female,4.0,4,Mobile Phone,4,Married,2,0,15.0,1.0,2.0,2.0,157.91,10,Loyal,1.0,52.63666666666666,0.5
0,0.0,0,Low Risk,1,6.0,Mobile,3,20.0,Debit Card,Male,4.0,4,Laptop & Accessory,1,Married,4,0,12.0,1.0,2.0,4.0,169.03,9,Loyal,0.5714285714285714,56.34333333333333,0.5714285714285714
0,0.0,0,Low Risk,1,17.0,Mobile,3,11.0,E wallet,Female,3.0,5,Fashion,1,Single,5,0,15.0,11.0,16.0,,227.31,15,Champions,0.2777777777777778,13.371176470588235,
1,1.0,1,High Risk,0,0.0,Mobile,1,,Cash on Delivery,Male,3.0,5,Mobile,2,Single,2,1,18.0,1.0,1.0,0.0,123.4,7,Recent Customers,5.0,61.7,0.0
0,0.0,0,Low Risk,2,13.0,Mobile,1,8.0,Debit Card,Male,3.0,3,Laptop & Accessory,1,Single,2,0,13.0,3.0,8.0,8.0,146.61,9,At Risk,0.2142857142857142,16.290000000000003,0.5714285714285714
0,0.0,0,Low Risk,2,9.0,Computer,1,24.0,Debit Card,Male,2.0,1,Mobile Phone,1,Married,5,0,18.0,1.0,1.0,0.0,136.88,7,Recent Customers,0.1,68.44,0.0
0,0.0,0,Low Risk,2,14.0,Mobile,1,,Debit Card,Male,2.0,3,Mobile,3,Married,5,0,12.0,1.0,1.0,8.0,124.51,3,Hibernating,0.2,62.255,0.5333333333333333
0,0.0,0,Low Risk,2,10.0,Computer,1,11.0,Cash on Delivery,Male,2.0,1,Mobile,3,Single,1,0,14.0,1.0,1.0,3.0,135.0,5,Hibernating,0.0909090909090909,67.5,0.2727272727272727
0,0.0,0,Low Risk,2,17.0,Computer,1,35.0,Credit Card,Female,4.0,2,Mobile Phone,3,Single,6,0,13.0,1.0,2.0,3.0,172.39,9,Loyal,0.1111111111111111,57.46333333333333,0.1666666666666666
0,0.0,0,Low Risk,0,9.0,Mobile,1,16.0,Debit Card,Female,4.0,5,Fashion,3,Married,3,1,21.0,4.0,,16.0,231.85,11,Champions,0.5,231.85,1.6
0,0.0,0,Low Risk,1,1.0,Computer,3,13.0,Debit Card,Male,2.0,3,Laptop & Accessory,5,Single,1,0,14.0,1.0,1.0,3.0,148.98,6,Hibernating,1.5,74.49,1.5
0,0.0,0,Low Risk,1,11.0,Computer,3,16.0,Credit Card,Male,4.0,4,Fashion,4,Married,3,0,14.0,2.0,8.0,,213.34,15,Champions,0.3333333333333333,23.704444444444444,
0,0.0,0,Low Risk,3,8.0,Mobile,3,8.0,Cash on Delivery,Male,4.0,5,Fashion,3,Married,3,1,15.0,8.0,9.0,7.0,195.83,11,Champions,0.5555555555555556,19.583,0.7777777777777778
1,1.0,1,High Risk,3,1.0,Mobile,3,31.0,Credit Card,Female,3.0,5,Laptop & Accessory,4,Single,2,1,24.0,3.0,11.0,11.0,170.99,9,Loyal,2.5,14.249166666666667,5.5
0,0.0,0,Low Risk,2,0.0,Mobile,1,11.0,Credit Card,Male,,3,Mobile,1,Single,2,0,18.0,0.0,2.0,2.0,131.17,7,Recent Customers,3.0,43.72333333333333,2.0
0,0.0,0,Low Risk,2,21.0,Mobile,1,10.0,Debit Card,Male,3.0,4,Fashion,3,Single,8,0,14.0,1.0,4.0,,209.99,14,Champions,0.1818181818181818,41.998000000000005,
0,0.0,0,Low Risk,3,0.0,Mobile,3,,Credit Card,Male,2.0,3,Mobile,5,Single,2,1,11.0,1.0,1.0,2.0,123.8,6,Recent Customers,3.0,61.9,2.0
0,0.0,0,Low Risk,2,0.0,Mobile,1,7.0,Cash on Delivery,Male,2.0,3,Mobile,1,Married,5,0,11.0,0.0,1.0,2.0,132.29,6,Recent Customers,3.0,66.145,2.0
1,1.0,1,High Risk,0,8.0,Mobile,1,17.0,Debit Card,Male,4.0,4,Mobile Phone,3,Single,3,1,12.0,2.0,2.0,3.0,154.36,9,Loyal,0.4444444444444444,51.45333333333334,0.3333333333333333
0,0.0,0,Low Risk,3,19.0,Mobile,3,8.0,Debit Card,Male,3.0,3,Fashion,1,Married,5,1,12.0,0.0,1.0,3.0,203.68,9,Hibernating,0.15,101.84,0.15
0,0.0,0,Low Risk,1,27.0,Computer,3,9.0,E wallet,Female,3.0,5,Fashion,4,Divorced,4,0,13.0,1.0,7.0,13.0,200.25,10,Champions,0.1785714285714285,25.03125,0.4642857142857143
0,0.0,0,Low Risk,1,15.0,Mobile,2,7.0,UPI,Male,3.0,5,Others,3,Divorced,3,0,,3.0,3.0,11.0,316.89,10,Champions,0.3125,79.2225,0.6875
1,1.0,1,High Risk,0,19.0,Mobile,1,9.0,Credit Card,Male,4.0,4,Others,5,Divorced,7,1,14.0,2.0,2.0,5.0,323.59,11,Champions,0.2,107.86333333333332,0.25
0,0.0,0,Low Risk,2,4.0,Mobile,1,27.0,UPI,Male,3.0,4,Laptop & Accessory,5,Divorced,2,0,16.0,2.0,2.0,,224.57,14,Champions,0.8,74.85666666666667,
0,0.0,0,Low Risk,1,30.0,Mobile,3,9.0,Debit Card,Female,2.0,4,Laptop & Accessory,1,Single,6,0,17.0,0.0,1.0,5.0,151.71,5,Hibernating,0.1290322580645161,75.855,0.1612903225806451
0,0.0,0,Low Risk,0,10.0,Mobile,1,17.0,Debit Card,Male,3.0,4,Fashion,5,Married,9,1,14.0,2.0,6.0,8.0,208.21,10,Champions,0.3636363636363636,29.74428571428572,0.7272727272727273
0,0.0,0,Low Risk,2,10.0,Computer,1,30.0,Credit Card,Male,3.0,2,Laptop & Accessory,1,Married,6,0,18.0,1.0,2.0,4.0,150.71,8,Hibernating,0.1818181818181818,50.23666666666667,0.3636363636363636
0,0.0,0,Low Risk,2,13.0,Mobile,1,7.0,Credit Card,Male,3.0,3,Fashion,2,Married,2,0,18.0,4.0,4.0,,221.13,14,Champions,0.2142857142857142,44.226,
0,0.0,0,Low Risk,2,16.0,Mobile,1,9.0,Debit Card,Female,3.0,4,Laptop & Accessory,1,Married,3,0,14.0,1.0,3.0,3.0,165.89,10,Loyal,0.2352941176470588,41.4725,0.1764705882352941
0,0.0,0,Low Risk,2,9.0,Mobile,1,30.0,Credit Card,Male,4.0,6,Mobile Phone,3,Married,2,0,17.0,1.0,2.0,4.0,152.05,8,Hibernating,0.6,50.68333333333334,0.4
0,0.0,0,Low Risk,1,1.0,Mobile,3,12.0,UPI,Female,2.0,5,Mobile Phone,3,Single,2,0,19.0,2.0,2.0,1.0,154.66,11,Loyal,2.5,51.553333333333335,0.5
0,0.0,0,Low Risk,2,14.0,Mobile,1,9.0,Credit Card,Female,3.0,2,Laptop & Accessory,3,Married,7,0,21.0,7.0,12.0,9.0,188.77,10,Champions,0.1333333333333333,14.52076923076923,0.6
0,0.0,0,Low Risk,2,3.0,Mobile,1,8.0,Debit Card,Female,2.0,5,Laptop & Accessory,2,Single,3,0,20.0,0.0,1.0,2.0,160.91,9,Recent Customers,1.25,80.455,0.5
0,0.0,0,Low Risk,1,12.0,Mobile,2,7.0,UPI,Male,3.0,2,Mobile Phone,3,Divorced,3,0,14.0,2.0,6.0,1.0,153.44,12,Hibernating,0.1538461538461538,21.92,0.0769230769230769
1,1.0,1,High Risk,0,1.0,Mobile,1,7.0,Debit Card,Male,4.0,5,Mobile Phone,3,Single,2,1,15.0,1.0,2.0,3.0,162.3,9,Loyal,2.5,54.1,1.5
1,1.0,1,High Risk,3,1.0,Computer,3,12.0,E wallet,Male,4.0,4,Mobile Phone,4,Single,3,1,15.0,2.0,2.0,1.0,143.78,8,Recent Customers,2.0,47.92666666666667,0.5
0,0.0,0,Low Risk,2,1.0,Computer,1,10.0,Credit Card,Male,3.0,4,Mobile Phone,2,Divorced,3,0,12.0,2.0,2.0,1.0,142.06,8,Recent Customers,2.0,47.35333333333333,0.5
0,0.0,0,Low Risk,0,5.0,Computer,1,10.0,Credit Card,Male,3.0,4,Mobile Phone,5,Married,3,1,14.0,1.0,3.0,4.0,155.65,10,Loyal,0.6666666666666666,38.9125,0.6666666666666666
0,0.0,0,Low Risk,3,25.0,Computer,3,8.0,Debit Card,Male,3.0,4,Others,3,Single,2,1,18.0,,15.0,12.0,290.68,11,Champions,0.1538461538461538,18.1675,0.4615384615384615
0,0.0,0,Low Risk,2,10.0,Computer,1,25.0,Debit Card,Male,4.0,4,Laptop & Accessory,2,Single,4,0,21.0,2.0,2.0,10.0,202.79,9,Champions,0.3636363636363636,67.59666666666666,0.9090909090909092
0,0.0,0,Low Risk,2,,Computer,1,9.0,Credit Card,Female,3.0,3,Mobile,3,Married,2,0,20.0,1.0,1.0,0.0,120.83,7,Recent Customers,3.0,60.415,0.0
0,0.0,0,Low Risk,1,16.0,Mobile,3,21.0,Credit Card,Female,4.0,5,Laptop & Accessory,3,Single,9,0,18.0,1.0,2.0,4.0,187.44,10,Loyal,0.2941176470588235,62.48,0.2352941176470588
0,0.0,0,Low Risk,3,1.0,Mobile,3,12.0,Credit Card,Male,3.0,4,Mobile Phone,5,Single,3,1,12.0,2.0,2.0,3.0,148.8,7,Hibernating,2.0,49.6,1.5
0,0.0,0,Low Risk,2,0.0,Mobile,1,6.0,Debit Card,Male,3.0,3,Mobile,3,Single,1,0,12.0,0.0,1.0,2.0,133.75,6,Recent Customers,3.0,66.875,2.0
0,0.0,0,Low Risk,2,24.0,Mobile,1,16.0,Debit Card,Male,4.0,4,Mobile Phone,2,Divorced,6,0,19.0,2.0,2.0,1.0,148.8,8,Recent Customers,0.16,49.6,0.04
1,0.7852367162704468,1,High Risk,1,6.0,Mobile,3,15.0,E wallet,Female,2.0,5,Laptop & Accessory,3,Single,9,0,13.0,1.0,1.0,3.0,153.46,6,Hibernating,0.7142857142857143,76.73,0.4285714285714285
0,0.0,0,Low Risk,2,2.0,Mobile,1,15.0,Credit Card,Female,,3,Mobile,3,Married,10,0,17.0,1.0,1.0,2.0,129.74,6,Recent Customers,1.0,64.87,0.6666666666666666
0,0.0,0,Low Risk,2,16.0,Mobile,1,13.0,Credit Card,Male,3.0,4,Fashion,5,Married,11,0,14.0,4.0,,8.0,258.48,12,Champions,0.2352941176470588,258.48,0.4705882352941176
0,0.0,0,Low Risk,1,1.0,Mobile,3,33.0,Credit Card,Female,3.0,4,Laptop & Accessory,2,Single,3,0,24.0,1.0,2.0,5.0,186.8,9,Loyal,2.0,62.26666666666667,2.5
1,0.0,0,Low Risk,2,1.0,Mobile,1,9.0,Credit Card,Male,3.0,4,Mobile Phone,3,Single,8,0,18.0,3.0,3.0,2.0,168.82,11,Loyal,2.0,42.205,1.0
0,0.0,0,Low Risk,2,19.0,Mobile,1,16.0,Debit Card,Male,3.0,4,Laptop & Accessory,4,Married,10,0,19.0,2.0,2.0,16.0,148.48,5,Hibernating,0.2,49.49333333333333,0.8
0,0.0,0,Low Risk,0,14.0,Computer,1,8.0,UPI,Female,3.0,4,Laptop & Accessory,3,Single,3,1,17.0,0.0,1.0,7.0,168.11,7,Hibernating,0.2666666666666666,84.055,0.4666666666666667
0,0.0,0,Low Risk,2,,Mobile,1,9.0,Debit Card,Female,2.0,3,Mobile,1,Married,2,0,21.0,1.0,1.0,0.0,120.61,7,Recent Customers,3.0,60.305,0.0
0,0.0,0,Low Risk,2,7.0,Computer,1,8.0,Debit Card,Male,2.0,4,Laptop & Accessory,3,Married,2,0,17.0,0.0,1.0,9.0,195.47,7,Hibernating,0.5,97.735,1.125
0,0.0,0,Low Risk,0,1.0,Mobile,1,13.0,Debit Card,Female,4.0,4,Mobile Phone,2,Divorced,3,1,14.0,1.0,2.0,3.0,151.59,8,Hibernating,2.0,50.53,1.5
0,0.0,0,Low Risk,1,1.0,Mobile,3,25.0,Debit Card,Male,4.0,2,Laptop & Accessory,3,Married,4,0,12.0,2.0,2.0,3.0,187.32,10,Loyal,1.0,62.44,1.5
0,0.0,0,Low Risk,2,,Mobile,1,9.0,Credit Card,Male,2.0,4,Mobile,1,Single,1,0,13.0,1.0,1.0,1.0,120.45,6,Recent Customers,4.0,60.225,1.0
0,0.0,0,Low Risk,2,1.0,Mobile,1,15.0,Credit Card,Female,4.0,4,Mobile Phone,1,Single,3,0,12.0,1.0,2.0,5.0,159.45,8,Loyal,2.0,53.15,2.5
0,0.0,0,Low Risk,3,14.0,Mobile,3,15.0,Debit Card,Male,3.0,3,Fashion,3,Married,4,1,13.0,0.0,1.0,7.0,181.89,8,Hibernating,0.2,90.945,0.4666666666666667
0,0.0,0,Low Risk,0,4.0,Computer,1,9.0,Credit Card,Male,,3,Mobile,5,Married,2,1,13.0,2.0,2.0,3.0,130.65,6,Hibernating,0.6,43.55,0.6
0,0.0,0,Low Risk,2,18.0,Computer,1,6.0,Credit Card,Male,2.0,3,Laptop & Accessory,3,Single,5,0,12.0,1.0,1.0,3.0,153.99,8,Hibernating,0.1578947368421052,76.995,0.1578947368421052
0,0.0,0,Low Risk,0,7.0,Computer,1,16.0,Credit Card,Male,2.0,3,Mobile Phone,3,Married,2,1,17.0,2.0,2.0,0.0,138.15,8,Recent Customers,0.375,46.05,0.0
0,0.0,0,Low Risk,2,8.0,Mobile,1,17.0,Debit Card,Male,3.0,4,Mobile Phone,4,Married,3,0,15.0,2.0,2.0,1.0,145.08,8,Recent Customers,0.4444444444444444,48.36000000000001,0.1111111111111111
1,1.0,1,High Risk,2,,Mobile,1,16.0,Debit Card,Female,2.0,4,Mobile Phone,5,Single,2,0,13.0,0.0,1.0,0.0,114.16,7,Recent Customers,4.0,57.08,0.0
1,1.0,1,High Risk,2,0.0,Computer,1,9.0,Cash on Delivery,Male,,3,Mobile,5,Single,1,0,22.0,0.0,1.0,4.0,131.02,4,Hibernating,3.0,65.51,4.0
0,0.0,0,Low Risk,2,28.0,Computer,1,27.0,Debit Card,Female,3.0,4,Laptop & Accessory,3,Single,5,0,13.0,1.0,2.0,4.0,173.69,10,Loyal,0.1379310344827586,57.89666666666667,0.1379310344827586
0,0.0,0,Low Risk,2,27.0,Mobile,1,9.0,Debit Card,Male,2.0,3,Grocery,1,Married,4,0,14.0,,1.0,9.0,277.79,8,Hibernating,0.1071428571428571,138.895,0.3214285714285714
0,0.0,0,Low Risk,1,12.0,Mobile,3,17.0,Debit Card,Female,4.0,4,Laptop & Accessory,1,Married,3,0,12.0,1.0,2.0,10.0,178.43,8,Loyal,0.3076923076923077,59.47666666666667,0.7692307692307693
0,0.0,0,Low Risk,2,5.0,Mobile,1,30.0,Credit Card,Male,4.0,5,Laptop & Accessory,1,Married,2,0,22.0,1.0,8.0,9.0,180.82,10,Champions,0.8333333333333334,20.09111111111111,1.5
0,0.0,0,Low Risk,2,30.0,Mobile,1,13.0,Debit Card,Female,2.0,3,Others,5,Divorced,6,0,,0.0,11.0,10.0,295.66,11,Champions,0.0967741935483871,24.638333333333332,0.3225806451612903
0,0.0,0,Low Risk,2,5.0,Computer,1,19.0,UPI,Female,,4,Mobile,4,Divorced,2,0,20.0,0.0,2.0,2.0,127.43,7,Recent Customers,0.6666666666666666,42.47666666666667,0.3333333333333333
0,0.0,0,Low Risk,2,12.0,Mobile,1,6.0,Credit Card,Male,2.0,2,Fashion,2,Married,1,0,17.0,3.0,3.0,7.0,196.13,10,Champions,0.1538461538461538,49.0325,0.5384615384615384
1,1.0,1,High Risk,1,1.0,Mobile,3,16.0,Debit Card,Male,4.0,5,Mobile Phone,5,Married,5,0,13.0,3.0,3.0,3.0,169.0,10,Loyal,2.5,42.25,1.5
0,0.0,0,Low Risk,1,5.0,Mobile,3,9.0,Debit Card,Male,3.0,4,Mobile Phone,3,Married,2,0,20.0,1.0,2.0,3.0,155.67,9,Loyal,0.6666666666666666,51.88999999999999,0.5
0,0.0,0,Low Risk,1,22.0,Mobile,3,17.0,E wallet,Female,3.0,3,Laptop & Accessory,1,Single,4,0,12.0,0.0,1.0,4.0,145.07,5,Hibernating,0.1304347826086956,72.535,0.1739130434782608
0,0.0,0,Low Risk,1,12.0,Mobile,3,9.0,Debit Card,Female,3.0,4,Laptop & Accessory,5,Married,5,0,16.0,1.0,2.0,8.0,193.93,9,Champions,0.3076923076923077,64.64333333333333,0.6153846153846154
1,1.0,1,High Risk,0,1.0,Mobile,1,25.0,Credit Card,Male,3.0,5,Mobile Phone,2,Single,3,1,14.0,1.0,2.0,2.0,148.89,8,Recent Customers,2.5,49.63,1.0
0,0.0,0,Low Risk,2,14.0,Mobile,1,6.0,Debit Card,Male,,3,Mobile,1,Married,4,0,22.0,0.0,1.0,0.0,127.82,7,Recent Customers,0.2,63.91,0.0
0,0.0,0,Low Risk,0,2.0,Mobile,1,9.0,Credit Card,Male,2.0,3,Mobile Phone,5,Single,2,1,18.0,0.0,1.0,5.0,147.23,5,Hibernating,1.0,73.615,1.6666666666666667
0,0.0,0,Low Risk,1,21.0,Mobile,3,22.0,Debit Card,Female,3.0,3,Laptop & Accessory,3,Married,9,0,14.0,7.0,7.0,7.0,164.39,10,Loyal,0.1363636363636363,20.54875,0.3181818181818182
0,0.0,0,Low Risk,3,13.0,Mobile,3,28.0,Debit Card,Male,3.0,5,Laptop & Accessory,1,Married,5,1,13.0,1.0,2.0,5.0,186.2,9,Loyal,0.3571428571428571,62.06666666666666,0.3571428571428571
0,0.0,0,Low Risk,2,14.0,Mobile,1,11.0,Credit Card,Female,3.0,4,Others,3,Divorced,3,0,,1.0,10.0,10.0,315.33,11,Champions,0.2666666666666666,28.666363636363634,0.6666666666666666
0,0.0,0,Low Risk,2,17.0,Mobile,1,13.0,Credit Card,Female,3.0,5,Others,3,Married,9,0,,7.0,7.0,15.0,318.92,11,Champions,0.2777777777777778,39.865,0.8333333333333334
0,0.0,0,Low Risk,0,19.0,Computer,1,30.0,Debit Card,Male,3.0,4,Laptop & Accessory,5,Married,3,1,16.0,2.0,2.0,9.0,161.33,7,Loyal,0.2,53.77666666666667,0.45
0,0.0,0,Low Risk,2,3.0,Computer,1,7.0,Debit Card,Male,4.0,6,Mobile Phone,1,Married,3,0,19.0,1.0,3.0,9.0,152.2,7,At Risk,1.5,38.05,2.25
0,0.0,0,Low Risk,2,4.0,Mobile,1,29.0,Credit Card,Male,3.0,4,Laptop & Accessory,2,Divorced,1,0,21.0,1.0,7.0,8.0,155.82,9,Loyal,0.8,19.4775,1.6
0,0.0,0,Low Risk,2,8.0,Mobile,1,15.0,Credit Card,Female,4.0,4,Laptop & Accessory,3,Single,5,0,12.0,1.0,5.0,4.0,186.42,11,Champions,0.4444444444444444,31.07,0.4444444444444444
0,0.0,0,Low Risk,1,20.0,Mobile,3,10.0,Debit Card,Female,3.0,4,Grocery,4,Married,10,0,13.0,,6.0,2.0,291.06,14,Champions,0.1904761904761904,41.58,0.0952380952380952
0,0.0,0,Low Risk,2,15.0,Mobile,1,8.0,Credit Card,Male,2.0,3,Grocery,5,Married,1,0,17.0,,13.0,7.0,276.65,12,Champions,0.1875,19.760714285714283,0.4375
0,0.0,0,Low Risk,2,2.0,Mobile,1,33.0,Credit Card,Female,3.0,3,Laptop & Accessory,3,Divorced,5,0,12.0,1.0,1.0,1.0,143.35,7,Recent Customers,1.0,71.675,0.3333333333333333
1,1.0,1,High Risk,0,7.0,Computer,1,30.0,Debit Card,Male,,3,Mobile,3,Married,4,1,22.0,0.0,1.0,0.0,131.61,7,Recent Customers,0.375,65.805,0.0
1,1.0,1,High Risk,0,18.0,Mobile,1,8.0,Credit Card,Male,3.0,3,Others,5,Divorced,6,1,,1.0,1.0,4.0,298.59,9,Hibernating,0.1578947368421052,149.295,0.2105263157894736
0,0.0,0,Low Risk,2,11.0,Mobile,1,29.0,Debit Card,Male,2.0,3,Laptop & Accessory,2,Married,10,0,14.0,0.0,1.0,2.0,157.45,9,Recent Customers,0.25,78.725,0.1666666666666666
0,0.0,0,Low Risk,2,6.0,Mobile,1,10.0,Credit Card,Female,2.0,4,Mobile Phone,4,Divorced,9,0,11.0,0.0,1.0,2.0,138.38,6,Recent Customers,0.5714285714285714,69.19,0.2857142857142857
0,0.0,0,Low Risk,0,6.0,Computer,1,29.0,Debit Card,Female,3.0,3,Fashion,1,Single,2,1,12.0,3.0,,12.0,234.58,11,Champions,0.4285714285714285,234.58,1.7142857142857142
0,0.0,0,Low Risk,2,,Mobile,1,9.0,Debit Card,Male,3.0,4,Mobile,2,Divorced,4,0,17.0,0.0,1.0,0.0,121.77,7,Recent Customers,4.0,60.885,0.0
0,0.0,0,Low Risk,1,5.0,Mobile,3,16.0,E wallet,Male,2.0,3,Laptop & Accessory,2,Single,2,0,12.0,0.0,1.0,8.0,153.96,6,Hibernating,0.5,76.98,1.3333333333333333
0,0.0,0,Low Risk,2,14.0,Mobile,1,25.0,Debit Card,Male,,3,Laptop & Accessory,5,Married,3,0,16.0,1.0,1.0,0.0,130.72,7,Recent Customers,0.2,65.36,0.0
0,0.0,0,Low Risk,0,15.0,Mobile,1,30.0,Credit Card,Male,2.0,3,Fashion,5,Married,2,1,21.0,5.0,5.0,8.0,174.06,9,Champions,0.1875,29.01,0.5
0,0.0,0,Low Risk,0,20.0,Mobile,2,12.0,Credit Card,Male,4.0,4,Laptop & Accessory,4,Married,3,1,23.0,2.0,2.0,3.0,175.21,10,Loyal,0.1904761904761904,58.403333333333336,0.1428571428571428
0,0.0,0,Low Risk,2,11.0,Computer,1,7.0,Debit Card,Male,2.0,3,Laptop & Accessory,1,Married,8,0,15.0,1.0,2.0,9.0,147.35,5,Hibernating,0.25,49.11666666666667,0.75
0,0.0,0,Low Risk,1,10.0,Mobile,3,23.0,E wallet,Female,4.0,5,Laptop & Accessory,5,Married,6,0,14.0,2.0,2.0,3.0,181.47,10,Loyal,0.4545454545454545,60.49,0.2727272727272727
1,1.0,1,High Risk,0,1.0,Mobile,1,22.0,Credit Card,Male,3.0,4,Fashion,3,Divorced,9,1,13.0,,8.0,8.0,261.1,12,Champions,2.0,29.011111111111116,4.0
0,0.0,0,Low Risk,0,14.0,Computer,1,16.0,Credit Card,Male,3.0,4,Mobile Phone,4,Married,10,1,15.0,1.0,2.0,1.0,161.17,11,Loyal,0.2666666666666666,53.72333333333333,0.0666666666666666
0,0.0,0,Low Risk,2,3.0,Mobile,1,12.0,Cash on Delivery,Female,2.0,4,Laptop & Accessory,2,Divorced,1,0,12.0,5.0,6.0,7.0,146.27,9,At Risk,1.0,20.895714285714288,1.75
0,0.0,0,Low Risk,0,28.0,Mobile,1,6.0,Credit Card,Male,2.0,3,Others,5,Single,1,1,14.0,,4.0,13.0,290.45,10,Champions,0.1034482758620689,58.09,0.4482758620689655
0,0.0,0,Low Risk,0,4.0,Computer,1,16.0,Credit Card,Female,4.0,4,Laptop & Accessory,3,Single,9,1,19.0,2.0,2.0,8.0,171.95,7,Loyal,0.8,57.31666666666666,1.6
0,0.0,0,Low Risk,2,5.0,Mobile,1,35.0,Debit Card,Female,,4,Mobile,4,Single,2,0,13.0,3.0,4.0,1.0,128.37,10,Hibernating,0.6666666666666666,25.674,0.1666666666666666
0,0.0,0,Low Risk,0,9.0,Mobile,1,32.0,Credit Card,Female,3.0,4,Fashion,3,Married,3,1,12.0,1.0,11.0,,228.88,15,Champions,0.4,19.07333333333333,
0,0.0,0,Low Risk,1,13.0,Computer,3,27.0,Debit Card,Male,3.0,4,Laptop & Accessory,1,Married,4,0,19.0,2.0,3.0,3.0,166.27,10,Loyal,0.2857142857142857,41.5675,0.2142857142857142
1,1.0,1,High Risk,3,4.0,Mobile,3,32.0,E wallet,Male,3.0,5,Fashion,4,Single,4,1,13.0,2.0,2.0,,215.94,14,Champions,1.0,71.98,
0,0.0,0,Low Risk,2,22.0,Computer,1,7.0,Credit Card,Male,3.0,2,Grocery,2,Single,4,0,,1.0,3.0,2.0,293.85,13,Champions,0.0869565217391304,73.4625,0.0869565217391304
0,0.0,0,Low Risk,0,9.0,Computer,1,11.0,Debit Card,Male,3.0,4,Laptop & Accessory,3,Single,3,1,12.0,2.0,2.0,2.0,167.49,10,Loyal,0.4,55.830000000000005,0.2
0,0.0,0,Low Risk,2,13.0,Computer,1,15.0,UPI,Male,2.0,3,Laptop & Accessory,3,Married,4,0,11.0,1.0,1.0,7.0,139.75,4,Hibernating,0.2142857142857142,69.875,0.5
0,0.0,0,Low Risk,2,,Mobile,1,7.0,Debit Card,Female,2.0,3,Mobile,5,Married,3,0,22.0,0.0,1.0,0.0,120.66,7,Recent Customers,3.0,60.33,0.0
0,0.0,0,Low Risk,0,3.0,Computer,1,7.0,Debit Card,Male,4.0,2,Laptop & Accessory,3,Single,10,1,13.0,1.0,2.0,3.0,187.94,10,Loyal,0.5,62.64666666666667,0.75
0,0.0,0,Low Risk,2,9.0,Mobile,1,30.0,Credit Card,Male,4.0,6,Mobile Phone,3,Married,2,0,17.0,2.0,2.0,4.0,152.05,8,Hibernating,0.6,50.68333333333334,0.4
1,1.0,1,High Risk,0,1.0,Mobile,1,32.0,Debit Card,Male,3.0,4,Mobile Phone,1,Single,3,1,25.0,1.0,2.0,2.0,152.95,9,Hibernating,2.0,50.98333333333333,1.0
0,0.0,0,Low Risk,2,22.0,Mobile,1,11.0,Cash on Delivery,Male,3.0,3,Laptop & Accessory,3,Married,3,0,14.0,0.0,1.0,2.0,166.51,9,Recent Customers,0.1304347826086956,83.255,0.0869565217391304
0,0.0,0,Low Risk,2,24.0,Mobile,1,17.0,Cash on Delivery,Female,2.0,4,Grocery,4,Single,4,0,16.0,0.0,1.0,3.0,231.42,10,Hibernating,0.16,115.71,0.12
0,0.0,0,Low Risk,2,17.0,Mobile,1,21.0,Debit Card,Male,4.0,4,Grocery,5,Married,8,0,,2.0,2.0,1.0,296.59,14,Champions,0.2222222222222222,98.86333333333332,0.0555555555555555
0,0.0,0,Low Risk,2,15.0,Mobile,1,14.0,Cash on Delivery,Female,3.0,2,Mobile Phone,3,Divorced,3,0,14.0,2.0,2.0,9.0,158.76,7,Loyal,0.125,52.92,0.5625
0,0.0,0,Low Risk,2,12.0,Computer,1,9.0,Credit Card,Female,4.0,5,Mobile Phone,4,Married,6,0,15.0,1.0,2.0,6.0,149.68,7,At Risk,0.3846153846153846,49.89333333333334,0.4615384615384615
0,0.0,0,Low Risk,0,29.0,Computer,1,25.0,Credit Card,Male,4.0,4,Laptop & Accessory,4,Divorced,5,1,15.0,7.0,7.0,8.0,188.85,11,Champions,0.1333333333333333,23.60625,0.2666666666666666
1,1.0,1,High Risk,0,0.0,Computer,1,,Debit Card,Female,2.0,1,Mobile,3,Single,4,1,14.0,0.0,1.0,3.0,124.32,5,Hibernating,1.0,62.16,3.0
0,0.0,0,Low Risk,2,12.0,Mobile,1,16.0,Credit Card,Male,3.0,3,Fashion,3,Single,8,0,21.0,2.0,,2.0,234.64,14,Champions,0.2307692307692307,234.64,0.1538461538461538
0,0.0,0,Low Risk,1,14.0,Computer,3,16.0,Credit Card,Male,2.0,5,Laptop & Accessory,4,Single,2,0,13.0,3.0,11.0,9.0,161.51,9,Loyal,0.3333333333333333,13.459166666666668,0.6
1,0.813616156578064,1,High Risk,0,20.0,Computer,1,,Debit Card,Male,2.0,4,Mobile,2,Married,10,1,14.0,0.0,1.0,0.0,123.8,7,Recent Customers,0.1904761904761904,61.9,0.0
0,0.0,0,Low Risk,2,12.0,Mobile,2,8.0,Debit Card,Female,2.0,4,Laptop & Accessory,1,Married,9,0,11.0,1.0,1.0,4.0,152.04,5,Hibernating,0.3076923076923077,76.02,0.3076923076923077
1,1.0,1,High Risk,0,1.0,Mobile,1,13.0,Debit Card,Male,4.0,2,Mobile Phone,5,Married,3,1,22.0,1.0,2.0,1.0,141.01,8,Recent Customers,1.0,47.00333333333333,0.5
0,0.0,0,Low Risk,1,18.0,Computer,3,8.0,Debit Card,Female,3.0,3,Laptop & Accessory,3,Married,5,0,22.0,3.0,5.0,7.0,151.54,8,At Risk,0.1578947368421052,25.256666666666664,0.3684210526315789
0,0.0,0,Low Risk,2,2.0,Mobile,1,15.0,Credit Card,Female,,3,Mobile,3,Married,10,0,17.0,0.0,1.0,2.0,129.74,6,Recent Customers,1.0,64.87,0.6666666666666666
0,0.5115137696266174,1,Medium Risk,0,,Mobile,1,20.0,Debit Card,Male,2.0,3,Mobile,5,Married,2,1,14.0,5.0,6.0,8.0,122.35,7,At Risk,3.0,17.478571428571428,8.0
0,0.0,0,Low Risk,2,1.0,Mobile,1,24.0,Credit Card,Female,3.0,5,Laptop & Accessory,3,Married,3,0,16.0,1.0,4.0,3.0,168.77,10,Loyal,2.5,33.754000000000005,1.5
1,1.0,1,High Risk,2,0.0,Computer,1,9.0,Cash on Delivery,Male,,3,Mobile,5,Single,1,0,22.0,0.0,1.0,4.0,131.02,4,Hibernating,3.0,65.51,4.0
1,1.0,1,High Risk,1,1.0,Computer,2,29.0,UPI,Female,3.0,5,Mobile Phone,4,Married,3,0,13.0,2.0,2.0,1.0,153.63,10,Hibernating,2.5,51.21,0.5
0,0.4792164266109466,1,Medium Risk,0,,Mobile,1,20.0,Debit Card,Male,2.0,3,Mobile,5,Divorced,2,1,14.0,2.0,6.0,8.0,122.35,7,At Risk,3.0,17.478571428571428,8.0
0,0.0,0,Low Risk,2,4.0,Computer,1,16.0,Credit Card,Male,4.0,4,Laptop & Accessory,5,Married,3,0,12.0,1.0,7.0,11.0,155.72,9,Loyal,0.8,19.465,2.2
0,0.0,0,Low Risk,2,8.0,Mobile,1,34.0,Credit Card,Female,4.0,4,Mobile Phone,4,Single,4,0,16.0,1.0,2.0,3.0,148.11,7,Hibernating,0.4444444444444444,49.370000000000005,0.3333333333333333
0,0.0,0,Low Risk,2,0.0,Mobile,1,7.0,Credit Card,Male,,3,Mobile,5,Single,1,0,13.0,7.0,7.0,6.0,128.67,8,At Risk,3.0,16.08375,6.0
0,0.0,0,Low Risk,2,14.0,Computer,1,18.0,Cash on Delivery,Female,4.0,4,Laptop & Accessory,3,Married,3,0,12.0,3.0,10.0,5.0,188.23,11,Champions,0.2666666666666666,17.11181818181818,0.3333333333333333
0,0.0,0,Low Risk,2,31.0,Mobile,1,25.0,Credit Card,Male,4.0,4,Fashion,2,Single,8,0,13.0,2.0,6.0,,230.12,15,Champions,0.125,32.87428571428571,
0,0.0,0,Low Risk,1,9.0,Computer,3,18.0,E wallet,Male,3.0,4,Laptop & Accessory,1,Married,3,0,12.0,2.0,2.0,3.0,174.68,10,Loyal,0.4,58.22666666666667,0.3
0,0.0,0,Low Risk,0,16.0,Mobile,1,10.0,Debit Card,Female,4.0,2,Laptop & Accessory,1,Married,4,1,14.0,2.0,2.0,4.0,177.31,10,Loyal,0.1176470588235294,59.10333333333333,0.2352941176470588
0,0.0,0,Low Risk,1,12.0,Mobile,3,9.0,E wallet,Male,3.0,4,Fashion,4,Single,9,0,17.0,2.0,2.0,1.0,198.51,13,Champions,0.3076923076923077,66.17,0.0769230769230769
0,0.0,0,Low Risk,2,7.0,Mobile,1,25.0,Debit Card,Female,,4,Mobile,1,Married,2,0,12.0,1.0,8.0,7.0,129.29,8,At Risk,0.5,14.365555555555554,0.875
0,0.0,0,Low Risk,2,25.0,Computer,1,25.0,Credit Card,Male,2.0,3,Mobile Phone,2,Divorced,1,0,18.0,1.0,1.0,2.0,142.58,7,Recent Customers,0.1153846153846153,71.29,0.0769230769230769
0,0.0,0,Low Risk,2,22.0,Mobile,1,9.0,Cash on Delivery,Male,4.0,2,Mobile Phone,4,Single,7,0,12.0,1.0,2.0,1.0,150.59,9,Hibernating,0.0869565217391304,50.196666666666665,0.0434782608695652
1,1.0,1,High Risk,3,1.0,Mobile,3,7.0,Credit Card,Female,3.0,5,Mobile Phone,3,Married,8,1,20.0,2.0,2.0,3.0,153.0,8,Hibernating,2.5,51.0,1.5
0,0.0,0,Low Risk,1,3.0,Computer,3,6.0,E wallet,Male,3.0,4,Laptop & Accessory,2,Divorced,2,0,20.0,1.0,2.0,2.0,168.42,10,Loyal,1.0,56.13999999999999,0.5
0,0.0,0,Low Risk,2,12.0,Computer,1,14.0,Debit Card,Male,3.0,2,Mobile Phone,3,Married,3,0,12.0,1.0,2.0,4.0,151.1,8,Hibernating,0.1538461538461538,50.36666666666667,0.3076923076923077
1,1.0,1,High Risk,3,4.0,Mobile,3,26.0,E wallet,Female,,3,Mobile,4,Single,2,1,22.0,0.0,1.0,2.0,131.4,6,Recent Customers,0.6,65.7,0.4
0,0.0,0,Low Risk,2,12.0,Mobile,1,17.0,Credit Card,Female,4.0,4,Laptop & Accessory,3,Divorced,5,0,20.0,2.0,2.0,,223.24,14,Champions,0.3076923076923077,74.41333333333334,
0,0.0,0,Low Risk,2,13.0,Mobile,1,9.0,Cash on Delivery,Female,4.0,5,Laptop & Accessory,3,Single,3,0,12.0,3.0,12.0,11.0,170.53,9,Loyal,0.3571428571428571,13.117692307692309,0.7857142857142857
1,1.0,1,High Risk,0,2.0,Mobile,1,36.0,Credit Card,Male,4.0,4,Laptop & Accessory,5,Married,9,1,20.0,2.0,2.0,1.0,191.73,12,Loyal,1.3333333333333333,63.91,0.3333333333333333
0,0.0,0,Low Risk,2,24.0,Mobile,1,6.0,Debit Card,Male,,3,Mobile,2,Divorced,2,0,11.0,1.0,1.0,0.0,127.23,7,Recent Customers,0.12,63.615,0.0
0,0.0,0,Low Risk,2,,Mobile,1,16.0,Debit Card,Male,2.0,3,Mobile,4,Married,2,0,14.0,1.0,1.0,0.0,120.08,7,Recent Customers,3.0,60.04,0.0
1,0.4718083143234253,1,Medium Risk,2,9.0,Mobile,1,27.0,Credit Card,Female,3.0,3,Laptop & Accessory,4,Married,5,0,22.0,3.0,3.0,7.0,189.26,10,Champions,0.3,47.315,0.7
0,0.0,0,Low Risk,2,16.0,Computer,1,34.0,Credit Card,Female,3.0,1,Mobile Phone,3,Single,5,0,12.0,0.0,1.0,2.0,147.39,7,Recent Customers,0.0588235294117647,73.695,0.1176470588235294
0,0.0,0,Low Risk,0,7.0,Mobile,1,6.0,Debit Card,Male,2.0,4,Mobile Phone,2,Divorced,2,1,13.0,0.0,1.0,3.0,136.22,5,Hibernating,0.5,68.11,0.375
0,0.0,0,Low Risk,2,1.0,Mobile,1,9.0,Credit Card,Male,3.0,2,Laptop & Accessory,1,Married,3,0,13.0,2.0,2.0,4.0,179.72,10,Loyal,1.0,59.906666666666666,2.0
1,1.0,1,High Risk,0,0.0,Mobile,1,,Credit Card,Female,3.0,4,Mobile,5,Single,2,1,15.0,0.0,1.0,0.0,126.0,7,Recent Customers,4.0,63.0,0.0
0,0.0,0,Low Risk,1,9.0,Mobile,3,8.0,Credit Card,Male,3.0,4,Fashion,3,Divorced,2,0,13.0,9.0,9.0,0.0,175.96,14,Champions,0.4,17.596,0.0
0,0.0,0,Low Risk,0,5.0,Mobile,1,9.0,Credit Card,Female,3.0,6,Mobile Phone,1,Married,3,1,12.0,1.0,2.0,1.0,136.29,7,Recent Customers,1.0,45.43,0.1666666666666666
0,0.0,0,Low Risk,2,19.0,Mobile,1,8.0,Cash on Delivery,Male,2.0,3,Laptop & Accessory,1,Married,3,0,11.0,0.0,1.0,4.0,173.79,8,Hibernating,0.15,86.895,0.2
0,0.0,0,Low Risk,1,7.0,Computer,3,24.0,Debit Card,Male,3.0,4,Grocery,3,Single,3,0,,6.0,7.0,1.0,299.44,15,Champions,0.5,37.43,0.125
0,0.0,0,Low Risk,1,5.0,Computer,3,27.0,Debit Card,Male,4.0,2,Mobile Phone,2,Divorced,2,0,13.0,2.0,3.0,3.0,152.91,9,Hibernating,0.3333333333333333,38.2275,0.5
1,1.0,1,High Risk,3,1.0,Mobile,3,16.0,E wallet,Female,4.0,4,Laptop & Accessory,5,Single,5,1,18.0,1.0,2.0,4.0,207.24,11,Champions,2.0,69.08,2.0
0,0.0,0,Low Risk,2,0.0,Computer,1,6.0,Debit Card,Female,2.0,3,Laptop & Accessory,4,Married,2,0,20.0,1.0,1.0,4.0,163.97,7,Hibernating,3.0,81.985,4.0
0,0.0,0,Low Risk,2,2.0,Computer,1,26.0,Credit Card,Male,2.0,3,Mobile Phone,1,Married,2,0,13.0,1.0,3.0,10.0,138.12,6,At Risk,1.0,34.53,3.333333333333333
0,0.0,0,Low Risk,1,18.0,Mobile,3,26.0,Debit Card,Female,2.0,3,Laptop & Accessory,3,Single,9,0,15.0,0.0,1.0,1.0,148.5,7,Recent Customers,0.1578947368421052,74.25,0.0526315789473684
1,1.0,1,High Risk,3,14.0,Computer,3,7.0,UPI,Male,3.0,4,Laptop & Accessory,3,Single,5,1,15.0,2.0,2.0,1.0,172.28,11,Loyal,0.2666666666666666,57.42666666666667,0.0666666666666666
1,1.0,1,High Risk,3,14.0,Mobile,3,35.0,E wallet,Male,3.0,5,Fashion,5,Married,6,1,14.0,3.0,,1.0,233.54,15,Champions,0.3333333333333333,233.54,0.0666666666666666
0,0.0,0,Low Risk,1,13.0,Mobile,3,8.0,E wallet,Female,3.0,3,Laptop & Accessory,4,Married,4,0,14.0,1.0,5.0,10.0,156.77,8,Loyal,0.2142857142857142,26.12833333333333,0.7142857142857143
1,0.0,0,Low Risk,2,1.0,Mobile,1,9.0,Credit Card,Male,3.0,4,Mobile Phone,3,Single,8,0,18.0,1.0,3.0,2.0,168.82,11,Loyal,2.0,42.205,1.0
0,0.0,0,Low Risk,2,7.0,Computer,2,17.0,Debit Card,Male,2.0,4,Laptop & Accessory,4,Divorced,5,0,11.0,0.0,1.0,8.0,144.9,4,Hibernating,0.5,72.45,1.0
1,1.0,1,High Risk,0,1.0,Computer,1,13.0,Debit Card,Female,4.0,5,Mobile Phone,1,Single,3,1,19.0,1.0,2.0,1.0,154.26,11,Loyal,2.5,51.42,0.5
0,0.0,0,Low Risk,2,,Computer,1,23.0,Debit Card,Male,3.0,5,Mobile,3,Single,3,0,13.0,1.0,1.0,0.0,122.9,7,Recent Customers,5.0,61.45,0.0
0,0.0,0,Low Risk,2,8.0,Mobile,1,7.0,Debit Card,Male,3.0,4,Laptop & Accessory,1,Married,11,0,18.0,2.0,3.0,2.0,179.84,12,Champions,0.4444444444444444,44.96,0.2222222222222222
0,0.0,0,Low Risk,2,13.0,Mobile,1,8.0,Credit Card,Male,2.0,3,Others,3,Married,1,0,,3.0,3.0,9.0,294.36,10,Champions,0.2142857142857142,73.59,0.6428571428571429
0,0.0,0,Low Risk,0,9.0,Mobile,1,6.0,Cash on Delivery,Female,3.0,5,Fashion,5,Married,3,1,21.0,5.0,7.0,7.0,202.52,11,Champions,0.5,25.315,0.7
0,0.0,0,Low Risk,0,7.0,Mobile,1,15.0,Debit Card,Male,4.0,4,Laptop & Accessory,3,Single,4,1,18.0,2.0,2.0,1.0,188.88,12,Loyal,0.5,62.96,0.125
1,1.0,1,High Risk,2,0.0,Mobile,1,22.0,Debit Card,Female,,1,Mobile,5,Single,2,0,16.0,3.0,15.0,14.0,127.43,7,At Risk,1.0,7.964375,14.0
0,0.0,0,Low Risk,2,23.0,Mobile,1,6.0,Credit Card,Male,3.0,3,Grocery,1,Married,10,0,22.0,,1.0,3.0,273.99,10,Hibernating,0.125,136.995,0.125
0,0.0,0,Low Risk,2,14.0,Computer,1,16.0,Credit Card,Female,3.0,4,Fashion,3,Single,11,0,18.0,1.0,,14.0,259.99,11,Champions,0.2666666666666666,259.99,0.9333333333333332
0,0.0,0,Low Risk,1,30.0,Mobile,3,9.0,Debit Card,Female,2.0,4,Laptop & Accessory,2,Single,6,0,17.0,0.0,1.0,5.0,151.71,5,Hibernating,0.1290322580645161,75.855,0.1612903225806451
0,0.0,0,Low Risk,2,,Computer,1,9.0,Debit Card,Male,2.0,4,Mobile Phone,3,Married,2,0,18.0,1.0,1.0,0.0,112.81,7,Recent Customers,4.0,56.405,0.0
0,0.0,0,Low Risk,2,0.0,Mobile,1,8.0,Credit Card,Male,2.0,1,Laptop & Accessory,1,Married,2,0,12.0,1.0,1.0,3.0,154.72,8,Hibernating,1.0,77.36,3.0
0,0.0,0,Low Risk,2,13.0,Mobile,1,,Credit Card,Male,3.0,3,Mobile,3,Married,3,0,14.0,1.0,1.0,2.0,123.45,6,Recent Customers,0.2142857142857142,61.725,0.1428571428571428
0,0.0,0,Low Risk,2,0.0,Mobile,1,14.0,Credit Card,Female,2.0,1,Mobile,3,Married,8,0,17.0,0.0,1.0,2.0,135.17,6,Recent Customers,1.0,67.585,2.0
0,0.0,0,Low Risk,2,15.0,Mobile,1,14.0,Credit Card,Female,3.0,4,Laptop & Accessory,3,Single,8,0,15.0,3.0,3.0,2.0,175.03,12,Champions,0.25,43.7575,0.125
0,0.0,0,Low Risk,2,7.0,Computer,1,8.0,Debit Card,Male,3.0,3,Laptop & Accessory,3,Single,3,0,11.0,1.0,1.0,2.0,140.33,6,Recent Customers,0.375,70.165,0.25
0,0.0,0,Low Risk,1,1.0,Computer,3,31.0,Credit Card,Male,3.0,4,Mobile Phone,1,Married,2,0,14.0,2.0,3.0,2.0,149.0,10,Hibernating,2.0,37.25,1.0
1,1.0,1,High Risk,3,3.0,Mobile,3,28.0,E wallet,Male,3.0,4,Laptop & Accessory,3,Divorced,3,1,12.0,1.0,1.0,0.0,163.8,10,Recent Customers,1.0,81.9,0.0
0,0.0,0,Low Risk,2,7.0,Computer,1,8.0,Debit Card,Male,2.0,4,Laptop & Accessory,3,Divorced,2,0,17.0,0.0,1.0,9.0,195.47,7,Hibernating,0.5,97.735,1.125
0,0.0,0,Low Risk,2,10.0,Mobile,1,13.0,Debit Card,Male,3.0,4,Mobile Phone,1,Married,2,0,12.0,2.0,11.0,12.0,157.1,9,Loyal,0.3636363636363636,13.091666666666669,1.0909090909090908
0,0.0,0,Low Risk,1,4.0,Mobile,3,13.0,Cash on Delivery,Male,3.0,2,Laptop & Accessory,2,Divorced,5,0,11.0,3.0,7.0,7.0,169.29,10,Loyal,0.4,21.16125,1.4
0,0.0,0,Low Risk,1,11.0,Mobile,3,6.0,Debit Card,Male,2.0,3,Laptop & Accessory,4,Married,1,0,15.0,4.0,5.0,8.0,144.4,7,At Risk,0.25,24.066666666666663,0.6666666666666666
0,0.0,0,Low Risk,1,22.0,Mobile,3,9.0,E wallet,Female,3.0,4,Laptop & Accessory,2,Divorced,4,0,15.0,5.0,7.0,8.0,165.51,9,Loyal,0.1739130434782608,20.68875,0.3478260869565217
0,0.0,0,Low Risk,1,0.0,Mobile,3,32.0,Credit Card,Female,2.0,3,Laptop & Accessory,1,Single,2,0,23.0,0.0,1.0,4.0,161.8,7,Hibernating,3.0,80.9,4.0
1,1.0,1,High Risk,1,1.0,Mobile,3,16.0,Debit Card,Male,3.0,5,Mobile Phone,5,Single,9,0,24.0,1.0,2.0,4.0,159.07,9,Loyal,2.5,53.02333333333333,2.0
0,0.0,0,Low Risk,1,16.0,Mobile,3,12.0,E wallet,Male,3.0,4,Others,3,Divorced,8,0,,1.0,2.0,1.0,308.03,14,Champions,0.2352941176470588,102.67666666666666,0.0588235294117647
1,1.0,1,High Risk,1,0.0,Computer,3,,Cash on Delivery,Female,3.0,5,Mobile,5,Single,1,0,21.0,1.0,1.0,0.0,123.25,7,Recent Customers,5.0,61.625,0.0
0,0.0,0,Low Risk,2,16.0,Computer,1,16.0,Debit Card,Female,2.0,4,Laptop & Accessory,3,Married,2,0,11.0,0.0,1.0,0.0,152.57,8,Recent Customers,0.2352941176470588,76.285,0.0
1,1.0,1,High Risk,0,1.0,Mobile,1,9.0,Debit Card,Female,4.0,4,Mobile Phone,5,Married,3,1,13.0,2.0,2.0,1.0,145.74,8,Recent Customers,2.0,48.580000000000005,0.5
0,0.0,0,Low Risk,2,,Mobile,1,29.0,Debit Card,Male,2.0,3,Mobile,2,Single,10,0,16.0,1.0,1.0,2.0,122.01,6,Recent Customers,3.0,61.005,2.0
1,1.0,1,High Risk,0,0.0,Mobile,1,,Debit Card,Female,3.0,3,Mobile,2,Divorced,2,1,11.0,1.0,1.0,0.0,125.15,7,Recent Customers,3.0,62.575,0.0
0,0.0,0,Low Risk,0,4.0,Mobile,1,8.0,Credit Card,Female,2.0,5,Mobile Phone,1,Married,2,1,11.0,0.0,1.0,0.0,111.29,7,Recent Customers,1.0,55.645,0.0
0,0.0,0,Low Risk,2,0.0,Computer,1,15.0,Debit Card,Male,,4,Mobile,4,Married,2,0,11.0,0.0,1.0,0.0,126.94,7,Recent Customers,4.0,63.47,0.0
1,0.6779093146324158,1,Medium Risk,2,1.0,Mobile,2,16.0,Cash on Delivery,Female,3.0,4,Mobile Phone,3,Married,3,0,16.0,3.0,3.0,3.0,152.42,9,Hibernating,2.0,38.105,1.5
0,0.0,0,Low Risk,1,9.0,Mobile,3,25.0,Credit Card,Male,4.0,4,Laptop & Accessory,5,Married,2,0,17.0,2.0,2.0,5.0,180.61,9,Loyal,0.4,60.20333333333334,0.5
0,0.0,0,Low Risk,0,22.0,Computer,1,16.0,Debit Card,Female,2.0,3,Others,5,Single,10,1,11.0,,1.0,2.0,286.65,11,Recent Customers,0.1304347826086956,143.325,0.0869565217391304
0,0.0,0,Low Risk,2,9.0,Mobile,1,10.0,Debit Card,Male,2.0,4,Laptop & Accessory,1,Single,2,0,16.0,0.0,1.0,8.0,158.1,6,Hibernating,0.4,79.05,0.8
0,0.0,0,Low Risk,1,9.0,Computer,3,18.0,E wallet,Male,3.0,4,Laptop & Accessory,2,Married,3,0,12.0,1.0,2.0,3.0,174.68,10,Loyal,0.4,58.22666666666667,0.3
0,0.0,0,Low Risk,1,6.0,Computer,3,8.0,E wallet,Female,3.0,3,Laptop & Accessory,4,Single,9,0,15.0,1.0,1.0,7.0,151.47,5,Hibernating,0.4285714285714285,75.735,1.0
0,0.0,0,Low Risk,1,2.0,Mobile,3,12.0,Credit Card,Male,3.0,4,Laptop & Accessory,5,Single,2,0,19.0,1.0,2.0,,209.63,14,Champions,1.3333333333333333,69.87666666666667,
1,1.0,1,High Risk,2,1.0,Computer,1,36.0,Credit Card,Female,3.0,5,Laptop & Accessory,3,Single,3,0,23.0,3.0,4.0,9.0,170.08,8,Loyal,2.5,34.016000000000005,4.5
0,0.0,0,Low Risk,0,0.0,Mobile,1,,Debit Card,Male,2.0,1,Mobile,4,Married,2,1,16.0,2.0,2.0,2.0,123.28,7,Recent Customers,1.0,41.09333333333333,2.0
0,0.0,0,Low Risk,2,8.0,Mobile,1,12.0,Credit Card,Female,3.0,5,Fashion,5,Single,4,0,13.0,3.0,,9.0,241.31,11,Champions,0.5555555555555556,241.31,1.0
1,1.0,1,High Risk,2,2.0,Mobile,1,9.0,Credit Card,Male,3.0,4,Laptop & Accessory,4,Married,6,0,12.0,2.0,2.0,5.0,173.55,9,Loyal,1.3333333333333333,57.85,1.6666666666666667
0,0.0,0,Low Risk,2,13.0,Mobile,1,25.0,Debit Card,Male,3.0,4,Laptop & Accessory,3,Single,2,0,12.0,2.0,2.0,8.0,170.34,7,Loyal,0.2857142857142857,56.78,0.5714285714285714
0,0.0,0,Low Risk,2,14.0,Computer,1,13.0,Debit Card,Female,2.0,5,Others,3,Married,2,0,,5.0,5.0,10.0,299.73,11,Champions,0.3333333333333333,49.955000000000005,0.6666666666666666
0,0.0,0,Low Risk,2,9.0,Mobile,1,34.0,Credit Card,Female,3.0,5,Mobile Phone,5,Single,3,0,12.0,2.0,2.0,2.0,150.59,9,Hibernating,0.5,50.196666666666665,0.2
0,0.0,0,Low Risk,2,31.0,Mobile,1,30.0,Debit Card,Male,3.0,4,Mobile Phone,3,Married,3,0,13.0,3.0,3.0,3.0,148.72,9,Hibernating,0.125,37.18,0.09375
0,0.0,0,Low Risk,0,2.0,Mobile,1,14.0,Credit Card,Male,3.0,4,Laptop & Accessory,2,Divorced,2,1,13.0,0.0,1.0,2.0,150.56,7,Recent Customers,1.3333333333333333,75.28,0.6666666666666666
0,0.0,0,Low Risk,2,9.0,Mobile,1,18.0,Credit Card,Female,2.0,4,Fashion,2,Single,1,0,11.0,5.0,7.0,8.0,188.58,11,Champions,0.4,23.5725,0.8
0,0.0,0,Low Risk,2,11.0,Mobile,1,26.0,Debit Card,Male,3.0,4,Laptop & Accessory,3,Married,5,0,18.0,1.0,2.0,3.0,182.68,10,Loyal,0.3333333333333333,60.89333333333334,0.25
0,0.0,0,Low Risk,2,19.0,Mobile,1,32.0,Debit Card,Female,4.0,5,Laptop & Accessory,1,Married,2,0,14.0,1.0,4.0,9.0,184.06,9,Champions,0.25,36.812,0.45
1,1.0,1,High Risk,3,0.0,Mobile,3,19.0,E wallet,Male,3.0,4,Laptop & Accessory,5,Married,6,1,13.0,1.0,2.0,2.0,161.34,10,Loyal,4.0,53.78,2.0
0,0.0,0,Low Risk,2,3.0,Mobile,1,9.0,Debit Card,Male,4.0,4,Mobile Phone,4,Married,2,0,24.0,2.0,2.0,5.0,152.03,7,At Risk,1.0,50.67666666666667,1.25
1,1.0,1,High Risk,0,1.0,Mobile,1,35.0,Credit Card,Male,3.0,3,Laptop & Accessory,5,Divorced,8,1,19.0,0.0,1.0,0.0,166.73,10,Recent Customers,1.5,83.365,0.0
1,1.0,1,High Risk,2,0.0,Mobile,1,,Cash on Delivery,Male,3.0,4,Mobile,5,Single,7,0,13.0,1.0,1.0,7.0,123.62,4,Hibernating,4.0,61.81,7.0
1,1.0,1,High Risk,2,0.0,Mobile,1,,Cash on Delivery,Female,3.0,4,Mobile,4,Divorced,6,0,16.0,0.0,1.0,1.0,125.46,6,Recent Customers,4.0,62.73,1.0
0,0.0,0,Low Risk,2,2.0,Mobile,1,16.0,Credit Card,Male,4.0,4,Mobile Phone,2,Divorced,3,0,24.0,2.0,2.0,5.0,145.7,6,Hibernating,1.3333333333333333,48.56666666666666,1.6666666666666667
0,0.0,0,Low Risk,2,21.0,Mobile,1,9.0,Credit Card,Female,4.0,4,Laptop & Accessory,1,Married,7,0,14.0,1.0,2.0,5.0,175.7,9,Loyal,0.1818181818181818,58.56666666666666,0.2272727272727272
0,0.0,0,Low Risk,0,13.0,Mobile,1,17.0,Credit Card,Male,3.0,4,Grocery,5,Divorced,3,1,,12.0,12.0,11.0,295.68,11,Champions,0.2857142857142857,22.744615384615383,0.7857142857142857
0,0.0,0,Low Risk,2,13.0,Mobile,1,8.0,Debit Card,Male,3.0,3,Laptop & Accessory,2,Single,2,0,13.0,3.0,8.0,8.0,146.61,9,At Risk,0.2142857142857142,16.290000000000003,0.5714285714285714
0,0.0,0,Low Risk,1,5.0,Mobile,3,13.0,Debit Card,Male,3.0,4,Laptop & Accessory,3,Divorced,2,0,14.0,1.0,4.0,8.0,154.84,8,Loyal,0.6666666666666666,30.968,1.3333333333333333
1,1.0,1,High Risk,2,1.0,Mobile,1,8.0,Credit Card,Male,2.0,3,Laptop & Accessory,4,Married,5,0,11.0,0.0,1.0,4.0,148.55,5,Hibernating,1.5,74.275,2.0
0,0.0,0,Low Risk,1,18.0,Mobile,3,12.0,E wallet,Male,3.0,4,Others,4,Married,9,0,,2.0,4.0,11.0,307.13,10,Champions,0.2105263157894736,61.426,0.5789473684210527
0,0.0,0,Low Risk,0,22.0,Mobile,1,,Credit Card,Female,3.0,3,Mobile,5,Married,5,1,16.0,1.0,2.0,2.0,125.87,7,Recent Customers,0.1304347826086956,41.95666666666667,0.0869565217391304
0,0.0,0,Low Risk,3,9.0,Mobile,3,24.0,Debit Card,Male,4.0,4,Laptop & Accessory,5,Divorced,5,1,16.0,2.0,2.0,,214.66,14,Champions,0.4,71.55333333333333,
0,0.0,0,Low Risk,0,4.0,Mobile,1,18.0,Credit Card,Female,3.0,3,Mobile Phone,2,Divorced,9,1,23.0,1.0,1.0,2.0,139.29,6,Recent Customers,0.6,69.645,0.4
0,0.0,0,Low Risk,2,9.0,Mobile,1,32.0,Cash on Delivery,Male,4.0,5,Fashion,4,Married,5,0,17.0,3.0,,9.0,234.03,11,Champions,0.5,234.03,0.9
0,0.0,0,Low Risk,2,5.0,Computer,1,14.0,Debit Card,Female,3.0,5,Fashion,3,Divorced,3,0,25.0,4.0,9.0,,214.43,15,Champions,0.8333333333333334,21.443,
0,0.0,0,Low Risk,2,3.0,Mobile,1,13.0,Debit Card,Male,2.0,3,Laptop & Accessory,3,Married,2,0,13.0,8.0,8.0,9.0,134.91,7,At Risk,0.75,14.99,2.25
0,0.0,0,Low Risk,2,0.0,Mobile,1,35.0,Credit Card,Male,3.0,3,Mobile Phone,5,Married,2,0,13.0,1.0,1.0,2.0,139.07,6,Recent Customers,3.0,69.535,2.0
0,0.0,0,Low Risk,2,15.0,Mobile,1,15.0,UPI,Male,3.0,4,Others,1,Single,9,0,,1.0,1.0,1.0,296.13,11,Recent Customers,0.25,148.065,0.0625
0,0.0,0,Low Risk,2,14.0,Mobile,1,9.0,Credit Card,Female,3.0,2,Laptop & Accessory,3,Married,7,0,21.0,6.0,12.0,9.0,188.77,10,Champions,0.1333333333333333,14.52076923076923,0.6
1,1.0,1,High Risk,1,10.0,Mobile,3,16.0,Credit Card,Male,4.0,5,Fashion,1,Single,3,0,17.0,4.0,5.0,,221.19,14,Champions,0.4545454545454545,36.865,
0,0.0,0,Low Risk,0,1.0,Mobile,1,12.0,Debit Card,Female,3.0,4,Mobile Phone,4,Single,3,1,13.0,1.0,2.0,3.0,149.78,8,Hibernating,2.0,49.92666666666667,1.5
1,1.0,1,High Risk,2,1.0,Computer,1,16.0,Debit Card,Male,4.0,4,Laptop & Accessory,5,Married,6,0,18.0,1.0,2.0,8.0,178.46,8,Loyal,2.0,59.48666666666667,4.0
0,0.0,0,Low Risk,2,9.0,Computer,1,30.0,Debit Card,Female,2.0,3,Laptop & Accessory,4,Married,8,0,15.0,1.0,1.0,8.0,156.74,6,Hibernating,0.3,78.37,0.8
0,0.0,0,Low Risk,0,10.0,Mobile,1,19.0,Debit Card,Female,4.0,4,Laptop & Accessory,3,Married,11,1,13.0,1.0,2.0,2.0,171.63,10,Loyal,0.3636363636363636,57.21,0.1818181818181818
0,0.0,0,Low Risk,2,17.0,Mobile,1,7.0,Debit Card,Male,3.0,1,Laptop & Accessory,5,Married,3,0,15.0,1.0,2.0,2.0,150.33,9,Hibernating,0.0555555555555555,50.11000000000001,0.1111111111111111
0,0.3240975439548492,1,Low Risk,0,,Computer,1,8.0,Debit Card,Male,2.0,3,Mobile Phone,2,Divorced,2,1,23.0,1.0,1.0,0.0,117.02,7,Recent Customers,3.0,58.51,0.0
0,0.0,0,Low Risk,0,15.0,Mobile,1,12.0,Credit Card,Male,3.0,2,Mobile Phone,3,Divorced,4,1,13.0,2.0,2.0,4.0,146.27,7,Hibernating,0.125,48.75666666666667,0.25
0,0.0,0,Low Risk,2,5.0,Computer,1,11.0,Cash on Delivery,Male,,3,Mobile,4,Single,3,0,14.0,1.0,1.0,7.0,127.18,4,Hibernating,0.5,63.59,1.1666666666666667
0,0.0,0,Low Risk,2,25.0,Mobile,1,13.0,Debit Card,Male,3.0,4,Others,3,Single,9,0,,9.0,16.0,16.0,320.37,11,Champions,0.1538461538461538,18.845294117647057,0.6153846153846154
0,0.0,0,Low Risk,2,11.0,Mobile,1,20.0,Credit Card,Male,3.0,4,Laptop & Accessory,1,Married,3,0,18.0,1.0,4.0,8.0,167.85,8,Loyal,0.3333333333333333,33.57,0.6666666666666666
0,0.0,0,Low Risk,0,8.0,Mobile,1,9.0,Credit Card,Male,4.0,2,Mobile Phone,1,Married,2,1,15.0,2.0,2.0,3.0,154.32,9,Loyal,0.2222222222222222,51.44,0.3333333333333333
0,0.0,0,Low Risk,1,23.0,Computer,3,6.0,Debit Card,Female,3.0,3,Laptop & Accessory,3,Divorced,1,0,12.0,1.0,1.0,13.0,163.47,6,Hibernating,0.125,81.735,0.5416666666666666
0,0.0,0,Low Risk,2,0.0,Mobile,1,10.0,Credit Card,Female,2.0,3,Mobile,4,Single,2,0,13.0,0.0,1.0,2.0,132.95,6,Recent Customers,3.0,66.475,2.0
0,0.0,0,Low Risk,1,16.0,Computer,3,21.0,Debit Card,Male,2.0,4,Laptop & Accessory,1,Married,4,0,18.0,1.0,2.0,2.0,168.04,10,Loyal,0.2352941176470588,56.01333333333333,0.1176470588235294
0,0.0,0,Low Risk,2,10.0,Mobile,1,25.0,Debit Card,Male,2.0,3,Laptop & Accessory,3,Married,4,0,17.0,0.0,1.0,2.0,157.68,9,Recent Customers,0.2727272727272727,78.84,0.1818181818181818
1,1.0,1,High Risk,0,1.0,Mobile,1,35.0,Credit Card,Male,3.0,3,Laptop & Accessory,5,Married,8,1,19.0,1.0,1.0,0.0,166.73,10,Recent Customers,1.5,83.365,0.0
0,0.0,0,Low Risk,2,6.0,Mobile,1,11.0,Debit Card,Female,,4,Mobile,1,Married,2,0,13.0,0.0,1.0,2.0,129.11,6,Recent Customers,0.5714285714285714,64.555,0.2857142857142857
1,1.0,1,High Risk,1,10.0,Computer,3,15.0,Debit Card,Male,2.0,5,Grocery,3,Married,8,0,11.0,6.0,14.0,,229.36,15,Champions,0.4545454545454545,15.290666666666668,
0,0.0,0,Low Risk,0,14.0,Computer,1,28.0,Debit Card,Female,3.0,3,Laptop & Accessory,1,Married,4,1,14.0,2.0,3.0,3.0,154.67,10,Loyal,0.2,38.6675,0.2
0,0.0,0,Low Risk,1,7.0,Computer,3,14.0,Credit Card,Male,3.0,4,Laptop & Accessory,5,Divorced,2,0,15.0,1.0,2.0,4.0,168.73,9,Loyal,0.5,56.24333333333333,0.5
0,0.0,0,Low Risk,2,6.0,Computer,1,8.0,Cash on Delivery,Male,4.0,4,Laptop & Accessory,5,Married,6,0,15.0,1.0,2.0,3.0,165.87,9,Loyal,0.5714285714285714,55.29,0.4285714285714285
0,0.0,0,Low Risk,2,26.0,Mobile,1,14.0,Debit Card,Male,3.0,4,Fashion,4,Single,9,0,20.0,4.0,5.0,,229.45,14,Champions,0.1481481481481481,38.24166666666667,
0,0.0,0,Low Risk,2,6.0,Computer,1,17.0,Debit Card,Male,3.0,4,Mobile Phone,3,Married,8,0,14.0,1.0,2.0,4.0,159.33,9,Loyal,0.5714285714285714,53.11000000000001,0.5714285714285714
0,0.0,0,Low Risk,1,12.0,Mobile,3,21.0,E wallet,Male,3.0,3,Grocery,5,Single,1,0,12.0,4.0,,10.0,233.41000000000005,11,Champions,0.2307692307692307,233.41000000000005,0.7692307692307693
0,0.0,0,Low Risk,2,,Mobile,2,14.0,Credit Card,Female,3.0,1,Mobile,4,Single,10,0,18.0,1.0,1.0,2.0,121.09,6,Recent Customers,1.0,60.545,2.0
0,0.0,0,Low Risk,2,19.0,Mobile,1,8.0,Cash on Delivery,Male,2.0,3,Laptop & Accessory,2,Married,3,0,11.0,1.0,1.0,4.0,173.79,8,Hibernating,0.15,86.895,0.2
0,0.0,0,Low Risk,2,1.0,Computer,1,7.0,Debit Card,Female,2.0,5,Laptop & Accessory,1,Married,1,0,11.0,7.0,7.0,5.0,166.74,10,Loyal,2.5,20.8425,2.5
0,0.0,0,Low Risk,2,6.0,Computer,1,7.0,Cash on Delivery,Male,4.0,4,Laptop & Accessory,5,Married,6,0,15.0,2.0,2.0,3.0,165.87,9,Loyal,0.5714285714285714,55.29,0.4285714285714285
0,0.0,0,Low Risk,3,19.0,Mobile,3,11.0,Debit Card,Female,2.0,4,Laptop & Accessory,5,Married,6,1,12.0,1.0,2.0,4.0,175.06,10,Loyal,0.2,58.35333333333333,0.2
0,0.0,0,Low Risk,0,22.0,Mobile,1,,Credit Card,Female,3.0,3,Mobile,5,Married,5,1,16.0,0.0,2.0,2.0,125.87,7,Recent Customers,0.1304347826086956,41.95666666666667,0.0869565217391304
0,1.0,1,High Risk,3,1.0,Mobile,3,30.0,E wallet,Female,3.0,5,Laptop & Accessory,1,Married,9,1,20.0,1.0,2.0,1.0,166.57,11,Loyal,2.5,55.52333333333333,0.5
0,0.0,0,Low Risk,0,29.0,Mobile,1,14.0,Debit Card,Female,3.0,3,Mobile Phone,5,Married,5,1,18.0,2.0,2.0,2.0,142.57,8,Recent Customers,0.1,47.52333333333333,0.0666666666666666
1,1.0,1,High Risk,2,1.0,Mobile,1,23.0,Debit Card,Female,3.0,2,Mobile Phone,5,Single,3,0,17.0,4.0,16.0,15.0,152.43,8,At Risk,1.0,8.966470588235294,7.5
0,0.0,0,Low Risk,0,9.0,Mobile,1,15.0,Credit Card,Male,2.0,4,Laptop & Accessory,4,Married,3,1,11.0,0.0,1.0,2.0,188.47,10,Recent Customers,0.4,94.235,0.2
0,0.0,0,Low Risk,2,3.0,Mobile,1,7.0,Debit Card,Female,4.0,4,Mobile Phone,2,Married,3,0,16.0,1.0,2.0,3.0,162.6,9,Loyal,1.0,54.2,0.75
0,0.0,0,Low Risk,1,25.0,Mobile,3,33.0,E wallet,Female,4.0,4,Grocery,3,Divorced,4,0,15.0,,5.0,18.0,288.07,11,Champions,0.1538461538461538,48.01166666666666,0.6923076923076923
0,0.0,0,Low Risk,1,8.0,Mobile,3,7.0,E wallet,Male,4.0,2,Laptop & Accessory,1,Married,2,0,12.0,1.0,2.0,,222.25,14,Champions,0.2222222222222222,74.08333333333333,
0,0.0,0,Low Risk,3,19.0,Mobile,3,11.0,Debit Card,Female,2.0,4,Laptop & Accessory,5,Married,6,1,12.0,1.0,2.0,4.0,175.06,10,Loyal,0.2,58.35333333333333,0.2
0,0.0,0,Low Risk,2,11.0,Computer,1,12.0,Debit Card,Male,3.0,4,Laptop & Accessory,3,Married,3,0,11.0,2.0,7.0,7.0,153.21,9,At Risk,0.3333333333333333,19.15125,0.5833333333333334
0,0.0,0,Low Risk,1,5.0,Mobile,3,14.0,Credit Card,Male,2.0,1,Laptop & Accessory,1,Married,2,0,15.0,0.0,1.0,8.0,162.09,6,Hibernating,0.1666666666666666,81.045,1.3333333333333333
0,0.0,0,Low Risk,2,7.0,Computer,1,21.0,Credit Card,Male,3.0,3,Grocery,5,Married,8,0,14.0,,6.0,9.0,270.07,11,Champions,0.375,38.58142857142857,1.125
1,1.0,1,High Risk,0,1.0,Computer,1,16.0,Credit Card,Male,3.0,5,Mobile Phone,5,Single,2,1,23.0,1.0,2.0,3.0,148.21,7,Hibernating,2.5,49.403333333333336,1.5
0,0.0,0,Low Risk,2,0.0,Mobile,1,9.0,Credit Card,Male,2.0,1,Mobile Phone,2,Divorced,2,0,22.0,1.0,1.0,7.0,144.2,5,Hibernating,1.0,72.1,7.0
0,0.0,0,Low Risk,3,12.0,Mobile,3,14.0,Credit Card,Female,3.0,3,Laptop & Accessory,5,Married,3,1,25.0,1.0,8.0,8.0,181.05,11,Champions,0.2307692307692307,20.116666666666667,0.6153846153846154
0,0.0,0,Low Risk,3,7.0,Mobile,3,6.0,Cash on Delivery,Male,3.0,4,Fashion,3,Divorced,2,1,14.0,7.0,8.0,6.0,170.83,10,Loyal,0.5,18.98111111111111,0.75
0,0.0,0,Low Risk,2,4.0,Mobile,1,29.0,Credit Card,Male,3.0,4,Laptop & Accessory,1,Married,1,0,21.0,0.0,7.0,8.0,155.82,9,Loyal,0.8,19.4775,1.6
0,0.0,0,Low Risk,0,1.0,Mobile,1,11.0,Debit Card,Male,3.0,2,Laptop & Accessory,4,Married,3,1,21.0,2.0,2.0,4.0,186.42,10,Loyal,1.0,62.13999999999999,2.0
0,0.0,0,Low Risk,2,3.0,Mobile,1,26.0,UPI,Male,2.0,3,Laptop & Accessory,5,Married,1,0,15.0,0.0,1.0,2.0,199.57,10,Recent Customers,0.75,99.785,0.5
0,0.0,0,Low Risk,0,7.0,Computer,1,7.0,UPI,Female,3.0,2,Laptop & Accessory,4,Divorced,3,1,14.0,1.0,2.0,3.0,179.88,10,Loyal,0.25,59.96,0.375
0,0.0,0,Low Risk,2,21.0,Computer,1,10.0,Credit Card,Male,2.0,4,Grocery,1,Married,3,0,25.0,0.0,,2.0,252.02,14,Champions,0.1818181818181818,252.02,0.0909090909090909
0,0.0,0,Low Risk,2,22.0,Mobile,1,14.0,UPI,Female,2.0,3,Fashion,4,Divorced,5,0,11.0,0.0,1.0,7.0,174.03,8,Hibernating,0.1304347826086956,87.015,0.3043478260869565
0,0.0,0,Low Risk,1,1.0,Mobile,3,17.0,Credit Card,Female,4.0,5,Mobile Phone,3,Single,3,0,13.0,2.0,2.0,1.0,137.0,7,Recent Customers,2.5,45.66666666666666,0.5
0,0.0,0,Low Risk,2,20.0,Mobile,1,7.0,Credit Card,Male,4.0,4,Fashion,5,Married,9,0,17.0,1.0,2.0,,218.96,14,Champions,0.1904761904761904,72.98666666666666,
0,0.0,0,Low Risk,0,6.0,Mobile,1,14.0,Debit Card,Male,3.0,3,Laptop & Accessory,3,Single,3,1,17.0,1.0,1.0,0.0,163.88,10,Recent Customers,0.4285714285714285,81.94,0.0
1,1.0,1,High Risk,3,1.0,Mobile,3,27.0,Debit Card,Female,4.0,6,Laptop & Accessory,3,Married,5,1,12.0,1.0,3.0,3.0,170.59,10,Loyal,3.0,42.6475,1.5
0,0.0,0,Low Risk,3,8.0,Mobile,3,14.0,Cash on Delivery,Male,3.0,4,Mobile Phone,3,Married,2,1,26.0,1.0,6.0,8.0,148.08,8,At Risk,0.4444444444444444,21.15428571428572,0.8888888888888888
0,0.0,0,Low Risk,0,20.0,Mobile,1,15.0,Debit Card,Female,4.0,5,Laptop & Accessory,5,Married,10,1,24.0,2.0,2.0,8.0,171.15,7,Loyal,0.238095238095238,57.05,0.3809523809523809
0,0.0,0,Low Risk,2,21.0,Mobile,1,16.0,Debit Card,Male,3.0,4,Others,4,Married,5,0,,3.0,12.0,9.0,296.65,11,Champions,0.1818181818181818,22.819230769230767,0.4090909090909091
0,0.0,0,Low Risk,3,1.0,Mobile,3,8.0,E wallet,Female,2.0,3,Laptop & Accessory,4,Divorced,2,1,20.0,7.0,7.0,5.0,147.79,9,At Risk,1.5,18.47375,2.5
0,0.0,0,Low Risk,2,8.0,Computer,1,10.0,Debit Card,Male,3.0,5,Mobile Phone,1,Married,5,0,18.0,1.0,2.0,1.0,154.79,11,Loyal,0.5555555555555556,51.59666666666666,0.1111111111111111
0,0.0,0,Low Risk,0,12.0,Computer,1,9.0,Debit Card,Female,4.0,2,Laptop & Accessory,5,Single,8,1,13.0,1.0,5.0,13.0,184.8,9,Champions,0.1538461538461538,30.8,1.0
0,0.0,0,Low Risk,2,14.0,Computer,1,16.0,Debit Card,Male,4.0,5,Laptop & Accessory,1,Married,11,0,15.0,1.0,2.0,3.0,173.76,10,Loyal,0.3333333333333333,57.92,0.2
0,0.0,0,Low Risk,0,2.0,Computer,1,8.0,Credit Card,Male,3.0,4,Mobile Phone,3,Single,2,1,12.0,2.0,2.0,3.0,146.54,7,Hibernating,1.3333333333333333,48.84666666666666,1.0
0,0.0,0,Low Risk,1,17.0,Computer,3,7.0,E wallet,Female,3.0,3,Laptop & Accessory,3,Married,8,0,12.0,0.0,1.0,0.0,147.68,8,Recent Customers,0.1666666666666666,73.84,0.0
0,0.0,0,Low Risk,2,0.0,Mobile,1,12.0,Credit Card,Male,,3,Mobile,3,Married,1,0,20.0,1.0,2.0,2.0,127.73,7,Recent Customers,3.0,42.57666666666667,2.0
0,0.0,0,Low Risk,2,13.0,Mobile,1,26.0,UPI,Male,3.0,4,Laptop & Accessory,1,Married,10,0,15.0,2.0,3.0,3.0,164.02,10,Loyal,0.2857142857142857,41.005,0.2142857142857142
1,1.0,1,High Risk,3,0.0,Mobile,3,9.0,Debit Card,Male,2.0,4,Fashion,2,Divorced,2,1,11.0,3.0,3.0,7.0,203.25,10,Champions,4.0,50.8125,7.0
0,0.0,0,Low Risk,2,4.0,Computer,1,11.0,Credit Card,Male,3.0,3,Laptop & Accessory,5,Single,1,0,19.0,0.0,1.0,7.0,199.36,8,Hibernating,0.6,99.68,1.4
0,0.0,0,Low Risk,2,16.0,Mobile,1,9.0,Debit Card,Male,3.0,5,Others,2,Divorced,4,0,,1.0,1.0,7.0,297.4,9,Hibernating,0.2941176470588235,148.7,0.4117647058823529
0,0.0,0,Low Risk,2,25.0,Mobile,1,18.0,Cash on Delivery,Female,3.0,5,Grocery,4,Single,5,0,17.0,1.0,,4.0,256.42,13,Champions,0.1923076923076923,256.42,0.1538461538461538
0,0.0,0,Low Risk,2,14.0,Mobile,1,9.0,Debit Card,Female,4.0,4,Mobile Phone,5,Married,6,0,18.0,2.0,2.0,3.0,158.77,9,Loyal,0.2666666666666666,52.92333333333334,0.2
1,1.0,1,High Risk,0,,Mobile,1,8.0,Debit Card,Female,3.0,3,Mobile,5,Married,2,1,12.0,1.0,1.0,0.0,120.74,7,Recent Customers,3.0,60.37,0.0
0,0.0,0,Low Risk,2,16.0,Computer,1,17.0,Cash on Delivery,Male,3.0,4,Mobile Phone,3,Married,5,0,23.0,4.0,4.0,4.0,154.36,10,Loyal,0.2352941176470588,30.872000000000003,0.2352941176470588
0,0.0,0,Low Risk,1,13.0,Mobile,3,11.0,Debit Card,Female,3.0,5,Laptop & Accessory,3,Married,6,0,15.0,6.0,6.0,10.0,184.02,10,Champions,0.3571428571428571,26.28857142857143,0.7142857142857143
0,0.0,0,Low Risk,1,21.0,Computer,3,11.0,Credit Card,Male,4.0,4,Laptop & Accessory,3,Single,5,0,20.0,1.0,2.0,1.0,154.76,11,Loyal,0.1818181818181818,51.586666666666666,0.0454545454545454
0,0.0,0,Low Risk,0,12.0,Computer,1,7.0,Debit Card,Male,3.0,3,Laptop & Accessory,1,Married,2,1,15.0,0.0,5.0,8.0,164.72,8,Loyal,0.2307692307692307,27.453333333333333,0.6153846153846154
0,0.0,0,Low Risk,2,2.0,Mobile,1,15.0,UPI,Male,1.0,4,Mobile Phone,2,Single,1,0,17.0,2.0,2.0,2.0,139.83,7,Recent Customers,1.3333333333333333,46.61000000000001,0.6666666666666666
0,0.0,0,Low Risk,2,11.0,Computer,1,,Debit Card,Female,2.0,3,Laptop & Accessory,1,Single,2,0,11.0,6.0,9.0,9.0,124.06,7,At Risk,0.25,12.406,0.75
0,0.0,0,Low Risk,2,18.0,Computer,1,13.0,Debit Card,Male,3.0,3,Fashion,5,Married,2,0,18.0,5.0,9.0,11.0,152.1,8,At Risk,0.1578947368421052,15.21,0.5789473684210527
0,0.0,0,Low Risk,3,0.0,Mobile,3,9.0,UPI,Male,3.0,3,Laptop & Accessory,5,Divorced,2,1,18.0,1.0,1.0,3.0,141.94,6,Hibernating,3.0,70.97,3.0
0,0.0,0,Low Risk,2,18.0,Mobile,1,31.0,Debit Card,Female,3.0,4,Laptop & Accessory,1,Married,1,0,13.0,0.0,3.0,8.0,159.06,8,Loyal,0.2105263157894736,39.765,0.4210526315789473
0,0.0,0,Low Risk,0,23.0,Computer,1,26.0,Credit Card,Male,2.0,3,Grocery,3,Married,3,1,15.0,0.0,12.0,,212.45,15,Champions,0.125,16.342307692307692,
0,0.0,0,Low Risk,2,17.0,Mobile,1,21.0,Debit Card,Male,4.0,4,Grocery,5,Divorced,8,0,,2.0,2.0,1.0,296.59,14,Champions,0.2222222222222222,98.86333333333332,0.0555555555555555
0,0.0,0,Low Risk,1,13.0,Mobile,3,31.0,E wallet,Female,3.0,5,Grocery,1,Married,2,0,12.0,4.0,,7.0,245.31,12,Champions,0.3571428571428571,245.31,0.5
0,0.0,0,Low Risk,0,15.0,Mobile,1,24.0,Debit Card,Male,2.0,3,Laptop & Accessory,5,Married,7,1,17.0,0.0,1.0,2.0,154.1,9,Recent Customers,0.1875,77.05,0.125
0,0.0,0,Low Risk,0,13.0,Mobile,1,14.0,Debit Card,Female,3.0,3,Laptop & Accessory,5,Married,3,1,16.0,1.0,1.0,0.0,165.16,10,Recent Customers,0.2142857142857142,82.58,0.0
0,0.0,0,Low Risk,1,13.0,Mobile,3,16.0,Cash on Delivery,Female,2.0,4,Laptop & Accessory,4,Married,8,0,12.0,1.0,1.0,3.0,168.52,8,Hibernating,0.2857142857142857,84.26,0.2142857142857142
0,0.0,0,Low Risk,2,9.0,Mobile,1,29.0,Debit Card,Male,3.0,6,Mobile Phone,3,Single,2,0,16.0,3.0,5.0,4.0,167.3,10,Loyal,0.6,27.883333333333336,0.4
0,0.0,0,Low Risk,2,14.0,Mobile,1,7.0,Debit Card,Male,,3,Mobile,1,Married,4,0,22.0,0.0,1.0,0.0,127.82,7,Recent Customers,0.2,63.91,0.0
1,1.0,1,High Risk,0,21.0,Mobile,1,9.0,Debit Card,Male,3.0,4,Others,4,Single,9,1,,6.0,14.0,9.0,317.46,11,Champions,0.1818181818181818,21.164,0.4090909090909091
0,0.0,0,Low Risk,0,4.0,Mobile,1,17.0,Credit Card,Male,3.0,3,Laptop & Accessory,5,Married,2,1,12.0,1.0,1.0,1.0,168.33,9,Recent Customers,0.6,84.165,0.2
0,0.0,0,Low Risk,0,9.0,Mobile,1,28.0,Debit Card,Female,3.0,4,Laptop & Accessory,2,Divorced,3,1,26.0,1.0,2.0,8.0,165.14,7,Loyal,0.4,55.04666666666666,0.8
0,0.0,0,Low Risk,1,11.0,Mobile,3,20.0,Debit Card,Male,3.0,3,Laptop & Accessory,4,Married,1,0,11.0,3.0,7.0,7.0,199.24,11,Champions,0.25,24.905,0.5833333333333334
1,1.0,1,High Risk,3,1.0,Computer,3,10.0,Credit Card,Female,4.0,4,Mobile Phone,1,Single,3,1,13.0,2.0,2.0,1.0,140.69,7,Recent Customers,2.0,46.89666666666667,0.5
0,0.0,0,Low Risk,0,30.0,Mobile,1,8.0,Debit Card,Female,3.0,4,Grocery,2,Single,4,1,13.0,0.0,,3.0,237.26,14,Champions,0.1290322580645161,237.26,0.0967741935483871
1,1.0,1,High Risk,2,0.0,Mobile,1,8.0,Credit Card,Male,2.0,3,Mobile Phone,3,Single,7,0,17.0,0.0,2.0,1.0,143.82,8,Recent Customers,3.0,47.94,1.0
0,0.0,0,Low Risk,2,1.0,Mobile,1,7.0,Debit Card,Male,3.0,5,Laptop & Accessory,3,Single,3,0,13.0,2.0,2.0,3.0,171.17,9,Loyal,2.5,57.056666666666665,1.5
0,0.0,0,Low Risk,2,11.0,Mobile,1,16.0,Credit Card,Female,3.0,5,Fashion,3,Married,4,0,12.0,0.0,,11.0,232.06,11,Champions,0.4166666666666667,232.06,0.9166666666666666
0,0.0,0,Low Risk,1,8.0,Mobile,3,15.0,Debit Card,Female,4.0,4,Laptop & Accessory,5,Married,7,0,18.0,2.0,2.0,3.0,190.0,10,Loyal,0.4444444444444444,63.333333333333336,0.3333333333333333
0,0.0,0,Low Risk,1,14.0,Mobile,3,12.0,E wallet,Male,2.0,3,Fashion,3,Single,2,0,12.0,6.0,8.0,7.0,192.41,11,Champions,0.2,21.378888888888888,0.4666666666666667
0,0.0,0,Low Risk,2,1.0,Mobile,1,15.0,Debit Card,Male,4.0,6,Mobile Phone,5,Divorced,3,0,16.0,2.0,2.0,2.0,149.51,9,Hibernating,3.0,49.836666666666666,1.0
1,1.0,1,High Risk,0,0.0,Mobile,1,,Credit Card,Female,3.0,4,Mobile,5,Single,2,1,15.0,1.0,1.0,0.0,126.0,7,Recent Customers,4.0,63.0,0.0
0,0.0,0,Low Risk,2,1.0,Mobile,1,11.0,Debit Card,Male,4.0,4,Mobile Phone,3,Married,3,0,12.0,2.0,2.0,4.0,150.17,8,Hibernating,2.0,50.056666666666665,2.0
0,0.0,0,Low Risk,2,4.0,Computer,1,7.0,Debit Card,Male,3.0,5,Fashion,3,Single,3,0,23.0,5.0,6.0,,209.74,15,Champions,1.0,29.962857142857143,
1,1.0,1,High Risk,2,16.0,Mobile,1,15.0,Credit Card,Male,3.0,5,Laptop & Accessory,4,Divorced,4,0,16.0,8.0,8.0,8.0,174.41,11,Champions,0.2941176470588235,19.378888888888888,0.4705882352941176
0,0.0,0,Low Risk,0,17.0,Computer,1,16.0,Credit Card,Male,4.0,4,Laptop & Accessory,3,Married,5,1,14.0,2.0,5.0,8.0,181.79,9,Champions,0.2222222222222222,30.29833333333333,0.4444444444444444
0,0.0,0,Low Risk,0,8.0,Mobile,1,17.0,Credit Card,Male,2.0,3,Mobile,3,Married,8,1,11.0,0.0,2.0,2.0,126.6,7,Recent Customers,0.3333333333333333,42.2,0.2222222222222222
0,0.0,0,Low Risk,0,5.0,Mobile,1,19.0,Credit Card,Female,4.0,4,Mobile Phone,2,Divorced,10,1,24.0,2.0,2.0,3.0,164.29,9,Loyal,0.6666666666666666,54.76333333333333,0.5
0,0.0,0,Low Risk,0,8.0,Mobile,1,7.0,Debit Card,Male,3.0,5,Mobile Phone,1,Married,3,1,14.0,2.0,2.0,4.0,161.22,9,Loyal,0.5555555555555556,53.74,0.4444444444444444
0,0.0,0,Low Risk,1,4.0,Mobile,3,19.0,Cash on Delivery,Female,3.0,4,Laptop & Accessory,3,Single,2,0,12.0,4.0,5.0,5.0,190.77,10,Champions,0.8,31.795,1.0
1,1.0,1,High Risk,1,0.0,Mobile,3,22.0,E wallet,Male,3.0,3,Fashion,3,Married,3,0,13.0,1.0,1.0,0.0,181.61,11,Recent Customers,3.0,90.805,0.0
0,0.0,0,Low Risk,0,4.0,Mobile,1,8.0,Credit Card,Male,4.0,4,Mobile Phone,4,Married,2,1,22.0,4.0,6.0,8.0,160.79,9,Loyal,0.8,22.97,1.6
0,0.0,0,Low Risk,2,2.0,Mobile,1,16.0,Credit Card,Female,4.0,4,Mobile Phone,3,Married,7,0,19.0,3.0,3.0,3.0,148.77,9,Hibernating,1.3333333333333333,37.1925,1.0
1,1.0,1,High Risk,1,1.0,Mobile,3,8.0,Debit Card,Male,3.0,6,Laptop & Accessory,4,Single,8,0,16.0,1.0,2.0,1.0,192.35,12,Loyal,3.0,64.11666666666666,0.5
0,0.0,0,Low Risk,1,31.0,Computer,3,9.0,Credit Card,Male,3.0,4,Grocery,4,Married,6,0,23.0,11.0,15.0,15.0,25.0,7,At Risk,0.125,1.5625,0.46875
0,0.0,0,Low Risk,2,26.0,Mobile,1,18.0,Debit Card,Female,3.0,4,Laptop & Accessory,3,Divorced,10,0,21.0,2.0,2.0,5.0,156.49,8,Loyal,0.1481481481481481,52.16333333333333,0.1851851851851851
0,0.0,0,Low Risk,2,10.0,Computer,1,25.0,Credit Card,Female,4.0,4,Mobile Phone,2,Single,3,0,14.0,2.0,2.0,8.0,146.53,5,Hibernating,0.3636363636363636,48.84333333333333,0.7272727272727273
0,0.0,0,Low Risk,1,3.0,Computer,3,9.0,Debit Card,Male,3.0,4,Laptop & Accessory,2,Single,3,0,19.0,1.0,2.0,10.0,170.54,7,Loyal,1.0,56.84666666666666,2.5
0,0.0,0,Low Risk,3,0.0,Mobile,3,8.0,Debit Card,Male,3.0,3,Laptop & Accessory,3,Single,2,1,11.0,1.0,1.0,4.0,144.78,5,Hibernating,3.0,72.39,4.0
0,0.0,0,Low Risk,0,10.0,Mobile,1,19.0,Debit Card,Female,4.0,4,Laptop & Accessory,3,Married,11,1,13.0,1.0,2.0,2.0,171.63,10,Loyal,0.3636363636363636,57.21,0.1818181818181818
0,0.0,0,Low Risk,2,19.0,Computer,1,24.0,Credit Card,Female,2.0,3,Fashion,3,Married,6,0,11.0,0.0,1.0,2.0,205.27,10,Recent Customers,0.15,102.635,0.1
0,0.0,0,Low Risk,2,30.0,Mobile,1,7.0,Debit Card,Female,3.0,4,Mobile Phone,5,Divorced,4,0,23.0,2.0,2.0,1.0,145.66,8,Recent Customers,0.1290322580645161,48.553333333333335,0.032258064516129
0,0.0,0,Low Risk,1,9.0,Mobile,3,8.0,Credit Card,Male,3.0,4,Fashion,3,Married,2,0,13.0,8.0,9.0,0.0,175.96,14,Champions,0.4,17.596,0.0
0,0.0,0,Low Risk,2,1.0,Mobile,1,26.0,UPI,Male,4.0,5,Mobile Phone,5,Married,3,0,12.0,1.0,2.0,8.0,165.66,7,Loyal,2.5,55.22,4.0
0,0.0,0,Low Risk,0,1.0,Mobile,1,7.0,Debit Card,Female,3.0,5,Mobile Phone,3,Married,3,1,14.0,1.0,2.0,1.0,154.33,11,Loyal,2.5,51.443333333333335,0.5
1,1.0,1,High Risk,0,2.0,Mobile,1,,Credit Card,Male,3.0,3,Mobile,5,Married,8,1,21.0,1.0,2.0,2.0,124.04,7,Recent Customers,1.0,41.34666666666667,0.6666666666666666
1,0.0,0,Low Risk,1,1.0,Computer,3,18.0,UPI,Male,3.0,2,Laptop & Accessory,3,Married,10,0,13.0,2.0,2.0,3.0,172.07,9,Loyal,1.0,57.35666666666666,1.5
1,1.0,1,High Risk,3,4.0,Computer,3,31.0,Debit Card,Female,4.0,2,Grocery,4,Single,6,1,17.0,2.0,,1.0,256.94,15,Champions,0.4,256.94,0.2
0,0.0,0,Low Risk,2,12.0,Mobile,1,36.0,Cash on Delivery,Male,3.0,4,Laptop & Accessory,2,Divorced,5,0,19.0,1.0,2.0,8.0,187.61,8,Loyal,0.3076923076923077,62.53666666666667,0.6153846153846154
0,0.0,0,Low Risk,2,13.0,Mobile,1,8.0,Credit Card,Female,3.0,4,Laptop & Accessory,3,Divorced,7,0,22.0,1.0,1.0,0.0,134.48,7,Recent Customers,0.2857142857142857,67.24,0.0
1,1.0,1,High Risk,3,0.0,Computer,3,32.0,E wallet,Male,3.0,3,Laptop & Accessory,1,Married,2,1,11.0,0.0,1.0,8.0,156.17,6,Hibernating,3.0,78.085,8.0
0,0.0,0,Low Risk,2,23.0,Mobile,1,11.0,Credit Card,Male,3.0,5,Others,3,Divorced,4,0,,1.0,2.0,1.0,312.11,14,Champions,0.2083333333333333,104.03666666666668,0.0416666666666666
0,0.0,0,Low Risk,3,9.0,Mobile,3,9.0,E wallet,Female,2.0,3,Laptop & Accessory,4,Single,4,1,16.0,0.0,1.0,1.0,192.78,10,Recent Customers,0.3,96.39,0.1
0,0.0,0,Low Risk,2,2.0,Computer,1,8.0,Debit Card,Female,3.0,3,Mobile,4,Married,1,0,13.0,1.0,1.0,2.0,131.8,6,Recent Customers,1.0,65.9,0.6666666666666666
0,0.0,0,Low Risk,2,8.0,Computer,1,24.0,Debit Card,Male,2.0,3,Fashion,1,Single,3,0,11.0,2.0,2.0,2.0,193.62,11,Loyal,0.3333333333333333,64.54,0.2222222222222222
0,0.0,0,Low Risk,2,,Computer,1,32.0,Cash on Delivery,Female,3.0,4,Mobile,3,Married,2,0,20.0,1.0,1.0,0.0,120.29,7,Recent Customers,4.0,60.145,0.0
0,0.0,0,Low Risk,2,14.0,Mobile,1,21.0,Credit Card,Male,3.0,5,Others,3,Single,3,0,,5.0,5.0,10.0,321.26,11,Champions,0.3333333333333333,53.54333333333333,0.6666666666666666
0,0.0,0,Low Risk,1,4.0,Mobile,3,11.0,Cash on Delivery,Male,2.0,3,Laptop & Accessory,3,Married,2,0,19.0,0.0,1.0,2.0,183.46,10,Recent Customers,0.6,91.73,0.4
1,0.0,0,Low Risk,2,5.0,Mobile,1,19.0,Cash on Delivery,Female,3.0,4,Others,3,Married,3,0,,2.0,16.0,9.0,320.45,11,Champions,0.6666666666666666,18.85,1.5
0,0.0,0,Low Risk,1,11.0,Mobile,3,23.0,E wallet,Male,4.0,5,Laptop & Accessory,3,Married,6,0,20.0,2.0,2.0,1.0,188.34,12,Loyal,0.4166666666666667,62.78,0.0833333333333333
0,0.0,0,Low Risk,3,9.0,Mobile,3,24.0,Debit Card,Male,4.0,4,Laptop & Accessory,5,Married,5,1,16.0,1.0,2.0,,214.66,14,Champions,0.4,71.55333333333333,
1,1.0,1,High Risk,1,16.0,Mobile,3,9.0,E wallet,Female,3.0,6,Others,1,Married,3,0,16.0,4.0,7.0,10.0,323.45,11,Champions,0.3529411764705882,40.43125,0.5882352941176471
0,0.0,0,Low Risk,3,0.0,Mobile,3,10.0,Credit Card,Female,2.0,3,Laptop & Accessory,3,Divorced,2,1,12.0,1.0,1.0,3.0,141.62,6,Hibernating,3.0,70.81,3.0
0,0.0,0,Low Risk,0,11.0,Computer,1,16.0,Credit Card,Male,3.0,4,Mobile Phone,1,Married,3,1,13.0,1.0,2.0,3.0,148.26,7,Hibernating,0.3333333333333333,49.42,0.25
0,0.0,0,Low Risk,2,4.0,Computer,1,6.0,Credit Card,Male,2.0,5,Laptop & Accessory,3,Married,1,0,12.0,0.0,1.0,4.0,143.45,5,Hibernating,1.0,71.725,0.8
0,0.0,0,Low Risk,3,4.0,Computer,3,8.0,Debit Card,Female,2.0,3,Fashion,3,Married,2,1,19.0,3.0,9.0,6.0,198.52,11,Champions,0.6,19.852,1.2
0,0.0,0,Low Risk,0,17.0,Computer,1,8.0,Credit Card,Male,2.0,3,Fashion,3,Single,6,1,18.0,2.0,2.0,2.0,202.09,12,Champions,0.1666666666666666,67.36333333333333,0.1111111111111111
0,0.0,0,Low Risk,2,3.0,Mobile,1,16.0,Credit Card,Female,3.0,4,Mobile Phone,3,Married,11,0,18.0,2.0,2.0,3.0,154.74,9,Loyal,1.0,51.580000000000005,0.75
0,0.0,0,Low Risk,1,2.0,Mobile,3,16.0,Debit Card,Male,4.0,4,Laptop & Accessory,1,Single,3,0,17.0,2.0,2.0,8.0,177.53,8,Loyal,1.3333333333333333,59.17666666666667,2.6666666666666665
1,1.0,1,High Risk,0,,Mobile,1,6.0,Credit Card,Male,3.0,3,Mobile,2,Divorced,3,1,16.0,2.0,2.0,0.0,122.93,8,Recent Customers,3.0,40.97666666666667,0.0
0,0.0,0,Low Risk,0,4.0,Mobile,1,8.0,Debit Card,Male,,3,Mobile,1,Married,1,1,18.0,2.0,2.0,2.0,126.95,7,Recent Customers,0.6,42.31666666666667,0.4
0,0.0,0,Low Risk,2,1.0,Mobile,1,35.0,Debit Card,Male,3.0,5,Laptop & Accessory,4,Divorced,2,0,14.0,1.0,1.0,7.0,165.49,7,Hibernating,2.5,82.745,3.5
0,0.0,0,Low Risk,2,3.0,Mobile,1,30.0,Debit Card,Male,3.0,4,Mobile Phone,1,Single,11,0,17.0,1.0,2.0,3.0,147.01,7,Hibernating,1.0,49.00333333333333,0.75
0,0.0,0,Low Risk,0,18.0,Mobile,1,16.0,Debit Card,Male,4.0,4,Mobile Phone,5,Divorced,3,1,14.0,3.0,8.0,2.0,150.59,11,Hibernating,0.2105263157894736,16.732222222222223,0.1052631578947368
0,0.0,0,Low Risk,1,20.0,Mobile,3,10.0,Cash on Delivery,Female,3.0,2,Grocery,5,Married,4,0,13.0,2.0,,9.0,257.25,11,Champions,0.0952380952380952,257.25,0.4285714285714285
0,0.0,0,Low Risk,2,10.0,Mobile,1,9.0,Credit Card,Male,4.0,4,Mobile Phone,3,Single,6,0,22.0,2.0,4.0,10.0,150.19,7,At Risk,0.3636363636363636,30.038,0.9090909090909092
0,0.0,0,Low Risk,1,11.0,Mobile,3,10.0,Debit Card,Male,3.0,4,Fashion,1,Single,4,0,13.0,1.0,2.0,4.0,199.28,11,Champions,0.3333333333333333,66.42666666666666,0.3333333333333333
0,0.0,0,Low Risk,2,17.0,Computer,1,28.0,Credit Card,Male,4.0,4,Mobile Phone,2,Divorced,9,0,21.0,1.0,2.0,3.0,147.58,7,Hibernating,0.2222222222222222,49.193333333333335,0.1666666666666666
0,0.581207275390625,1,Medium Risk,2,0.0,Mobile,1,13.0,Credit Card,Male,2.0,4,Laptop & Accessory,3,Divorced,3,0,17.0,1.0,1.0,0.0,161.32,10,Recent Customers,4.0,80.66,0.0
0,0.0,0,Low Risk,2,23.0,Computer,1,8.0,Credit Card,Female,1.0,3,Grocery,5,Married,3,0,22.0,,2.0,2.0,278.56,13,Champions,0.125,92.85333333333334,0.0833333333333333
0,0.0,0,Low Risk,2,2.0,Mobile,2,23.0,UPI,Male,2.0,4,Fashion,5,Single,2,0,13.0,0.0,1.0,9.0,179.88,7,Hibernating,1.3333333333333333,89.94,3.0
0,0.0,0,Low Risk,2,8.0,Mobile,1,7.0,Debit Card,Female,4.0,2,Mobile Phone,2,Single,4,0,17.0,1.0,2.0,4.0,157.8,9,Loyal,0.2222222222222222,52.6,0.4444444444444444
0,0.0,0,Low Risk,2,30.0,Mobile,1,6.0,Credit Card,Male,2.0,3,Laptop & Accessory,3,Married,3,0,11.0,0.0,1.0,2.0,167.55,9,Recent Customers,0.0967741935483871,83.775,0.064516129032258
0,0.0,0,Low Risk,1,22.0,Mobile,3,14.0,Cash on Delivery,Male,2.0,4,Grocery,4,Divorced,7,0,17.0,1.0,2.0,,231.2,14,Champions,0.1739130434782608,77.06666666666666,
0,0.0,0,Low Risk,1,14.0,Mobile,3,14.0,Credit Card,Male,3.0,4,Others,4,Single,3,0,,2.0,13.0,9.0,323.33,11,Champions,0.2666666666666666,23.095,0.6
0,0.0,0,Low Risk,1,13.0,Mobile,3,9.0,Debit Card,Male,3.0,2,Fashion,3,Single,2,0,19.0,1.0,2.0,8.0,203.8,9,Champions,0.1428571428571428,67.93333333333334,0.5714285714285714
0,0.0,0,Low Risk,2,5.0,Mobile,1,16.0,Debit Card,Male,3.0,4,Fashion,4,Married,3,0,26.0,1.0,2.0,9.0,231.48,10,Champions,0.6666666666666666,77.16,1.5
0,0.0,0,Low Risk,2,17.0,Computer,1,11.0,Debit Card,Male,,4,Mobile,3,Single,4,0,14.0,0.0,1.0,3.0,131.62,5,Hibernating,0.2222222222222222,65.81,0.1666666666666666
0,0.0,0,Low Risk,0,18.0,Mobile,1,35.0,Cash on Delivery,Male,2.0,3,Fashion,1,Married,5,1,18.0,1.0,1.0,2.0,193.8,10,Recent Customers,0.1578947368421052,96.9,0.1052631578947368
1,1.0,1,High Risk,3,1.0,Mobile,3,10.0,Debit Card,Male,3.0,5,Fashion,2,Divorced,3,1,12.0,4.0,4.0,,228.25,14,Champions,2.5,45.65,
0,0.0,0,Low Risk,2,16.0,Computer,1,,Debit Card,Male,2.0,3,Mobile,3,Single,5,0,13.0,0.0,1.0,2.0,124.38,6,Recent Customers,0.1764705882352941,62.19,0.1176470588235294
1,1.0,1,High Risk,0,0.0,Mobile,1,7.0,Credit Card,Male,2.0,3,Mobile Phone,1,Married,10,1,14.0,2.0,2.0,2.0,147.87,8,Recent Customers,3.0,49.29,2.0
0,0.0,0,Low Risk,2,16.0,Mobile,1,9.0,Debit Card,Male,3.0,5,Others,1,Married,4,0,,1.0,1.0,7.0,297.4,9,Hibernating,0.2941176470588235,148.7,0.4117647058823529
0,0.0,0,Low Risk,2,21.0,Computer,1,21.0,Cash on Delivery,Male,4.0,4,Laptop & Accessory,4,Married,10,0,19.0,1.0,2.0,8.0,179.67,8,Loyal,0.1818181818181818,59.88999999999999,0.3636363636363636
0,0.0,0,Low Risk,1,4.0,Mobile,2,8.0,UPI,Male,3.0,4,Laptop & Accessory,5,Divorced,4,0,12.0,0.0,1.0,0.0,164.1,10,Recent Customers,0.8,82.05,0.0
1,1.0,1,High Risk,0,0.0,Mobile,1,28.0,Credit Card,Male,3.0,3,Laptop & Accessory,3,Divorced,2,1,15.0,3.0,6.0,7.0,161.79,10,Loyal,3.0,23.11285714285714,7.0
1,1.0,1,High Risk,2,1.0,Computer,2,15.0,UPI,Female,4.0,5,Mobile Phone,1,Married,8,0,12.0,2.0,2.0,3.0,146.8,7,Hibernating,2.5,48.93333333333334,1.5
0,0.0,0,Low Risk,0,13.0,Computer,1,14.0,Debit Card,Male,3.0,3,Laptop & Accessory,1,Married,4,1,18.0,1.0,2.0,2.0,140.69,7,Recent Customers,0.2142857142857142,46.89666666666667,0.1428571428571428
0,0.0,0,Low Risk,1,4.0,Mobile,3,14.0,E wallet,Female,4.0,4,Laptop & Accessory,5,Married,9,0,15.0,2.0,2.0,3.0,172.79,9,Loyal,0.8,57.59666666666666,0.6
0,0.0,0,Low Risk,2,31.0,Mobile,2,13.0,Credit Card,Male,3.0,4,Mobile Phone,3,Married,10,0,18.0,1.0,3.0,3.0,147.67,9,Hibernating,0.125,36.9175,0.09375
0,0.0,0,Low Risk,2,8.0,Mobile,1,34.0,Debit Card,Male,2.0,1,Laptop & Accessory,3,Married,2,0,17.0,6.0,6.0,8.0,134.07,7,At Risk,0.1111111111111111,19.15285714285714,0.8888888888888888
0,0.0,0,Low Risk,0,4.0,Mobile,1,24.0,Credit Card,Female,4.0,4,Fashion,5,Divorced,3,1,24.0,1.0,,9.0,244.16000000000005,11,Champions,0.8,244.16000000000005,1.8
0,0.0,0,Low Risk,0,16.0,Computer,1,9.0,Debit Card,Male,3.0,4,Fashion,1,Married,4,1,15.0,13.0,14.0,,226.24,15,Champions,0.2352941176470588,15.082666666666666,
1,1.0,1,High Risk,0,1.0,Computer,1,21.0,UPI,Female,3.0,4,Fashion,2,Single,2,1,13.0,3.0,8.0,8.0,200.53,11,Champions,2.0,22.281111111111112,4.0
1,1.0,1,High Risk,3,3.0,Computer,3,30.0,Debit Card,Female,3.0,1,Grocery,4,Single,5,1,16.0,1.0,,0.0,231.94,15,Champions,0.25,231.94,0.0
0,0.0,0,Low Risk,3,19.0,Computer,3,11.0,E wallet,Male,3.0,3,Laptop & Accessory,1,Single,5,1,21.0,1.0,1.0,8.0,157.72,6,Hibernating,0.15,78.86,0.4
0,0.0,0,Low Risk,2,18.0,Mobile,1,36.0,UPI,Male,3.0,4,Laptop & Accessory,1,Single,3,0,26.0,7.0,14.0,18.0,170.41,9,Loyal,0.2105263157894736,11.360666666666669,0.9473684210526316
0,0.0,0,Low Risk,2,1.0,Computer,1,9.0,Credit Card,Male,3.0,4,Mobile Phone,1,Single,4,0,14.0,1.0,2.0,3.0,150.8,8,Hibernating,2.0,50.26666666666667,1.5
0,0.0,0,Low Risk,2,14.0,Computer,1,16.0,UPI,Male,3.0,4,Laptop & Accessory,3,Married,5,0,12.0,2.0,2.0,8.0,164.75,7,Loyal,0.2666666666666666,54.91666666666666,0.5333333333333333
0,0.0,0,Low Risk,0,4.0,Mobile,1,8.0,Credit Card,Female,2.0,5,Mobile Phone,1,Married,2,1,11.0,1.0,1.0,0.0,111.29,7,Recent Customers,1.0,55.645,0.0
1,1.0,1,High Risk,1,19.0,Mobile,3,9.0,Credit Card,Male,3.0,4,Laptop & Accessory,2,Single,6,0,17.0,1.0,8.0,4.0,176.6,12,Champions,0.2,19.62222222222222,0.2
0,0.0,0,Low Risk,2,22.0,Mobile,1,14.0,UPI,Female,2.0,3,Fashion,4,Married,5,0,11.0,0.0,1.0,7.0,174.03,8,Hibernating,0.1304347826086956,87.015,0.3043478260869565
1,1.0,1,High Risk,2,0.0,Mobile,1,8.0,Debit Card,Male,3.0,3,Mobile,3,Single,3,0,11.0,1.0,1.0,0.0,134.85,7,Recent Customers,3.0,67.425,0.0
0,0.0,0,Low Risk,0,24.0,Mobile,1,14.0,Credit Card,Female,3.0,5,Others,3,Married,7,1,,5.0,14.0,9.0,312.4,11,Champions,0.2,20.826666666666664,0.36
1,1.0,1,High Risk,3,1.0,Mobile,3,11.0,E wallet,Male,3.0,5,Laptop & Accessory,1,Single,3,1,13.0,5.0,8.0,5.0,183.28,11,Champions,2.5,20.364444444444445,2.5
0,0.0,0,Low Risk,3,6.0,Mobile,3,15.0,Cash on Delivery,Female,4.0,5,Laptop & Accessory,4,Married,3,1,12.0,12.0,12.0,10.0,177.28,10,Champions,0.7142857142857143,13.636923076923075,1.4285714285714286
0,0.0,0,Low Risk,1,13.0,Mobile,3,15.0,Credit Card,Male,2.0,3,Laptop & Accessory,5,Married,1,0,12.0,2.0,7.0,1.0,154.73,13,Loyal,0.2142857142857142,19.34125,0.0714285714285714
0,0.0,0,Low Risk,3,20.0,Computer,3,9.0,Credit Card,Female,2.0,3,Grocery,3,Married,10,1,12.0,7.0,,13.0,237.7,11,Champions,0.1428571428571428,237.7,0.6190476190476191
0,0.0,0,Low Risk,3,11.0,Mobile,3,8.0,E wallet,Female,3.0,5,Laptop & Accessory,1,Married,3,1,20.0,0.0,1.0,3.0,154.05,8,Hibernating,0.4166666666666667,77.025,0.25
1,1.0,1,High Risk,0,0.0,Mobile,1,,Credit Card,Male,2.0,3,Mobile,4,Married,2,1,17.0,0.0,1.0,0.0,124.08,7,Recent Customers,3.0,62.04,0.0
1,1.0,1,High Risk,3,2.0,Mobile,3,9.0,Credit Card,Female,2.0,3,Laptop & Accessory,3,Married,5,1,18.0,1.0,1.0,0.0,152.38,8,Recent Customers,1.0,76.19,0.0
1,1.0,1,High Risk,0,1.0,Computer,1,31.0,Debit Card,Male,4.0,5,Mobile Phone,1,Single,3,1,25.0,2.0,2.0,1.0,149.39,9,Hibernating,2.5,49.79666666666666,0.5
0,0.0,0,Low Risk,1,8.0,Computer,2,18.0,Debit Card,Male,3.0,5,Laptop & Accessory,4,Married,6,0,12.0,1.0,2.0,9.0,169.9,7,Loyal,0.5555555555555556,56.63333333333333,1.0
0,0.0,0,Low Risk,2,1.0,Mobile,1,13.0,Debit Card,Male,3.0,5,Mobile Phone,3,Married,3,0,14.0,2.0,3.0,3.0,150.39,9,Hibernating,2.5,37.5975,1.5
0,0.0,0,Low Risk,2,8.0,Mobile,1,15.0,Credit Card,Male,2.0,3,Laptop & Accessory,3,Single,2,0,19.0,0.0,1.0,8.0,150.98,4,Hibernating,0.3333333333333333,75.49,0.8888888888888888
0,0.0,0,Low Risk,3,14.0,Mobile,3,10.0,E wallet,Female,2.0,3,Fashion,3,Married,1,1,13.0,0.0,13.0,5.0,204.47,11,Champions,0.2,14.605,0.3333333333333333
0,0.0,0,Low Risk,1,20.0,Mobile,3,9.0,E wallet,Female,3.0,4,Others,5,Single,5,0,,3.0,3.0,2.0,314.47,13,Champions,0.1904761904761904,78.6175,0.0952380952380952
0,0.0,0,Low Risk,0,15.0,Mobile,1,13.0,Credit Card,Male,4.0,5,Laptop & Accessory,4,Single,8,1,16.0,2.0,2.0,3.0,185.32,10,Loyal,0.3125,61.77333333333333,0.1875
0,0.0,0,Low Risk,2,,Mobile,1,10.0,UPI,Male,3.0,3,Mobile,1,Married,2,0,12.0,1.0,1.0,0.0,119.51,7,Recent Customers,3.0,59.755,0.0
1,1.0,1,High Risk,0,1.0,Mobile,1,13.0,Debit Card,Male,4.0,2,Mobile Phone,5,Divorced,3,1,22.0,2.0,2.0,1.0,141.01,8,Recent Customers,1.0,47.00333333333333,0.5
0,0.0,0,Low Risk,2,10.0,Mobile,1,11.0,Credit Card,Male,3.0,3,Laptop & Accessory,1,Married,8,0,16.0,1.0,1.0,4.0,163.47,7,Hibernating,0.2727272727272727,81.735,0.3636363636363636
0,0.0,0,Low Risk,2,4.0,Mobile,1,9.0,Debit Card,Female,3.0,6,Laptop & Accessory,1,Single,4,0,21.0,2.0,2.0,3.0,185.91,10,Loyal,1.2,61.97,0.6
0,0.0,0,Low Risk,2,11.0,Computer,1,,Credit Card,Female,3.0,4,Mobile,4,Married,5,0,14.0,0.0,1.0,5.0,124.68,4,Hibernating,0.3333333333333333,62.34,0.4166666666666667
0,0.0,0,Low Risk,2,7.0,Mobile,1,9.0,Debit Card,Male,3.0,4,Mobile Phone,2,Single,2,0,15.0,1.0,2.0,3.0,150.0,8,Hibernating,0.5,50.0,0.375
0,0.0,0,Low Risk,2,0.0,Mobile,1,,Credit Card,Male,3.0,3,Mobile,2,Divorced,2,0,24.0,0.0,2.0,2.0,123.23,7,Recent Customers,3.0,41.07666666666667,2.0
0,0.0,0,Low Risk,0,22.0,Mobile,1,6.0,Cash on Delivery,Female,2.0,4,Grocery,3,Single,8,1,12.0,1.0,,7.0,239.64,12,Champions,0.1739130434782608,239.64,0.3043478260869565
0,0.0,0,Low Risk,2,2.0,Mobile,1,34.0,Credit Card,Female,3.0,6,Laptop & Accessory,5,Married,2,0,22.0,2.0,2.0,1.0,25.0,7,Recent Customers,2.0,8.333333333333334,0.3333333333333333
0,0.0,0,Low Risk,3,0.0,Mobile,3,14.0,UPI,Female,2.0,3,Laptop & Accessory,3,Married,1,1,22.0,1.0,1.0,4.0,149.07,5,Hibernating,3.0,74.535,4.0
0,0.0,0,Low Risk,1,4.0,Mobile,3,12.0,E wallet,Female,2.0,5,Laptop & Accessory,3,Married,3,0,14.0,2.0,2.0,3.0,186.18,10,Loyal,1.0,62.06,0.6
0,0.0,0,Low Risk,2,2.0,Mobile,1,,Debit Card,Male,2.0,3,Mobile,1,Single,2,0,19.0,1.0,1.0,5.0,123.4,4,Hibernating,1.0,61.7,1.6666666666666667
0,0.0,0,Low Risk,0,28.0,Mobile,1,14.0,Credit Card,Female,2.0,3,Grocery,3,Married,3,1,14.0,1.0,,2.0,247.56,14,Champions,0.1034482758620689,247.56,0.0689655172413793
0,0.0,0,Low Risk,1,3.0,Mobile,3,13.0,E wallet,Male,,3,Mobile,4,Single,1,0,14.0,0.0,1.0,2.0,129.83,6,Recent Customers,0.75,64.915,0.5
1,1.0,1,High Risk,1,18.0,Mobile,3,8.0,Credit Card,Male,2.0,3,Laptop & Accessory,2,Single,5,0,16.0,0.0,7.0,3.0,151.6,11,Hibernating,0.1578947368421052,18.95,0.1578947368421052
0,0.0,0,Low Risk,0,,Computer,1,14.0,Credit Card,Female,2.0,4,Laptop & Accessory,4,Married,2,1,16.0,1.0,1.0,7.0,121.33,4,Hibernating,4.0,60.665,7.0
0,0.0,0,Low Risk,2,,Mobile,2,6.0,Debit Card,Male,2.0,3,Mobile,3,Married,1,0,21.0,0.0,1.0,3.0,120.64,5,Hibernating,3.0,60.32,3.0
0,0.0,0,Low Risk,2,9.0,Mobile,1,23.0,Credit Card,Male,3.0,2,Mobile Phone,4,Married,2,0,14.0,2.0,2.0,4.0,149.26,7,Hibernating,0.2,49.75333333333333,0.4
1,0.9668287634849548,1,High Risk,3,4.0,Mobile,3,6.0,Debit Card,Female,3.0,3,Laptop & Accessory,1,Single,9,1,11.0,0.0,1.0,5.0,159.93,7,Hibernating,0.6,79.965,1.0
0,0.0,0,Low Risk,0,9.0,Mobile,1,8.0,UPI,Female,3.0,3,Laptop & Accessory,4,Married,5,1,22.0,1.0,1.0,0.0,169.62,10,Recent Customers,0.3,84.81,0.0
1,1.0,1,High Risk,2,0.0,Computer,1,,Credit Card,Male,2.0,4,Mobile,5,Single,8,0,11.0,0.0,1.0,0.0,125.61,7,Recent Customers,4.0,62.805,0.0
0,0.0,0,Low Risk,1,4.0,Mobile,3,12.0,E wallet,Female,2.0,5,Laptop & Accessory,3,Married,3,0,14.0,1.0,2.0,3.0,186.18,10,Loyal,1.0,62.06,0.6
1,1.0,1,High Risk,3,3.0,Computer,3,30.0,Debit Card,Female,3.0,1,Grocery,4,Single,5,1,16.0,1.0,,0.0,231.94,15,Champions,0.25,231.94,0.0
0,0.0,0,Low Risk,0,4.0,Mobile,1,11.0,Cash on Delivery,Male,2.0,3,Mobile Phone,1,Married,1,1,12.0,1.0,1.0,3.0,148.21,6,Hibernating,0.6,74.105,0.6
1,1.0,1,High Risk,1,1.0,Mobile,3,30.0,Debit Card,Female,3.0,5,Fashion,5,Divorced,3,0,14.0,1.0,4.0,11.0,198.36,9,Champions,2.5,39.672,5.5
0,0.0,0,Low Risk,0,31.0,Computer,1,7.0,Debit Card,Male,3.0,6,Laptop & Accessory,3,Married,4,1,14.0,2.0,2.0,3.0,181.6,10,Loyal,0.1875,60.53333333333333,0.09375
0,0.0,0,Low Risk,2,18.0,Mobile,1,9.0,Debit Card,Female,4.0,2,Mobile Phone,1,Married,3,0,14.0,2.0,8.0,8.0,145.11,9,At Risk,0.1052631578947368,16.123333333333335,0.4210526315789473
0,0.0,0,Low Risk,2,15.0,Mobile,1,35.0,Credit Card,Male,2.0,5,Laptop & Accessory,1,Single,5,0,19.0,1.0,1.0,0.0,142.72,8,Recent Customers,0.3125,71.36,0.0
0,0.0,0,Low Risk,1,1.0,Mobile,3,17.0,Debit Card,Male,3.0,4,Laptop & Accessory,1,Single,2,0,15.0,2.0,2.0,2.0,174.5,11,Loyal,2.0,58.16666666666666,1.0
0,0.0,0,Low Risk,0,24.0,Computer,1,29.0,Credit Card,Male,3.0,6,Grocery,1,Single,3,1,14.0,,14.0,10.0,269.11,11,Champions,0.24,17.94066666666667,0.4
0,0.0,0,Low Risk,1,26.0,Computer,3,8.0,E wallet,Female,2.0,4,Fashion,4,Divorced,3,0,12.0,0.0,6.0,12.0,175.25,10,Champions,0.1481481481481481,25.035714285714285,0.4444444444444444
0,0.0,0,Low Risk,2,27.0,Mobile,1,23.0,Cash on Delivery,Female,2.0,3,Fashion,3,Married,9,0,11.0,0.0,1.0,8.0,207.39,7,Hibernating,0.1071428571428571,103.695,0.2857142857142857
0,0.0,0,Low Risk,0,11.0,Computer,1,8.0,Debit Card,Female,3.0,1,Laptop & Accessory,5,Single,7,1,12.0,4.0,4.0,12.0,159.8,8,Loyal,0.0833333333333333,31.96,1.0
1,0.7477725744247437,1,High Risk,1,9.0,Mobile,3,16.0,Debit Card,Female,3.0,3,Fashion,4,Married,6,0,21.0,1.0,1.0,7.0,173.14,8,Hibernating,0.3,86.57,0.7
0,0.0,0,Low Risk,3,20.0,Mobile,3,9.0,Debit Card,Male,4.0,4,Fashion,1,Married,6,1,13.0,1.0,2.0,,228.68,14,Champions,0.1904761904761904,76.22666666666667,
0,0.0,0,Low Risk,1,12.0,Computer,2,9.0,UPI,Male,4.0,4,Mobile Phone,4,Married,7,0,14.0,3.0,4.0,9.0,150.92,7,At Risk,0.3076923076923077,30.184,0.6923076923076923
0,0.0,0,Low Risk,2,18.0,Mobile,1,7.0,Debit Card,Male,4.0,2,Laptop & Accessory,5,Married,4,0,16.0,3.0,3.0,3.0,175.33,11,Champions,0.1052631578947368,43.8325,0.1578947368421052
0,0.0,0,Low Risk,0,7.0,Mobile,1,15.0,Debit Card,Male,4.0,4,Laptop & Accessory,3,Single,4,1,18.0,1.0,2.0,1.0,188.88,12,Loyal,0.5,62.96,0.125
0,0.0,0,Low Risk,1,22.0,Mobile,3,23.0,Debit Card,Female,4.0,4,Laptop & Accessory,3,Married,10,0,15.0,8.0,8.0,8.0,189.39,11,Champions,0.1739130434782608,21.043333333333333,0.3478260869565217
0,0.0,0,Low Risk,2,2.0,Mobile,1,7.0,Debit Card,Male,3.0,4,Mobile Phone,1,Married,3,0,12.0,1.0,2.0,4.0,145.44,7,Hibernating,1.3333333333333333,48.48,1.3333333333333333
0,0.0,0,Low Risk,1,9.0,Computer,3,13.0,E wallet,Female,2.0,1,Laptop & Accessory,5,Divorced,3,0,16.0,5.0,6.0,13.0,146.39,8,At Risk,0.1,20.912857142857145,1.3
0,0.0,0,Low Risk,1,1.0,Computer,3,20.0,Debit Card,Female,4.0,4,Mobile Phone,4,Married,3,0,14.0,1.0,2.0,1.0,145.33,8,Recent Customers,2.0,48.443333333333335,0.5
0,0.0,0,Low Risk,2,0.0,Mobile,1,,Debit Card,Male,2.0,3,Mobile,5,Single,2,0,25.0,0.0,1.0,0.0,125.52,7,Recent Customers,3.0,62.76,0.0
0,0.0,0,Low Risk,1,16.0,Mobile,3,31.0,Credit Card,Male,3.0,4,Fashion,2,Married,6,0,13.0,1.0,,0.0,234.0,15,Champions,0.2352941176470588,234.0,0.0
0,0.0,0,Low Risk,2,25.0,Mobile,1,10.0,Cash on Delivery,Female,3.0,4,Fashion,3,Married,4,0,12.0,3.0,,3.0,256.16,14,Champions,0.1538461538461538,256.16,0.1153846153846153
0,0.0,0,Low Risk,3,0.0,Computer,3,6.0,E wallet,Male,3.0,3,Laptop & Accessory,4,Married,1,1,13.0,0.0,1.0,4.0,163.49,7,Hibernating,3.0,81.745,4.0
0,0.0,0,Low Risk,2,30.0,Mobile,1,8.0,Debit Card,Female,3.0,4,Mobile Phone,5,Married,4,0,23.0,1.0,2.0,1.0,145.66,8,Recent Customers,0.1290322580645161,48.553333333333335,0.032258064516129
0,0.0,0,Low Risk,2,1.0,Mobile,1,14.0,UPI,Male,4.0,2,Mobile Phone,5,Single,2,0,13.0,1.0,2.0,8.0,160.78,7,Loyal,1.0,53.59333333333333,4.0
0,0.0,0,Low Risk,2,23.0,Mobile,1,6.0,Credit Card,Male,3.0,3,Grocery,2,Married,10,0,22.0,,1.0,3.0,273.99,10,Hibernating,0.125,136.995,0.125
1,1.0,1,High Risk,2,3.0,Mobile,1,30.0,Credit Card,Male,4.0,4,Mobile Phone,5,Single,2,0,14.0,1.0,2.0,4.0,164.04,9,Loyal,1.0,54.68,1.0
0,0.0,0,Low Risk,2,9.0,Mobile,1,13.0,UPI,Male,3.0,3,Mobile Phone,1,Single,3,0,18.0,1.0,1.0,1.0,146.78,7,Recent Customers,0.3,73.39,0.1
0,0.0,0,Low Risk,2,9.0,Mobile,1,11.0,Debit Card,Female,2.0,3,Fashion,5,Married,5,0,12.0,1.0,1.0,2.0,180.08,10,Recent Customers,0.3,90.04,0.2
0,0.0,0,Low Risk,0,12.0,Mobile,1,19.0,Credit Card,Female,3.0,4,Grocery,4,Married,7,1,13.0,,15.0,2.0,271.23,14,Champions,0.3076923076923077,16.951875,0.1538461538461538
0,0.0,0,Low Risk,1,26.0,Mobile,3,10.0,E wallet,Male,3.0,5,Grocery,5,Married,3,0,,2.0,2.0,17.0,293.56,10,Champions,0.1851851851851851,97.85333333333334,0.6296296296296297
0,0.0,0,Low Risk,2,16.0,Computer,1,35.0,Cash on Delivery,Female,3.0,5,Laptop & Accessory,2,Divorced,2,0,12.0,1.0,2.0,5.0,170.23,8,Loyal,0.2941176470588235,56.74333333333333,0.2941176470588235
0,0.0,0,Low Risk,0,13.0,Computer,1,7.0,Debit Card,Male,3.0,4,Others,3,Married,3,1,,1.0,2.0,7.0,316.97,11,Champions,0.2857142857142857,105.65666666666668,0.5
1,1.0,1,High Risk,0,,Mobile,1,6.0,Debit Card,Female,3.0,5,Mobile,4,Single,8,1,13.0,1.0,3.0,7.0,122.16,7,At Risk,5.0,30.54,7.0
0,0.0,0,Low Risk,2,15.0,Computer,1,14.0,Debit Card,Male,3.0,3,Others,1,Married,2,0,13.0,,14.0,9.0,284.3,11,Champions,0.1875,18.953333333333333,0.5625
0,0.0,0,Low Risk,2,13.0,Mobile,1,26.0,Cash on Delivery,Male,3.0,3,Fashion,2,Divorced,5,0,20.0,4.0,11.0,1.0,203.22,14,Champions,0.2142857142857142,16.935,0.0714285714285714
0,0.0,0,Low Risk,0,7.0,Mobile,1,7.0,UPI,Male,4.0,5,Mobile Phone,5,Single,5,1,12.0,1.0,2.0,3.0,152.99,8,Hibernating,0.625,50.99666666666667,0.375
1,1.0,1,High Risk,0,1.0,Computer,2,30.0,UPI,Female,3.0,4,Fashion,5,Married,11,1,16.0,2.0,2.0,,224.5,14,Champions,2.0,74.83333333333333,
0,0.0,0,Low Risk,2,6.0,Mobile,1,,Credit Card,Female,2.0,4,Mobile,4,Divorced,7,0,21.0,0.0,1.0,1.0,126.22,6,Recent Customers,0.5714285714285714,63.11,0.1428571428571428
0,0.0,0,Low Risk,2,,Mobile,1,26.0,Credit Card,Male,2.0,3,Mobile,3,Married,5,0,17.0,1.0,1.0,0.0,122.59,7,Recent Customers,3.0,61.295,0.0
0,0.0,0,Low Risk,2,18.0,Computer,1,31.0,Credit Card,Male,3.0,6,Mobile Phone,3,Single,4,0,15.0,1.0,2.0,5.0,162.08,8,Loyal,0.3157894736842105,54.02666666666667,0.2631578947368421
0,0.0,0,Low Risk,2,25.0,Mobile,1,10.0,Credit Card,Female,4.0,4,Grocery,4,Single,5,0,19.0,,2.0,1.0,262.34,14,Champions,0.1538461538461538,87.44666666666666,0.0384615384615384
0,0.0,0,Low Risk,2,28.0,Computer,1,8.0,Credit Card,Male,2.0,4,Grocery,5,Single,8,0,15.0,,6.0,2.0,267.56,14,Champions,0.1379310344827586,38.22285714285714,0.0689655172413793
0,0.0,0,Low Risk,2,3.0,Mobile,1,35.0,Credit Card,Female,4.0,5,Mobile Phone,5,Single,3,0,15.0,1.0,2.0,5.0,162.85,8,Loyal,1.25,54.28333333333333,1.25
0,0.0,0,Low Risk,2,5.0,Mobile,1,6.0,Debit Card,Male,3.0,3,Laptop & Accessory,4,Married,2,0,17.0,1.0,1.0,9.0,162.2,6,Hibernating,0.5,81.1,1.5
0,0.0,0,Low Risk,2,6.0,Mobile,1,9.0,Credit Card,Female,4.0,3,Laptop & Accessory,2,Single,9,0,17.0,2.0,2.0,8.0,175.55,8,Loyal,0.4285714285714285,58.51666666666667,1.1428571428571428
0,0.0,0,Low Risk,1,30.0,Mobile,3,16.0,Credit Card,Male,2.0,3,Grocery,3,Single,1,0,13.0,0.0,,8.0,238.72000000000003,12,Champions,0.0967741935483871,238.72000000000003,0.2580645161290322
0,0.0,0,Low Risk,2,2.0,Mobile,1,9.0,Credit Card,Male,3.0,4,Fashion,3,Divorced,2,0,18.0,1.0,1.0,,219.35,12,Recent Customers,1.3333333333333333,109.675,
0,0.0,0,Low Risk,2,0.0,Mobile,1,5.0,Debit Card,Male,,4,Mobile,3,Single,2,0,12.0,0.0,1.0,2.0,130.33,6,Recent Customers,4.0,65.165,2.0
1,1.0,1,High Risk,0,0.0,Computer,1,13.0,Debit Card,Male,3.0,5,Laptop & Accessory,3,Single,2,1,24.0,1.0,1.0,6.0,160.74,7,Hibernating,5.0,80.37,6.0
0,0.0,0,Low Risk,2,,Mobile,1,7.0,Credit Card,Female,2.0,3,Mobile,4,Single,2,0,18.0,1.0,2.0,1.0,120.96,7,Recent Customers,3.0,40.32,1.0
0,0.0,0,Low Risk,2,29.0,Computer,1,15.0,Credit Card,Female,,3,Mobile,3,Married,3,0,19.0,1.0,1.0,3.0,129.42,5,Hibernating,0.1,64.71,0.1
0,0.0,0,Low Risk,2,21.0,Mobile,1,32.0,Credit Card,Male,3.0,4,Fashion,3,Single,4,0,24.0,10.0,13.0,,211.33,15,Champions,0.1818181818181818,15.095,
1,1.0,1,High Risk,1,1.0,Mobile,3,7.0,Debit Card,Male,4.0,5,Laptop & Accessory,5,Married,3,0,12.0,4.0,7.0,,222.14,15,Champions,2.5,27.7675,
0,0.0,0,Low Risk,2,4.0,Mobile,1,14.0,Debit Card,Female,3.0,3,Laptop & Accessory,1,Single,2,0,23.0,1.0,1.0,8.0,144.24,4,Hibernating,0.6,72.12,1.6
1,1.0,1,High Risk,0,,Computer,1,31.0,Debit Card,Female,3.0,3,Mobile,4,Married,2,1,19.0,0.0,7.0,8.0,120.22,7,At Risk,3.0,15.0275,8.0
0,0.0,0,Low Risk,2,,Computer,1,15.0,Credit Card,Male,2.0,3,Mobile,4,Married,7,0,18.0,2.0,2.0,2.0,120.24,7,Recent Customers,3.0,40.08,2.0
0,0.0,0,Low Risk,1,13.0,Computer,3,28.0,Debit Card,Female,3.0,6,Laptop & Accessory,3,Married,8,0,20.0,1.0,2.0,3.0,182.36,10,Loyal,0.4285714285714285,60.78666666666667,0.2142857142857142
1,0.4972591698169708,1,Medium Risk,0,20.0,Computer,1,,Debit Card,Male,2.0,4,Mobile,1,Married,10,1,14.0,1.0,1.0,0.0,123.8,7,Recent Customers,0.1904761904761904,61.9,0.0
0,0.0,0,Low Risk,2,9.0,Computer,1,25.0,Debit Card,Male,3.0,4,Fashion,2,Single,4,0,12.0,1.0,3.0,,218.62,14,Champions,0.4,54.655,
0,0.0,0,Low Risk,0,10.0,Mobile,1,10.0,Debit Card,Male,,3,Mobile,3,Divorced,8,1,15.0,1.0,1.0,3.0,129.96,5,Hibernating,0.2727272727272727,64.98,0.2727272727272727
0,0.0,0,Low Risk,1,12.0,Mobile,3,23.0,Debit Card,Female,3.0,4,Laptop & Accessory,4,Single,4,0,13.0,1.0,2.0,3.0,166.98,9,Loyal,0.3076923076923077,55.66,0.2307692307692307
0,0.0,0,Low Risk,0,7.0,Computer,1,10.0,Debit Card,Female,3.0,4,Mobile Phone,3,Married,3,1,12.0,3.0,4.0,1.0,154.09,12,Loyal,0.5,30.818,0.125
1,1.0,1,High Risk,0,1.0,Computer,1,9.0,Debit Card,Male,4.0,4,Mobile Phone,1,Divorced,8,1,14.0,3.0,3.0,3.0,162.22,10,Loyal,2.0,40.555,1.5
0,0.0,0,Low Risk,2,,Mobile,1,6.0,Credit Card,Female,3.0,3,Mobile,2,Married,4,0,14.0,0.0,1.0,2.0,122.7,6,Recent Customers,3.0,61.35,2.0
0,0.0,0,Low Risk,1,14.0,Computer,3,16.0,Debit Card,Male,2.0,3,Laptop & Accessory,1,Single,8,0,14.0,0.0,1.0,10.0,162.3,6,Hibernating,0.2,81.15,0.6666666666666666
0,0.0,0,Low Risk,0,28.0,Computer,1,24.0,Credit Card,Male,3.0,3,Laptop & Accessory,4,Married,4,1,14.0,2.0,6.0,7.0,163.85,10,Loyal,0.1034482758620689,23.40714285714285,0.2413793103448276
0,0.0,0,Low Risk,2,8.0,Mobile,1,15.0,Debit Card,Male,3.0,4,Laptop & Accessory,4,Single,10,0,19.0,1.0,1.0,0.0,165.4,10,Recent Customers,0.4444444444444444,82.7,0.0
0,0.0,0,Low Risk,0,31.0,Computer,1,22.0,Debit Card,Male,3.0,4,Grocery,3,Married,4,1,15.0,,3.0,3.0,282.87,12,Champions,0.125,70.7175,0.09375
0,0.0,0,Low Risk,0,11.0,Mobile,1,6.0,Debit Card,Female,2.0,3,Fashion,3,Single,5,1,14.0,0.0,1.0,0.0,178.61,11,Recent Customers,0.25,89.305,0.0
0,0.0,0,Low Risk,2,3.0,Mobile,1,11.0,Cash on Delivery,Female,4.0,5,Mobile Phone,5,Married,3,0,14.0,1.0,2.0,1.0,146.09,8,Recent Customers,1.25,48.696666666666665,0.25
0,0.0,0,Low Risk,2,,Mobile,1,13.0,Debit Card,Male,3.0,3,Mobile,4,Single,3,0,11.0,0.0,1.0,3.0,120.13,5,Hibernating,3.0,60.065,3.0
1,0.7911449074745178,1,High Risk,2,15.0,Mobile,1,14.0,Credit Card,Male,2.0,4,Laptop & Accessory,4,Divorced,3,0,15.0,7.0,7.0,7.0,149.41,9,At Risk,0.25,18.67625,0.4375
0,0.0,0,Low Risk,2,3.0,Mobile,1,22.0,Debit Card,Male,3.0,4,Mobile Phone,2,Single,3,0,20.0,1.0,2.0,6.0,148.4,6,Hibernating,1.0,49.46666666666667,1.5
0,0.0,0,Low Risk,2,15.0,Computer,1,27.0,Credit Card,Female,2.0,3,Laptop & Accessory,3,Married,3,0,16.0,0.0,1.0,2.0,152.65,7,Recent Customers,0.1875,76.325,0.125
0,0.0,0,Low Risk,1,4.0,Mobile,3,9.0,Cash on Delivery,Male,4.0,4,Mobile Phone,4,Married,3,0,19.0,2.0,2.0,1.0,149.76,9,Hibernating,0.8,49.92,0.2
0,0.0,0,Low Risk,2,3.0,Computer,1,17.0,Debit Card,Female,4.0,4,Mobile Phone,4,Married,2,0,15.0,2.0,2.0,2.0,157.91,10,Loyal,1.0,52.63666666666666,0.5
0,0.0,0,Low Risk,2,16.0,Mobile,1,11.0,Cash on Delivery,Male,3.0,4,Others,2,Divorced,3,0,,1.0,12.0,16.0,317.32,11,Champions,0.2352941176470588,24.409230769230767,0.9411764705882352
0,0.0,0,Low Risk,0,8.0,Mobile,1,27.0,Debit Card,Female,2.0,3,Laptop & Accessory,1,Married,2,1,25.0,0.0,1.0,7.0,140.14,4,Hibernating,0.3333333333333333,70.07,0.7777777777777778
1,1.0,1,High Risk,0,1.0,Computer,1,9.0,Debit Card,Male,3.0,4,Mobile Phone,5,Married,8,1,15.0,1.0,2.0,3.0,145.42,7,Hibernating,2.0,48.47333333333333,1.5
0,0.0,0,Low Risk,2,24.0,Mobile,1,14.0,Debit Card,Male,2.0,4,Fashion,4,Divorced,6,0,16.0,1.0,4.0,,224.9,14,Champions,0.16,44.98,
1,1.0,1,High Risk,2,1.0,Computer,1,36.0,Credit Card,Male,4.0,5,Mobile Phone,4,Single,2,0,12.0,2.0,2.0,5.0,159.79,8,Loyal,2.5,53.26333333333333,2.5
1,1.0,1,High Risk,0,,Mobile,1,12.0,Debit Card,Male,3.0,1,Mobile Phone,5,Divorced,2,1,21.0,1.0,1.0,0.0,116.01,7,Recent Customers,1.0,58.005,0.0
1,1.0,1,High Risk,3,1.0,Computer,3,26.0,E wallet,Male,4.0,3,Laptop & Accessory,2,Single,10,1,14.0,2.0,2.0,5.0,178.04,9,Loyal,1.5,59.34666666666666,2.5
0,0.0,0,Low Risk,2,14.0,Mobile,1,8.0,Debit Card,Male,3.0,4,Mobile Phone,1,Married,10,0,20.0,2.0,2.0,1.0,149.06,8,Recent Customers,0.2666666666666666,49.68666666666667,0.0666666666666666
0,0.0,0,Low Risk,2,,Mobile,1,6.0,Debit Card,Female,2.0,3,Mobile,2,Single,2,0,12.0,1.0,5.0,7.0,121.15,7,At Risk,3.0,20.191666666666663,7.0
0,0.0,0,Low Risk,2,4.0,Mobile,2,7.0,Debit Card,Male,3.0,4,Mobile Phone,3,Married,2,0,22.0,1.0,2.0,4.0,145.64,7,Hibernating,0.8,48.54666666666666,0.8
0,0.0,0,Low Risk,1,2.0,Mobile,3,,Debit Card,Male,3.0,3,Mobile,3,Single,2,0,11.0,1.0,1.0,0.0,126.42,7,Recent Customers,1.0,63.21,0.0
0,0.0,0,Low Risk,2,0.0,Mobile,1,14.0,Credit Card,Female,3.0,3,Mobile,1,Single,2,0,11.0,1.0,1.0,4.0,134.45,4,Hibernating,3.0,67.225,4.0
0,0.0,0,Low Risk,2,27.0,Mobile,1,14.0,Credit Card,Female,3.0,4,Others,3,Married,5,0,,5.0,5.0,8.0,311.06,11,Champions,0.1428571428571428,51.84333333333333,0.2857142857142857
1,1.0,1,High Risk,0,20.0,Mobile,1,8.0,Debit Card,Male,2.0,3,Others,4,Single,8,1,,5.0,13.0,8.0,292.46,12,Champions,0.1428571428571428,20.89,0.3809523809523809
0,0.0,0,Low Risk,2,2.0,Computer,1,6.0,Cash on Delivery,Male,2.0,3,Laptop & Accessory,3,Divorced,2,0,13.0,0.0,1.0,9.0,143.19,4,Hibernating,1.0,71.595,3.0
0,0.0,0,Low Risk,0,18.0,Mobile,1,10.0,UPI,Male,3.0,4,Others,2,Divorced,6,1,,2.0,2.0,2.0,320.13,13,Champions,0.2105263157894736,106.71,0.1052631578947368
0,0.0,0,Low Risk,1,3.0,Mobile,3,11.0,Debit Card,Female,2.0,3,Fashion,2,Divorced,3,0,12.0,2.0,7.0,4.0,194.19,12,Champions,0.75,24.27375,1.0
0,0.0,0,Low Risk,2,27.0,Mobile,1,14.0,Debit Card,Female,2.0,3,Laptop & Accessory,3,Single,8,0,11.0,1.0,1.0,0.0,137.8,7,Recent Customers,0.1071428571428571,68.9,0.0
0,0.0,0,Low Risk,1,7.0,Mobile,3,15.0,Debit Card,Male,3.0,4,Laptop & Accessory,5,Married,4,0,14.0,3.0,3.0,3.0,188.92,11,Champions,0.5,47.23,0.375
0,0.0,0,Low Risk,0,29.0,Computer,1,15.0,Credit Card,Male,3.0,5,Grocery,4,Married,3,1,16.0,3.0,16.0,1.0,260.77,15,Champions,0.1666666666666666,15.33941176470588,0.0333333333333333
0,0.0,0,Low Risk,1,8.0,Computer,3,9.0,E wallet,Female,4.0,4,Mobile Phone,3,Married,8,0,19.0,1.0,2.0,3.0,147.31,7,Hibernating,0.4444444444444444,49.10333333333333,0.3333333333333333
0,0.0,0,Low Risk,2,22.0,Mobile,1,10.0,Credit Card,Male,2.0,4,Others,3,Divorced,3,0,13.0,,1.0,0.0,287.11,12,Recent Customers,0.1739130434782608,143.555,0.0
0,0.0,0,Low Risk,2,13.0,Mobile,1,8.0,Debit Card,Male,,4,Mobile,3,Single,3,0,14.0,0.0,2.0,2.0,128.09,7,Recent Customers,0.2857142857142857,42.696666666666665,0.1428571428571428
0,0.0,0,Low Risk,2,6.0,Computer,1,36.0,Credit Card,Female,4.0,4,Mobile Phone,3,Single,11,0,13.0,6.0,8.0,8.0,165.25,10,Loyal,0.5714285714285714,18.36111111111111,1.1428571428571428
0,0.0,0,Low Risk,2,1.0,Mobile,1,11.0,Credit Card,Female,3.0,4,Mobile Phone,4,Single,3,0,14.0,2.0,2.0,3.0,157.95,9,Loyal,2.0,52.65,1.5
0,0.0,0,Low Risk,1,8.0,Mobile,3,16.0,Debit Card,Female,4.0,4,Laptop & Accessory,3,Married,3,0,21.0,1.0,2.0,4.0,182.14,10,Loyal,0.4444444444444444,60.71333333333333,0.4444444444444444
0,0.0,0,Low Risk,1,8.0,Mobile,3,10.0,UPI,Male,3.0,6,Laptop & Accessory,5,Single,5,0,19.0,3.0,4.0,13.0,172.59,8,Loyal,0.6666666666666666,34.518,1.4444444444444444
1,1.0,1,High Risk,1,0.0,Mobile,3,16.0,Credit Card,Male,2.0,4,Fashion,5,Married,10,0,17.0,4.0,6.0,0.0,203.06,14,Champions,4.0,29.00857142857143,0.0
0,0.0,0,Low Risk,2,10.0,Mobile,1,14.0,Debit Card,Male,4.0,4,Mobile Phone,4,Single,4,0,12.0,1.0,2.0,4.0,145.13,7,Hibernating,0.3636363636363636,48.376666666666665,0.3636363636363636
0,0.0,0,Low Risk,2,3.0,Mobile,1,16.0,Credit Card,Female,3.0,3,Fashion,3,Single,10,0,14.0,0.0,1.0,2.0,196.67,10,Recent Customers,0.75,98.335,0.5
0,0.0,0,Low Risk,0,29.0,Mobile,1,9.0,Debit Card,Female,4.0,4,Grocery,2,Single,4,1,14.0,,2.0,3.0,291.59,12,Champions,0.1333333333333333,97.19666666666666,0.1
1,1.0,1,High Risk,1,1.0,Mobile,3,34.0,E wallet,Female,3.0,4,Fashion,1,Married,3,0,23.0,1.0,2.0,10.0,201.39,9,Champions,2.0,67.13,5.0
0,0.0,0,Low Risk,1,14.0,Mobile,3,33.0,E wallet,Male,4.0,4,Laptop & Accessory,5,Divorced,3,0,15.0,6.0,8.0,6.0,208.96,12,Champions,0.2666666666666666,23.21777777777778,0.4
0,0.0,0,Low Risk,1,14.0,Mobile,3,33.0,E wallet,Male,4.0,4,Laptop & Accessory,5,Married,3,0,15.0,4.0,8.0,6.0,208.96,12,Champions,0.2666666666666666,23.21777777777778,0.4
0,0.0,0,Low Risk,2,11.0,Mobile,1,7.0,Debit Card,Female,4.0,4,Laptop & Accessory,4,Married,8,0,13.0,5.0,5.0,4.0,189.47,11,Champions,0.3333333333333333,31.578333333333333,0.3333333333333333
0,0.0,0,Low Risk,0,5.0,Mobile,1,9.0,Debit Card,Male,3.0,4,Mobile Phone,1,Married,2,1,19.0,3.0,3.0,3.0,151.95,9,Hibernating,0.6666666666666666,37.9875,0.5
0,0.0,0,Low Risk,2,30.0,Mobile,1,7.0,Debit Card,Male,3.0,1,Laptop & Accessory,3,Married,1,0,24.0,1.0,2.0,8.0,149.0,5,Hibernating,0.032258064516129,49.66666666666666,0.2580645161290322
1,1.0,1,High Risk,1,1.0,Computer,3,8.0,Debit Card,Female,3.0,6,Mobile Phone,3,Single,3,0,13.0,1.0,2.0,1.0,138.59,7,Recent Customers,3.0,46.196666666666665,0.5
0,0.0,0,Low Risk,2,16.0,Mobile,1,14.0,Debit Card,Female,2.0,3,Laptop & Accessory,4,Married,5,0,21.0,1.0,1.0,0.0,147.65,8,Recent Customers,0.1764705882352941,73.825,0.0
0,0.0,0,Low Risk,2,0.0,Mobile,1,30.0,Credit Card,Male,2.0,3,Mobile Phone,4,Single,9,0,22.0,0.0,1.0,2.0,135.97,6,Recent Customers,3.0,67.985,2.0
0,0.0,0,Low Risk,0,5.0,Mobile,1,6.0,Credit Card,Male,2.0,3,Laptop & Accessory,1,Married,2,1,22.0,5.0,7.0,8.0,161.62,9,Loyal,0.5,20.2025,1.3333333333333333
0,0.0,0,Low Risk,2,3.0,Mobile,1,13.0,Credit Card,Female,3.0,4,Mobile Phone,2,Divorced,3,0,14.0,1.0,2.0,9.0,156.31,7,Loyal,1.0,52.10333333333333,2.25
0,0.0,0,Low Risk,3,20.0,Computer,3,12.0,E wallet,Male,4.0,4,Laptop & Accessory,1,Single,6,1,22.0,2.0,2.0,9.0,182.72,8,Loyal,0.1904761904761904,60.906666666666666,0.4285714285714285
0,0.0,0,Low Risk,1,11.0,Mobile,3,16.0,E wallet,Male,3.0,5,Laptop & Accessory,4,Married,3,0,15.0,2.0,2.0,4.0,166.89,9,Loyal,0.4166666666666667,55.63,0.3333333333333333
0,0.0,0,Low Risk,2,,Mobile,1,8.0,Cash on Delivery,Male,2.0,3,Mobile,4,Married,2,0,11.0,1.0,1.0,2.0,122.26,6,Recent Customers,3.0,61.13,2.0
0,0.0,0,Low Risk,2,9.0,Mobile,1,,Credit Card,Male,3.0,3,Mobile,3,Single,5,0,21.0,2.0,3.0,9.0,125.19,6,At Risk,0.3,31.2975,0.9
0,0.0,0,Low Risk,2,14.0,Mobile,1,9.0,Debit Card,Male,1.0,5,Mobile Phone,3,Single,4,0,15.0,1.0,3.0,3.0,153.09,9,Hibernating,0.3333333333333333,38.2725,0.2
0,0.0,0,Low Risk,2,17.0,Mobile,1,10.0,Credit Card,Male,2.0,3,Laptop & Accessory,4,Single,10,0,12.0,1.0,2.0,3.0,159.33,9,Loyal,0.1666666666666666,53.11000000000001,0.1666666666666666
0,0.0,0,Low Risk,2,18.0,Mobile,1,9.0,Debit Card,Female,4.0,2,Mobile Phone,2,Divorced,3,0,14.0,7.0,8.0,8.0,145.11,9,At Risk,0.1052631578947368,16.123333333333335,0.4210526315789473
0,0.0,0,Low Risk,2,15.0,Mobile,1,15.0,UPI,Male,3.0,4,Others,1,Single,9,0,,1.0,1.0,1.0,296.13,11,Recent Customers,0.25,148.065,0.0625
0,0.0,0,Low Risk,2,8.0,Mobile,2,14.0,Cash on Delivery,Male,3.0,3,Mobile Phone,3,Single,2,0,17.0,0.0,1.0,4.0,143.23,5,Hibernating,0.3333333333333333,71.615,0.4444444444444444
0,0.0,0,Low Risk,0,14.0,Mobile,1,17.0,Debit Card,Female,3.0,3,Mobile Phone,3,Divorced,5,1,14.0,1.0,2.0,8.0,147.13,5,Hibernating,0.2,49.04333333333333,0.5333333333333333
0,0.0,0,Low Risk,1,11.0,Mobile,3,22.0,Debit Card,Female,2.0,3,Laptop & Accessory,4,Single,3,0,12.0,1.0,1.0,2.0,141.98,7,Recent Customers,0.25,70.99,0.1666666666666666
0,0.0,0,Low Risk,2,0.0,Mobile,1,8.0,Credit Card,Male,3.0,1,Mobile,5,Single,8,0,13.0,0.0,1.0,1.0,134.24,6,Recent Customers,1.0,67.12,1.0
0,0.0,0,Low Risk,1,29.0,Mobile,3,7.0,Debit Card,Male,4.0,4,Fashion,1,Married,5,0,15.0,1.0,2.0,,227.39,14,Champions,0.1333333333333333,75.79666666666667,
0,0.0,0,Low Risk,2,3.0,Mobile,1,36.0,Debit Card,Male,4.0,6,Laptop & Accessory,3,Married,10,0,18.0,1.0,2.0,7.0,188.84,9,Loyal,1.5,62.946666666666665,1.75
0,0.0,0,Low Risk,1,29.0,Mobile,3,17.0,E wallet,Female,2.0,4,Laptop & Accessory,5,Married,5,0,16.0,0.0,1.0,0.0,153.8,10,Recent Customers,0.1333333333333333,76.9,0.0
0,0.0,0,Low Risk,0,29.0,Mobile,1,27.0,Cash on Delivery,Male,3.0,4,Laptop & Accessory,2,Divorced,5,1,20.0,2.0,2.0,9.0,179.15,8,Loyal,0.1333333333333333,59.71666666666667,0.3
1,1.0,1,High Risk,2,1.0,Computer,2,15.0,UPI,Female,4.0,5,Mobile Phone,1,Married,8,0,12.0,2.0,2.0,3.0,146.8,7,Hibernating,2.5,48.93333333333334,1.5
0,0.0,0,Low Risk,2,10.0,Mobile,1,16.0,Credit Card,Female,3.0,3,Mobile Phone,4,Married,2,0,11.0,1.0,7.0,7.0,139.36,8,At Risk,0.2727272727272727,17.42,0.6363636363636364
0,0.0,0,Low Risk,2,3.0,Mobile,1,28.0,Debit Card,Female,3.0,2,Fashion,5,Married,3,0,12.0,7.0,9.0,,224.8,15,Champions,0.5,22.48,
0,0.0,0,Low Risk,2,,Computer,1,9.0,Debit Card,Male,2.0,3,Mobile,1,Married,5,0,15.0,1.0,1.0,4.0,120.97,4,Hibernating,3.0,60.485,4.0
0,0.0,0,Low Risk,2,27.0,Computer,1,17.0,Credit Card,Female,2.0,3,Grocery,1,Married,4,0,20.0,1.0,,12.0,260.32,11,Champions,0.1071428571428571,260.32,0.4285714285714285
0,0.0,0,Low Risk,2,12.0,Mobile,1,11.0,Credit Card,Female,3.0,4,Mobile Phone,3,Married,9,0,20.0,1.0,2.0,1.0,158.06,11,Loyal,0.3076923076923077,52.68666666666667,0.0769230769230769
0,0.0,0,Low Risk,2,2.0,Mobile,1,7.0,Debit Card,Female,2.0,4,Grocery,1,Married,4,0,14.0,,1.0,7.0,261.24,9,Hibernating,1.3333333333333333,130.62,2.333333333333333
0,0.0,0,Low Risk,2,,Mobile,1,8.0,Debit Card,Female,3.0,4,Mobile,3,Single,2,0,14.0,1.0,1.0,0.0,122.74,7,Recent Customers,4.0,61.37,0.0
0,0.0,0,Low Risk,0,18.0,Computer,1,9.0,Credit Card,Male,3.0,4,Fashion,3,Single,7,1,19.0,1.0,3.0,,227.09,14,Champions,0.2105263157894736,56.7725,
0,0.0,0,Low Risk,2,1.0,Computer,1,7.0,Cash on Delivery,Male,3.0,5,Laptop & Accessory,5,Divorced,7,0,20.0,1.0,3.0,1.0,167.98,12,Loyal,2.5,41.995,0.5
0,0.0,0,Low Risk,3,11.0,Mobile,3,9.0,E wallet,Male,4.0,4,Laptop & Accessory,3,Divorced,6,1,12.0,1.0,2.0,,221.02,14,Champions,0.3333333333333333,73.67333333333333,
1,1.0,1,High Risk,1,1.0,Computer,3,9.0,Debit Card,Female,3.0,5,Mobile Phone,2,Single,9,0,15.0,1.0,2.0,1.0,152.85,10,Hibernating,2.5,50.95,0.5
0,0.0,0,Low Risk,1,4.0,Mobile,3,15.0,UPI,Male,4.0,4,Fashion,3,Married,7,0,12.0,5.0,8.0,8.0,197.64,11,Champions,0.8,21.96,1.6
1,1.0,1,High Risk,0,0.0,Mobile,1,6.0,Debit Card,Male,3.0,4,Mobile Phone,3,Single,1,1,14.0,0.0,1.0,2.0,137.3,6,Recent Customers,4.0,68.65,2.0
0,0.0,0,Low Risk,1,3.0,Computer,3,9.0,Debit Card,Male,4.0,4,Laptop & Accessory,3,Married,3,0,15.0,2.0,2.0,3.0,171.49,9,Loyal,1.0,57.16333333333333,0.75
0,0.0,0,Low Risk,2,10.0,Mobile,1,9.0,UPI,Male,2.0,3,Fashion,3,Divorced,2,0,15.0,6.0,7.0,8.0,194.34,11,Champions,0.2727272727272727,24.2925,0.7272727272727273
1,1.0,1,High Risk,0,0.0,Computer,2,23.0,Debit Card,Female,,3,Mobile,3,Married,1,1,11.0,0.0,1.0,0.0,127.41,7,Recent Customers,3.0,63.705,0.0
0,0.0,0,Low Risk,2,20.0,Mobile,1,6.0,Cash on Delivery,Male,3.0,3,Mobile,2,Divorced,8,0,12.0,1.0,1.0,2.0,134.2,6,Recent Customers,0.1428571428571428,67.1,0.0952380952380952
0,0.0,0,Low Risk,2,15.0,Mobile,1,8.0,Debit Card,Male,4.0,4,Mobile Phone,1,Married,5,0,23.0,1.0,2.0,1.0,152.82,10,Hibernating,0.25,50.94,0.0625
0,0.0,0,Low Risk,2,12.0,Mobile,1,32.0,Debit Card,Female,3.0,5,Fashion,4,Married,5,0,18.0,1.0,,2.0,245.61,14,Champions,0.3846153846153846,245.61,0.1538461538461538
0,0.0,0,Low Risk,2,18.0,Computer,1,10.0,Debit Card,Male,2.0,3,Laptop & Accessory,4,Married,2,0,12.0,1.0,1.0,8.0,144.47,4,Hibernating,0.1578947368421052,72.235,0.4210526315789473
0,0.0,0,Low Risk,0,8.0,Computer,1,17.0,Credit Card,Male,3.0,4,Mobile Phone,3,Married,3,1,18.0,3.0,3.0,1.0,163.15,12,Loyal,0.4444444444444444,40.7875,0.1111111111111111
0,0.0,0,Low Risk,0,18.0,Mobile,1,11.0,Credit Card,Female,2.0,5,Laptop & Accessory,5,Single,2,1,14.0,0.0,1.0,4.0,157.69,7,Hibernating,0.2631578947368421,78.845,0.2105263157894736
0,0.0,0,Low Risk,0,3.0,Mobile,1,14.0,Debit Card,Male,3.0,4,Laptop & Accessory,1,Married,3,1,12.0,2.0,2.0,1.0,191.23,12,Loyal,1.0,63.74333333333333,0.25
0,0.0,0,Low Risk,2,7.0,Mobile,2,9.0,UPI,Male,2.0,3,Mobile Phone,1,Married,1,0,19.0,1.0,1.0,2.0,137.37,6,Recent Customers,0.375,68.685,0.25
0,0.0,0,Low Risk,1,9.0,Mobile,3,9.0,Credit Card,Female,3.0,4,Fashion,1,Married,1,0,19.0,3.0,3.0,4.0,176.44,11,Champions,0.4,44.11,0.4
